Month,Game,Region,Active_Players,Revenue_USD,Avg_Playtime_Min,Retention_Percent,Matches_Played,InGame_Purchases,New_Users,Churn_Rate_Percent,Esports_Events
Jan-2024,PUBG,NA,4144219,1968261,309,46,7051778,440822,267322,15.69,3
Jan-2024,PUBG,NA,4043452,2007961,285,53,9723911,276853,219991,8.76,1
Jan-2024,PUBG,NA,4071000,2016217,299,51,7338085,473000,263136,24.33,1
Jan-2024,PUBG,NA,4040273,1853111,275,47,7940517,440385,198467,14.11,5
Jan-2024,PUBG,NA,3958046,2088441,269,49,6628402,286506,188554,7.22,3
Jan-2024,PUBG,NA,4065066,1787209,279,49,6170176,307701,209473,9.11,2
Jan-2024,PUBG,NA,4144080,1990408,282,43,6424364,476738,150564,11.42,3
Jan-2024,PUBG,NA,3794163,1978539,280,49,7459891,327865,184715,14.97,1
Jan-2024,PUBG,NA,4378006,2037188,276,50,7435690,375245,185064,13.73,1
Jan-2024,PUBG,NA,4002074,2008664,289,50,8268417,343854,292314,19.14,0
Jan-2024,PUBG,NA,4180711,1787005,277,48,10124409,334803,260976,15.35,3
Jan-2024,PUBG,NA,3633527,1674046,277,46,9062347,505218,133061,23.19,3
Jan-2024,PUBG,NA,3985025,2250190,295,47,9403900,431838,145349,16.77,3
Jan-2024,PUBG,NA,4328135,1810393,297,42,8795747,264861,246993,11.69,3
Jan-2024,PUBG,NA,4243229,1789569,289,48,6908674,504519,234141,8.97,2
Jan-2024,PUBG,NA,3766947,1906816,308,53,7113618,363861,175267,23.58,5
Jan-2024,PUBG,NA,4322133,1908666,302,51,7148186,229026,170799,8.92,2
Jan-2024,PUBG,NA,4058115,2005928,276,48,6543460,411804,211343,7.99,0
Jan-2024,PUBG,NA,3768475,1998314,275,53,8145813,414050,174836,17.26,5
Jan-2024,PUBG,NA,4264321,2069643,271,48,9036217,485570,214881,24.19,2
Jan-2024,PUBG,EU,4144626,2080302,279,48,7386366,511649,264850,13.19,5
Jan-2024,PUBG,EU,3938881,1749716,305,49,6697254,403419,80082,15.53,3
Jan-2024,PUBG,EU,4329449,1987620,310,53,9437855,512615,128278,23.22,3
Jan-2024,PUBG,EU,3949351,2151869,278,46,6995680,208471,203366,20.98,4
Jan-2024,PUBG,EU,4060646,1930612,284,49,8333766,521906,251952,8.83,4
Jan-2024,PUBG,EU,3778508,2078914,311,51,6017097,326892,174213,13.01,4
Jan-2024,PUBG,EU,3984293,2147786,270,56,8250242,374253,225321,23.61,4
Jan-2024,PUBG,EU,3822311,1975892,313,46,9108908,356211,200586,7.23,1
Jan-2024,PUBG,EU,3893679,1914154,294,53,7637347,489605,197912,17.52,0
Jan-2024,PUBG,EU,3989533,2017516,281,52,7467762,460461,98543,8.57,4
Jan-2024,PUBG,EU,3911798,2163173,288,47,8564044,608964,189468,18.93,0
Jan-2024,PUBG,EU,4151177,1998739,282,50,6921723,535714,274980,23.11,4
Jan-2024,PUBG,EU,4262101,1917456,291,45,7029546,380461,286009,7.0,3
Jan-2024,PUBG,EU,4013348,2012819,284,49,8546360,369405,196314,20.98,0
Jan-2024,PUBG,EU,4301983,2033206,290,49,10595202,382458,207946,24.29,2
Jan-2024,PUBG,EU,3945440,1990470,293,50,9791220,343683,152686,21.78,3
Jan-2024,PUBG,EU,3872729,2039451,290,49,7456821,250116,251443,6.31,1
Jan-2024,PUBG,EU,4200188,1971885,274,50,10084973,487408,233454,12.24,2
Jan-2024,PUBG,EU,4106018,2177694,304,47,7933820,403715,167243,12.61,0
Jan-2024,PUBG,EU,4536943,2052171,297,49,9673511,609941,197158,7.8,5
Jan-2024,PUBG,Asia,3885630,1924525,290,46,5846773,313954,155206,15.52,1
Jan-2024,PUBG,Asia,4012827,1954418,293,45,9525703,311852,184440,18.58,0
Jan-2024,PUBG,Asia,4172470,1989978,273,43,6294400,525355,167170,12.39,5
Jan-2024,PUBG,Asia,4021882,1948206,299,49,7818875,363197,156889,9.78,1
Jan-2024,PUBG,Asia,4098419,1938621,276,48,7497797,367149,248750,9.5,3
Jan-2024,PUBG,Asia,3779691,2092466,286,47,8512947,400987,184889,20.41,0
Jan-2024,PUBG,Asia,3893740,1972098,284,50,7975249,346021,155675,10.9,1
Jan-2024,PUBG,Asia,4031313,1875294,278,52,9840524,439606,228779,17.96,5
Jan-2024,PUBG,Asia,3907277,2038174,297,51,8955597,431363,164168,19.65,5
Jan-2024,PUBG,Asia,4151601,2204290,293,47,7851687,385124,248164,9.71,3
Jan-2024,PUBG,Asia,3975556,2016485,267,47,7015838,228904,184561,14.79,2
Jan-2024,PUBG,Asia,3926894,1795709,287,41,7755851,576742,141863,16.29,4
Jan-2024,PUBG,Asia,3624099,1837617,302,51,8488089,369238,102004,13.44,2
Jan-2024,PUBG,Asia,4108825,1959339,275,50,9568968,531012,169520,16.76,0
Jan-2024,PUBG,Asia,3972746,2084744,275,48,8345340,450536,139739,22.52,0
Jan-2024,PUBG,Asia,4210640,2103208,297,52,7137217,383761,206524,16.04,4
Jan-2024,PUBG,Asia,3989129,1872384,299,46,6864287,487963,211561,20.29,4
Jan-2024,PUBG,Asia,4297608,1958283,300,47,8406495,525352,242336,8.78,0
Jan-2024,PUBG,Asia,4213192,2067815,307,47,8021251,442769,174700,12.88,5
Jan-2024,PUBG,Asia,4139310,1967604,287,56,7215833,385398,200060,5.93,5
Jan-2024,PUBG,South America,4019294,2127197,258,44,8726595,402109,176086,12.18,5
Jan-2024,PUBG,South America,4138374,2045815,298,52,7207067,364120,169340,8.8,3
Jan-2024,PUBG,South America,4335492,1936140,292,49,9694351,389174,165253,14.12,4
Jan-2024,PUBG,South America,3920148,2018984,291,49,8916210,325654,170514,19.06,0
Jan-2024,PUBG,South America,3827831,2157440,276,49,6253998,357762,222629,13.78,2
Jan-2024,PUBG,South America,4103143,2084515,295,52,9006771,410855,179191,9.73,0
Jan-2024,PUBG,South America,4025494,1932721,307,42,8467157,452391,190999,10.1,0
Jan-2024,PUBG,South America,4162085,1995875,306,52,10395087,421897,216407,18.45,3
Jan-2024,PUBG,South America,4201416,1959429,290,49,9600431,520721,193961,9.27,2
Jan-2024,PUBG,South America,4186429,1986387,272,50,7246159,344608,216612,23.11,1
Jan-2024,PUBG,South America,4483904,1901956,306,48,11185054,457435,179875,21.96,5
Jan-2024,PUBG,South America,3896556,2075092,280,47,5865940,395795,184266,8.79,4
Jan-2024,PUBG,South America,4005526,1999083,288,43,9399651,464461,168428,15.53,2
Jan-2024,PUBG,South America,3596664,2074063,288,50,6035456,558138,160127,23.05,5
Jan-2024,PUBG,South America,4187496,2111438,287,46,8365980,226082,222713,8.57,2
Jan-2024,PUBG,South America,3886048,1849769,276,47,7823821,355760,167530,17.64,1
Jan-2024,PUBG,South America,3992559,1968113,298,49,7746760,485476,208643,10.91,3
Jan-2024,PUBG,South America,4098326,1832581,288,56,8401568,581878,193636,15.5,3
Jan-2024,PUBG,South America,3799028,2050193,272,50,6302930,352349,126005,20.13,5
Jan-2024,PUBG,South America,4072714,2128717,280,46,7603491,546968,247185,14.34,0
Jan-2024,PUBG,Africa,3939804,1733069,286,46,7862206,348697,230170,20.98,5
Jan-2024,PUBG,Africa,3681042,1949238,286,47,8191335,369598,202093,19.02,0
Jan-2024,PUBG,Africa,4263650,2013531,301,47,6988028,448703,186398,9.69,3
Jan-2024,PUBG,Africa,3903917,2113616,270,52,8727751,367433,164678,5.3,1
Jan-2024,PUBG,Africa,4125604,1852303,255,55,7964517,433204,179372,9.83,4
Jan-2024,PUBG,Africa,4090536,1962909,280,52,10154398,260689,135049,13.74,0
Jan-2024,PUBG,Africa,4142768,1871975,307,47,6937423,289998,217124,12.0,1
Jan-2024,PUBG,Africa,3999484,2149052,277,44,9364538,386246,255494,6.05,3
Jan-2024,PUBG,Africa,3921691,2040078,281,47,7790012,457699,134055,10.29,3
Jan-2024,PUBG,Africa,3939770,2039371,306,53,9301195,324555,196858,20.14,5
Jan-2024,PUBG,Africa,3609584,1886806,287,49,8838323,260980,126074,6.37,1
Jan-2024,PUBG,Africa,4275254,2167093,311,47,9683121,405308,139926,8.29,5
Jan-2024,PUBG,Africa,4203767,2010689,296,51,6883071,500168,182974,21.64,4
Jan-2024,PUBG,Africa,3803408,1999196,313,51,7766393,472248,199098,10.07,4
Jan-2024,PUBG,Africa,3974672,1946609,305,51,9332719,445741,315979,19.1,4
Jan-2024,PUBG,Africa,3887216,2005027,294,53,9266751,417160,191561,17.55,1
Jan-2024,PUBG,Africa,4058349,2109551,291,49,9389786,319658,130662,16.05,1
Jan-2024,PUBG,Africa,3822165,1961242,285,50,9421853,316711,212830,12.5,5
Jan-2024,PUBG,Africa,4150856,1972315,285,50,8312032,320734,157857,5.34,2
Jan-2024,PUBG,Africa,4177448,1986299,285,50,8160174,421365,187115,23.72,0
Jan-2024,PUBG,Oceania,4261226,1891790,279,46,8265455,456982,214353,24.58,5
Jan-2024,PUBG,Oceania,4327856,1772936,305,50,8534752,418976,162324,23.57,0
Jan-2024,PUBG,Oceania,4074371,2049623,278,50,8924555,540687,221245,22.23,0
Jan-2024,PUBG,Oceania,4052324,2044835,260,47,7762144,531606,159157,14.64,0
Jan-2024,PUBG,Oceania,4284520,1956596,287,46,7557860,438434,138675,17.07,2
Jan-2024,PUBG,Oceania,3811722,1930908,286,44,9038056,419790,174283,12.33,3
Jan-2024,PUBG,Oceania,4197647,2106912,285,48,6766570,285054,203964,7.74,5
Jan-2024,PUBG,Oceania,3816916,2061951,289,48,8651842,474084,250770,20.73,4
Jan-2024,PUBG,Oceania,4137833,2060205,296,55,9639923,446760,166683,17.61,4
Jan-2024,PUBG,Oceania,4134894,2067528,275,48,9800203,399828,197124,8.23,5
Jan-2024,PUBG,Oceania,4152074,2090973,319,47,9599032,348947,195463,5.62,1
Jan-2024,PUBG,Oceania,3928645,1948563,299,54,9733453,335171,240807,8.39,4
Jan-2024,PUBG,Oceania,4040072,1686146,259,48,9602796,435287,140084,19.85,3
Jan-2024,PUBG,Oceania,4179854,1943166,278,48,8429597,495568,235282,15.41,2
Jan-2024,PUBG,Oceania,3741061,2112594,285,45,9098539,482341,168938,9.48,1
Jan-2024,PUBG,Oceania,3963441,1927572,286,50,8853325,336798,208705,24.0,0
Jan-2024,PUBG,Oceania,3620159,1939802,285,51,9014704,212376,200359,10.89,3
Jan-2024,PUBG,Oceania,4082508,2062089,298,41,6849064,398208,285012,12.52,3
Jan-2024,PUBG,Oceania,4151684,2071865,287,48,9864606,365565,206212,6.8,3
Jan-2024,PUBG,Oceania,4017444,2084872,293,45,7976907,446590,180934,11.4,0
Feb-2024,PUBG,NA,4107727,2079128,307,51,8950118,424983,228615,6.79,2
Feb-2024,PUBG,NA,4303182,1932731,276,47,10497736,432240,178372,14.7,5
Feb-2024,PUBG,NA,3870505,2053509,287,49,9675991,314897,185143,11.04,4
Feb-2024,PUBG,NA,3938893,2100176,296,47,7374983,384004,258226,21.76,2
Feb-2024,PUBG,NA,3676889,2083848,276,46,8525789,446751,142321,22.09,1
Feb-2024,PUBG,NA,4008440,2113731,281,44,9901205,396334,198320,7.82,1
Feb-2024,PUBG,NA,3946950,1761706,320,46,7330672,430230,151576,21.82,3
Feb-2024,PUBG,NA,3775660,1912929,273,48,7269022,338955,207494,11.4,0
Feb-2024,PUBG,NA,4343110,1729246,295,47,7719755,357974,227176,6.34,1
Feb-2024,PUBG,NA,4298731,2005430,302,45,6777615,474076,217691,20.91,0
Feb-2024,PUBG,NA,3954018,2020217,288,50,6456089,406078,323830,11.15,5
Feb-2024,PUBG,NA,3768204,2064091,302,47,7309912,512868,165901,21.31,3
Feb-2024,PUBG,NA,3844560,2028297,288,48,6307208,388662,183001,17.29,4
Feb-2024,PUBG,NA,3929904,1856403,294,46,8617961,407507,236734,11.67,0
Feb-2024,PUBG,NA,3758595,1903988,314,47,7444131,366636,113481,23.74,4
Feb-2024,PUBG,NA,4040717,2031413,293,48,7996531,413268,241863,11.05,2
Feb-2024,PUBG,NA,4065975,2059162,290,47,7951472,315814,224919,8.47,5
Feb-2024,PUBG,NA,4083648,1950202,290,50,9843237,289055,186794,8.48,3
Feb-2024,PUBG,NA,4156318,1883213,286,52,6662968,275594,154571,11.66,2
Feb-2024,PUBG,NA,4193355,2092414,295,53,9748511,497342,149561,19.42,3
Feb-2024,PUBG,EU,4013586,1805717,292,49,7435670,489387,216174,20.38,2
Feb-2024,PUBG,EU,3998242,2116850,310,47,7091677,448891,207319,13.29,3
Feb-2024,PUBG,EU,4410272,1786244,259,49,8358034,474854,228512,14.91,0
Feb-2024,PUBG,EU,3980471,1966493,324,53,9900954,393056,135235,24.57,3
Feb-2024,PUBG,EU,4324395,1964953,270,46,7829195,404705,197134,12.56,3
Feb-2024,PUBG,EU,3612581,2011747,285,47,8115847,353979,140624,18.9,5
Feb-2024,PUBG,EU,3955219,1981889,288,45,7305206,489303,209819,20.61,3
Feb-2024,PUBG,EU,4317043,2161198,256,46,8684590,388128,234291,22.87,2
Feb-2024,PUBG,EU,4008891,2113670,288,59,7811061,370931,190411,15.06,0
Feb-2024,PUBG,EU,4162044,1773428,307,47,10042539,417930,203943,22.66,5
Feb-2024,PUBG,EU,4096636,1984193,294,46,9178749,451439,91396,22.81,1
Feb-2024,PUBG,EU,4106398,1878428,275,46,8561589,489159,248541,13.48,1
Feb-2024,PUBG,EU,3815712,2209912,281,51,6709390,267028,196629,14.16,2
Feb-2024,PUBG,EU,4035542,1988748,288,50,9023148,345964,178615,14.82,1
Feb-2024,PUBG,EU,4181313,1971316,279,53,8397128,460660,207731,12.13,5
Feb-2024,PUBG,EU,3883020,1923452,272,50,7855387,286755,196487,16.57,5
Feb-2024,PUBG,EU,3980536,2005375,281,48,9587493,246537,148374,14.74,2
Feb-2024,PUBG,EU,4434924,2004109,295,51,10309991,559780,199025,6.38,4
Feb-2024,PUBG,EU,3705462,1809139,282,47,8016501,290831,234413,17.0,1
Feb-2024,PUBG,EU,4095356,1867291,269,51,7443485,508108,316564,22.29,3
Feb-2024,PUBG,Asia,4009920,1823610,279,51,6880277,257178,226863,18.16,4
Feb-2024,PUBG,Asia,3698057,1945377,286,52,6580364,418820,217175,7.0,0
Feb-2024,PUBG,Asia,4231447,2180317,288,49,8648586,484623,198534,17.09,3
Feb-2024,PUBG,Asia,4165262,2117716,313,43,10305970,286370,215214,18.7,0
Feb-2024,PUBG,Asia,4224757,1993578,285,51,9258207,444996,280440,19.39,5
Feb-2024,PUBG,Asia,4070386,1970679,279,43,9563282,497763,294855,12.08,1
Feb-2024,PUBG,Asia,4142503,2077059,269,47,7914550,361378,164101,9.38,5
Feb-2024,PUBG,Asia,4276174,1863661,288,53,7517114,362119,141361,19.2,1
Feb-2024,PUBG,Asia,4254804,2165696,303,43,7648840,333594,244043,22.17,3
Feb-2024,PUBG,Asia,4117305,2074051,287,50,8024836,396570,200310,23.82,5
Feb-2024,PUBG,Asia,4417600,2035326,280,51,7150618,401303,195272,14.63,3
Feb-2024,PUBG,Asia,4012527,1910996,263,45,8672909,517342,136790,6.85,4
Feb-2024,PUBG,Asia,4034096,1872046,285,55,7180175,459764,204624,11.96,0
Feb-2024,PUBG,Asia,4185609,2039369,307,46,9634475,339220,144222,16.08,4
Feb-2024,PUBG,Asia,4282445,2278416,310,51,7902285,394577,252616,20.0,5
Feb-2024,PUBG,Asia,4096950,2160006,272,49,9535855,384385,360719,15.0,0
Feb-2024,PUBG,Asia,3997431,2123734,260,45,6637684,156954,162758,21.6,0
Feb-2024,PUBG,Asia,3968385,2034359,279,50,7650705,431680,201838,16.27,1
Feb-2024,PUBG,Asia,4178697,1953905,306,48,10159374,493566,207613,24.3,3
Feb-2024,PUBG,Asia,3920065,1894933,266,49,6426934,420657,167489,6.73,2
Feb-2024,PUBG,South America,3831013,2259759,308,44,8582653,424699,228841,18.9,4
Feb-2024,PUBG,South America,4004403,1885968,322,50,9365282,358972,218799,21.68,4
Feb-2024,PUBG,South America,4055764,2046081,279,47,6961978,510061,163774,24.48,2
Feb-2024,PUBG,South America,4261018,1972079,281,50,9528331,312847,239815,15.72,5
Feb-2024,PUBG,South America,4023556,2013245,284,46,6967435,325576,219366,16.16,3
Feb-2024,PUBG,South America,4029821,2035746,271,51,7569718,334507,171596,18.02,0
Feb-2024,PUBG,South America,4071120,2026415,334,44,9068881,422360,249296,5.52,3
Feb-2024,PUBG,South America,4299322,2010294,294,47,8772576,536983,157438,21.45,2
Feb-2024,PUBG,South America,3872261,1846744,303,54,8617207,584952,197677,7.79,2
Feb-2024,PUBG,South America,3795392,1982955,305,54,6258583,238146,185717,14.92,0
Feb-2024,PUBG,South America,3985979,2094479,302,50,9961408,575915,231330,13.7,0
Feb-2024,PUBG,South America,4157050,1857370,290,54,7306208,479598,175971,12.93,2
Feb-2024,PUBG,South America,4226637,1952697,280,51,10537251,406866,296021,5.12,1
Feb-2024,PUBG,South America,3947851,1946904,259,51,8740989,339941,193993,24.62,5
Feb-2024,PUBG,South America,3878692,2101700,283,46,7758194,408212,133722,18.22,1
Feb-2024,PUBG,South America,3860733,2124310,270,47,8401452,466746,153671,16.39,1
Feb-2024,PUBG,South America,3725511,2156455,293,48,7824103,442678,254633,13.76,5
Feb-2024,PUBG,South America,3854889,1975922,290,52,6814740,475687,202387,7.58,5
Feb-2024,PUBG,South America,4279137,2184046,263,54,7790115,414291,274758,7.02,3
Feb-2024,PUBG,South America,4104520,2081868,307,52,9303501,525008,139278,23.47,2
Feb-2024,PUBG,Africa,4488236,1918957,287,48,7017240,364617,214740,16.12,2
Feb-2024,PUBG,Africa,3688763,2083457,279,54,8018782,404519,141110,14.45,3
Feb-2024,PUBG,Africa,4277385,1981534,286,48,7843157,426244,249002,19.81,5
Feb-2024,PUBG,Africa,4282729,2092305,303,51,8613117,517940,197240,9.65,0
Feb-2024,PUBG,Africa,3981186,1992002,295,49,7858686,423499,250693,5.1,2
Feb-2024,PUBG,Africa,3945206,1910426,292,52,6337700,373637,211256,18.76,3
Feb-2024,PUBG,Africa,4014873,1883227,286,47,8363881,288510,127216,17.09,5
Feb-2024,PUBG,Africa,3915282,2018677,276,48,7880308,374866,137696,11.32,4
Feb-2024,PUBG,Africa,4216877,1989815,314,51,7337264,497998,226552,17.59,1
Feb-2024,PUBG,Africa,4103449,2051745,298,45,9028393,467952,210216,12.45,3
Feb-2024,PUBG,Africa,4332712,2050425,279,57,6854917,400050,280197,23.13,0
Feb-2024,PUBG,Africa,4085165,2138940,276,47,9258945,366278,118464,24.34,2
Feb-2024,PUBG,Africa,3685965,2053937,287,54,7499709,383152,219259,13.64,0
Feb-2024,PUBG,Africa,4524812,1883748,288,47,8076854,533006,201218,5.85,4
Feb-2024,PUBG,Africa,3730491,2094368,293,42,8143225,340608,220496,24.1,3
Feb-2024,PUBG,Africa,4282020,1955317,298,49,8511619,360540,214066,9.1,5
Feb-2024,PUBG,Africa,3987202,2024887,270,47,7375699,450663,190778,6.72,0
Feb-2024,PUBG,Africa,3845358,2059456,286,55,9416239,562391,210369,24.59,1
Feb-2024,PUBG,Africa,4038233,2145423,322,53,6909186,493813,263555,15.01,3
Feb-2024,PUBG,Africa,4145920,2070429,288,47,8099008,387722,275722,19.72,5
Feb-2024,PUBG,Oceania,3965999,2055695,324,52,9696549,477822,209944,8.4,1
Feb-2024,PUBG,Oceania,3939124,2096764,297,47,7725638,453002,198955,12.51,2
Feb-2024,PUBG,Oceania,3909002,2238512,292,47,6183956,217549,167890,21.64,4
Feb-2024,PUBG,Oceania,4074492,2001650,259,47,6998444,371053,166980,24.19,0
Feb-2024,PUBG,Oceania,4458152,2066060,307,43,9198113,433886,205509,9.53,5
Feb-2024,PUBG,Oceania,3851328,1968144,282,51,6036217,443074,152593,11.61,3
Feb-2024,PUBG,Oceania,3956398,2246701,266,49,8325760,299207,124911,9.93,1
Feb-2024,PUBG,Oceania,4097289,1931015,270,46,9678379,411186,242779,14.81,4
Feb-2024,PUBG,Oceania,4225423,2128762,298,48,9849485,462453,213392,24.22,4
Feb-2024,PUBG,Oceania,4355640,1954323,283,51,6757885,254568,260931,12.13,5
Feb-2024,PUBG,Oceania,3890588,2064496,288,51,8856402,347353,158185,8.83,1
Feb-2024,PUBG,Oceania,4122234,2074119,290,50,7118729,400338,150720,22.29,0
Feb-2024,PUBG,Oceania,4056194,2086659,301,42,9284070,439819,168854,11.28,0
Feb-2024,PUBG,Oceania,4103547,1796041,309,45,6418281,335859,153270,22.55,5
Feb-2024,PUBG,Oceania,3611334,2080013,294,49,8488294,346876,114770,20.47,2
Feb-2024,PUBG,Oceania,3833666,1976499,267,53,7384856,409163,98264,16.01,3
Feb-2024,PUBG,Oceania,4363983,2044647,290,45,9962770,346764,192964,14.89,4
Feb-2024,PUBG,Oceania,3830124,2067637,307,46,7459472,500529,255985,14.19,0
Feb-2024,PUBG,Oceania,3980638,2061639,299,49,8546448,415273,166909,23.05,0
Feb-2024,PUBG,Oceania,4102659,2032678,321,46,7593780,456072,217254,20.77,1
Mar-2024,PUBG,NA,4286719,2040944,286,53,8585998,535653,152171,20.82,3
Mar-2024,PUBG,NA,4032499,1893082,303,45,8809812,494589,182340,22.23,4
Mar-2024,PUBG,NA,3586860,2035155,284,48,8142918,419951,153962,19.8,0
Mar-2024,PUBG,NA,4115477,1915637,292,50,8915305,485422,103310,15.43,4
Mar-2024,PUBG,NA,4567614,2026591,293,42,9194461,389331,228959,24.95,2
Mar-2024,PUBG,NA,4029538,2093117,296,51,6450796,378085,157905,8.06,4
Mar-2024,PUBG,NA,3826692,2046154,272,47,8571638,510358,200748,12.1,1
Mar-2024,PUBG,NA,4034854,1925468,325,47,7900619,300452,178344,6.26,2
Mar-2024,PUBG,NA,4063313,2017612,304,49,8345542,438750,202903,7.59,0
Mar-2024,PUBG,NA,4034392,1731770,290,52,10019326,393005,194543,13.7,2
Mar-2024,PUBG,NA,3550240,1826405,296,46,6631049,315596,135538,23.54,0
Mar-2024,PUBG,NA,3878604,2146875,284,52,7403295,478633,215003,18.57,4
Mar-2024,PUBG,NA,3816383,2004598,302,49,7215199,469425,170602,19.58,5
Mar-2024,PUBG,NA,4319557,1939737,289,47,9321053,550252,255181,9.41,5
Mar-2024,PUBG,NA,4252028,2068006,284,52,9738354,443991,95209,19.3,4
Mar-2024,PUBG,NA,4215295,1883700,310,51,8760342,394337,133273,11.0,0
Mar-2024,PUBG,NA,4005391,1916454,288,47,8757813,298840,257299,21.05,5
Mar-2024,PUBG,NA,4031912,2031313,280,48,8778595,315553,156102,19.63,4
Mar-2024,PUBG,NA,3795095,1894479,298,49,6500570,462409,197436,20.11,5
Mar-2024,PUBG,NA,4284369,1790793,284,49,9545057,540783,199110,17.0,3
Mar-2024,PUBG,EU,3955946,2147981,303,47,6599939,365417,210844,7.87,1
Mar-2024,PUBG,EU,3769102,2041684,270,50,6788702,385351,204465,16.31,3
Mar-2024,PUBG,EU,3842160,2068553,306,46,8089265,453619,126760,21.24,3
Mar-2024,PUBG,EU,4073605,1834409,299,49,9513194,417376,206937,21.07,0
Mar-2024,PUBG,EU,4037593,2049492,259,46,7663912,512525,232185,15.59,4
Mar-2024,PUBG,EU,3869723,1994590,312,48,6625878,348369,198918,12.82,0
Mar-2024,PUBG,EU,4304789,1914426,289,48,9002501,541316,236755,8.06,2
Mar-2024,PUBG,EU,3956119,1884078,278,57,8956024,325173,151722,7.87,4
Mar-2024,PUBG,EU,3791383,2038986,271,48,7045951,406104,127709,11.36,5
Mar-2024,PUBG,EU,4077239,1924331,312,49,8120477,316166,174646,13.82,5
Mar-2024,PUBG,EU,3672375,2117742,301,54,5635517,417404,198787,17.03,1
Mar-2024,PUBG,EU,3865485,2211552,272,53,8824699,266656,210837,8.6,5
Mar-2024,PUBG,EU,4028859,1991097,315,44,7124417,308125,244229,20.97,2
Mar-2024,PUBG,EU,4002672,2154741,290,53,9896094,394057,185480,10.77,3
Mar-2024,PUBG,EU,4117265,1928097,277,48,6680854,438527,178679,17.98,0
Mar-2024,PUBG,EU,4090571,1967853,282,48,9669134,449992,191678,23.22,4
Mar-2024,PUBG,EU,4130453,1930508,271,48,10131885,325274,207997,14.16,0
Mar-2024,PUBG,EU,4212226,2018377,304,49,8145055,528767,231489,17.44,5
Mar-2024,PUBG,EU,4309871,1786952,271,48,10218815,547678,225364,5.17,3
Mar-2024,PUBG,EU,4121153,2059853,283,51,9518697,471260,158020,20.53,5
Mar-2024,PUBG,Asia,4065489,1918394,302,49,9664782,548478,242774,17.25,3
Mar-2024,PUBG,Asia,3956286,2070067,273,51,7660752,373350,221027,6.2,2
Mar-2024,PUBG,Asia,3669163,1999576,290,50,7905641,239507,189707,11.7,3
Mar-2024,PUBG,Asia,3804429,2133208,278,45,8047543,454273,140472,14.04,4
Mar-2024,PUBG,Asia,4328434,2048400,301,50,8617404,314280,297772,21.8,0
Mar-2024,PUBG,Asia,3878270,2054062,315,47,6422307,434878,218623,21.53,0
Mar-2024,PUBG,Asia,3684896,1814207,283,47,5703017,460377,153753,23.9,0
Mar-2024,PUBG,Asia,4133015,2046086,300,49,7098136,477817,197195,17.16,2
Mar-2024,PUBG,Asia,4476030,1978539,284,52,7399243,428855,219853,9.6,3
Mar-2024,PUBG,Asia,3960021,1870300,294,52,6697409,262991,198052,12.6,3
Mar-2024,PUBG,Asia,3994966,2006932,294,48,8630392,500588,196045,14.37,5
Mar-2024,PUBG,Asia,3954205,2001824,294,47,8449107,344765,176236,5.52,0
Mar-2024,PUBG,Asia,4255252,2031596,326,47,7708273,352897,242358,15.81,2
Mar-2024,PUBG,Asia,3939805,1879499,307,47,5945902,398511,191857,12.47,3
Mar-2024,PUBG,Asia,3822745,2087267,284,45,7681532,436771,294864,18.87,5
Mar-2024,PUBG,Asia,3923513,1999852,278,49,6283004,446493,153379,12.21,0
Mar-2024,PUBG,Asia,3774710,1976529,295,47,8338025,229016,126029,24.18,2
Mar-2024,PUBG,Asia,4085266,1873590,288,54,8508917,489102,252453,22.8,3
Mar-2024,PUBG,Asia,3759172,2083320,275,47,7062783,361700,210101,7.76,4
Mar-2024,PUBG,Asia,3733795,1956535,278,46,9027889,428520,191215,18.37,5
Mar-2024,PUBG,South America,3900268,1805174,308,47,8239194,390862,272082,23.61,0
Mar-2024,PUBG,South America,3739577,2174593,286,52,8319476,426727,167795,13.7,1
Mar-2024,PUBG,South America,3842134,2177561,277,50,8863125,355506,203091,11.08,5
Mar-2024,PUBG,South America,3808422,2097969,283,45,8159424,374914,192943,19.06,1
Mar-2024,PUBG,South America,3709938,1974919,309,47,7234273,288912,160393,20.44,0
Mar-2024,PUBG,South America,4098241,2042411,283,46,6543313,526938,187100,9.18,1
Mar-2024,PUBG,South America,3983383,2113171,268,55,9282024,354922,222144,19.49,4
Mar-2024,PUBG,South America,3701261,1923070,299,47,5810792,333049,175268,17.93,3
Mar-2024,PUBG,South America,4147873,1918615,297,54,8557153,400655,217107,22.08,2
Mar-2024,PUBG,South America,4472606,1804315,277,54,10934159,533708,253506,7.97,3
Mar-2024,PUBG,South America,4086097,1859656,304,53,9090431,535874,223591,8.37,3
Mar-2024,PUBG,South America,3827535,2019303,277,44,6676819,430425,200883,21.19,1
Mar-2024,PUBG,South America,4288419,1930450,268,51,9053041,548006,167885,17.77,4
Mar-2024,PUBG,South America,4262954,2078973,287,45,8315759,480399,202768,21.26,1
Mar-2024,PUBG,South America,4003698,1969960,277,49,9661211,375877,155688,20.91,4
Mar-2024,PUBG,South America,4234965,1818713,292,49,8784351,552618,206875,6.2,3
Mar-2024,PUBG,South America,3919845,2034872,286,54,9122960,204859,219669,9.88,4
Mar-2024,PUBG,South America,3946918,2009341,297,47,8704265,302341,239673,22.02,3
Mar-2024,PUBG,South America,3838447,2080502,247,47,7139646,434049,202530,19.28,3
Mar-2024,PUBG,South America,4192619,2119867,285,51,8619899,479737,219477,9.07,0
Mar-2024,PUBG,Africa,4017369,2038974,285,48,6099042,366933,258361,19.49,4
Mar-2024,PUBG,Africa,3754271,1935643,305,45,7460088,320153,227638,18.15,0
Mar-2024,PUBG,Africa,4030650,1984437,295,48,6139062,431776,102840,14.88,5
Mar-2024,PUBG,Africa,3780901,1925163,279,53,6024315,318997,249319,13.99,4
Mar-2024,PUBG,Africa,4272402,1934491,273,50,6576341,402409,136160,9.16,5
Mar-2024,PUBG,Africa,4062545,2012954,281,53,7984467,465781,211049,24.57,2
Mar-2024,PUBG,Africa,3818927,1924992,290,52,7602192,414880,169897,7.47,5
Mar-2024,PUBG,Africa,4190545,1994966,300,45,8038379,478065,219236,8.58,3
Mar-2024,PUBG,Africa,3860922,2205719,283,48,9020514,271505,204012,7.51,1
Mar-2024,PUBG,Africa,4143602,1973358,329,47,8283600,316906,197890,17.06,4
Mar-2024,PUBG,Africa,3820373,1995227,290,44,6860037,334090,125555,19.89,0
Mar-2024,PUBG,Africa,4312967,1996347,292,48,9119261,345523,235214,12.35,4
Mar-2024,PUBG,Africa,3799235,1957814,283,50,6851776,313484,188911,19.62,1
Mar-2024,PUBG,Africa,4047507,1876783,259,47,7467572,355595,197314,20.69,2
Mar-2024,PUBG,Africa,4124404,1945939,266,53,9899445,340679,178411,19.47,2
Mar-2024,PUBG,Africa,3960467,2053697,278,42,8970288,480007,145466,9.09,1
Mar-2024,PUBG,Africa,3945396,1945220,305,50,7650126,318637,258206,11.21,3
Mar-2024,PUBG,Africa,4335547,2090878,300,47,10270415,473269,174366,24.5,5
Mar-2024,PUBG,Africa,3747943,1923051,281,51,7799523,296078,219962,16.74,0
Mar-2024,PUBG,Africa,3899025,1810837,276,52,5960600,374214,169714,24.73,1
Mar-2024,PUBG,Oceania,3989055,2094129,294,47,7661569,494269,186224,11.65,5
Mar-2024,PUBG,Oceania,4110461,1981263,261,49,6668345,513148,175608,18.71,4
Mar-2024,PUBG,Oceania,3942021,2178510,272,46,7931340,344575,258310,9.71,0
Mar-2024,PUBG,Oceania,4117173,2095414,280,43,7307806,607849,179054,6.92,2
Mar-2024,PUBG,Oceania,4188893,1999023,314,51,7359448,395978,243889,6.26,0
Mar-2024,PUBG,Oceania,4172033,2028979,284,44,10339152,359303,313801,8.44,4
Mar-2024,PUBG,Oceania,3832383,2056499,287,50,6199565,524770,183471,6.47,5
Mar-2024,PUBG,Oceania,3906883,2074606,285,47,9199025,413550,225110,9.68,5
Mar-2024,PUBG,Oceania,4159858,1871365,276,50,9631899,333909,193744,23.25,4
Mar-2024,PUBG,Oceania,3889934,2008885,278,49,7284384,364604,205076,8.02,5
Mar-2024,PUBG,Oceania,3944670,2187245,293,47,6780992,497977,251982,15.04,2
Mar-2024,PUBG,Oceania,4016012,2027452,292,49,6457423,377140,213152,16.51,5
Mar-2024,PUBG,Oceania,4234837,2103080,300,46,7434452,335102,176012,24.2,3
Mar-2024,PUBG,Oceania,3938734,1771376,297,51,8341190,417267,234623,17.26,4
Mar-2024,PUBG,Oceania,4313877,1908265,271,48,9830241,336974,238279,5.1,5
Mar-2024,PUBG,Oceania,4561331,1984175,301,53,8238797,376247,217183,17.45,1
Mar-2024,PUBG,Oceania,3923548,2129366,322,45,8244516,388264,267316,8.9,4
Mar-2024,PUBG,Oceania,3936819,1957662,315,50,6306239,371955,224335,9.7,3
Mar-2024,PUBG,Oceania,3848401,1940404,308,44,7321108,233886,130194,16.54,3
Mar-2024,PUBG,Oceania,3911418,2038207,297,47,7808181,343860,254056,12.97,4
Apr-2024,PUBG,NA,3874132,2129144,286,49,6262527,407964,198746,18.36,5
Apr-2024,PUBG,NA,4029776,2073774,309,52,8979903,380229,193068,9.26,4
Apr-2024,PUBG,NA,4023839,1957177,286,46,6895573,507900,149245,17.06,0
Apr-2024,PUBG,NA,4231411,1992557,265,47,8956047,499018,124024,23.36,0
Apr-2024,PUBG,NA,4026077,2079099,280,48,8237552,555953,226213,22.56,4
Apr-2024,PUBG,NA,4115064,2014193,290,52,6764557,417961,145961,21.19,2
Apr-2024,PUBG,NA,4041197,2071348,269,47,8987229,386503,188900,8.95,2
Apr-2024,PUBG,NA,3922532,2080985,274,48,8645452,379463,201839,10.2,1
Apr-2024,PUBG,NA,4012065,2056508,301,56,9248448,370828,144930,21.4,2
Apr-2024,PUBG,NA,4101671,1988974,306,51,6158985,290923,263076,24.78,2
Apr-2024,PUBG,NA,4003333,2089785,283,46,8379687,412618,212765,10.69,0
Apr-2024,PUBG,NA,4114955,1856423,300,49,10244312,568910,227461,16.35,4
Apr-2024,PUBG,NA,4175836,1984959,272,48,6925320,448503,258012,21.82,0
Apr-2024,PUBG,NA,4182053,2028485,268,45,6910704,450003,232704,15.42,2
Apr-2024,PUBG,NA,3980126,2009455,280,45,9362685,368022,186255,7.14,4
Apr-2024,PUBG,NA,4000400,1918103,289,53,7624314,467203,220600,9.6,4
Apr-2024,PUBG,NA,4142039,1914627,266,53,9672470,473953,159959,16.11,4
Apr-2024,PUBG,NA,3878209,2054037,298,45,9340514,279828,148342,13.59,5
Apr-2024,PUBG,NA,3849285,2008485,292,52,7538814,334772,242296,21.22,3
Apr-2024,PUBG,NA,4076021,2021615,299,48,7147266,461054,191488,11.63,3
Apr-2024,PUBG,EU,3926324,1942488,277,49,6353678,322657,169598,9.67,4
Apr-2024,PUBG,EU,3917381,1942492,296,50,9736987,331198,209458,16.23,1
Apr-2024,PUBG,EU,4214799,1990239,271,49,8034571,370717,260158,18.36,5
Apr-2024,PUBG,EU,3985159,2089590,285,48,8119436,380270,196710,20.74,0
Apr-2024,PUBG,EU,4439786,2044358,301,47,10347817,417501,173719,24.62,5
Apr-2024,PUBG,EU,3812592,1991656,292,53,7342353,413269,144188,20.59,3
Apr-2024,PUBG,EU,3905689,2029782,291,48,7297819,382273,233412,15.53,4
Apr-2024,PUBG,EU,3679535,2008085,304,51,6732313,364352,212245,18.96,4
Apr-2024,PUBG,EU,4099373,1922843,274,53,8516071,489714,225856,15.02,4
Apr-2024,PUBG,EU,4238944,2050241,299,50,8211153,506246,224658,18.34,0
Apr-2024,PUBG,EU,4076220,2000708,313,50,6354378,333133,235415,9.23,0
Apr-2024,PUBG,EU,3706833,2095755,287,48,7503078,391493,166087,14.59,4
Apr-2024,PUBG,EU,3844873,2054960,292,46,9056165,460070,197450,15.08,1
Apr-2024,PUBG,EU,3811638,2005659,288,47,7812134,371303,171079,24.52,3
Apr-2024,PUBG,EU,4451630,2079435,321,48,10703180,405368,224664,24.71,2
Apr-2024,PUBG,EU,3811906,2371417,303,49,9520395,399727,200585,7.65,5
Apr-2024,PUBG,EU,3843906,1766860,268,49,7462761,312125,218198,13.12,2
Apr-2024,PUBG,EU,4187962,1894654,266,47,8971912,210371,202217,12.57,5
Apr-2024,PUBG,EU,3813679,2113407,309,57,6614180,332658,192570,15.56,1
Apr-2024,PUBG,EU,4195842,2147264,294,47,8004520,374758,218975,6.39,3
Apr-2024,PUBG,Asia,3614911,1998428,288,51,7572977,319798,147334,16.57,2
Apr-2024,PUBG,Asia,3949556,1985298,284,46,7153751,271380,168986,18.53,1
Apr-2024,PUBG,Asia,4187328,2037179,262,49,9381429,445494,182269,19.94,4
Apr-2024,PUBG,Asia,4084400,2074415,269,46,8327326,488547,296734,17.77,0
Apr-2024,PUBG,Asia,4007828,2120961,284,48,7175381,375326,209031,8.17,1
Apr-2024,PUBG,Asia,3980283,2035550,293,51,7125774,345653,177551,10.97,3
Apr-2024,PUBG,Asia,3951709,1897420,321,45,7452094,472867,182498,13.18,1
Apr-2024,PUBG,Asia,4085096,1868103,273,50,6505100,621591,190000,18.02,0
Apr-2024,PUBG,Asia,4028373,2023186,298,51,6782311,449949,236588,5.72,0
Apr-2024,PUBG,Asia,3899768,2053605,291,55,9546774,418608,183683,11.74,5
Apr-2024,PUBG,Asia,3939701,2037188,282,48,8416650,340038,133258,20.05,3
Apr-2024,PUBG,Asia,3778741,1816270,281,48,7448618,292844,202511,13.44,5
Apr-2024,PUBG,Asia,4019262,2098681,289,51,8042973,385142,219791,19.41,1
Apr-2024,PUBG,Asia,4067989,1770753,271,48,10018813,316376,122916,11.74,2
Apr-2024,PUBG,Asia,3603217,1871064,305,47,8676002,529221,143495,13.08,5
Apr-2024,PUBG,Asia,3750063,1897556,294,49,7119093,290160,173701,14.28,5
Apr-2024,PUBG,Asia,4165479,1984403,305,51,9312772,559476,225293,17.11,0
Apr-2024,PUBG,Asia,4466609,2022910,307,52,10485446,420441,218237,12.74,3
Apr-2024,PUBG,Asia,3766747,1870636,301,46,8473387,383074,158284,18.19,1
Apr-2024,PUBG,Asia,4022932,2050417,262,50,8678339,317400,148204,23.53,3
Apr-2024,PUBG,South America,4127090,1955295,273,54,8470056,548460,203391,10.18,2
Apr-2024,PUBG,South America,4104491,1949936,239,53,6452096,330073,270489,19.18,4
Apr-2024,PUBG,South America,3871675,1928481,307,52,8390195,432529,167287,23.01,2
Apr-2024,PUBG,South America,3621828,1982186,272,46,5540425,454391,112949,24.57,0
Apr-2024,PUBG,South America,4139453,2022075,293,46,7019720,537833,186355,11.76,2
Apr-2024,PUBG,South America,4611924,1930308,296,53,7064601,371424,222579,12.43,0
Apr-2024,PUBG,South America,3885740,1973355,279,43,9103933,298748,208706,12.75,1
Apr-2024,PUBG,South America,3821664,2024868,296,50,8482280,336820,215188,18.61,0
Apr-2024,PUBG,South America,3590141,2042786,288,46,5884386,295032,227917,16.26,3
Apr-2024,PUBG,South America,4109475,2199047,296,45,8005288,267913,188842,16.5,0
Apr-2024,PUBG,South America,3727244,2005006,311,49,6374202,433906,164992,17.3,1
Apr-2024,PUBG,South America,3820480,2071930,285,47,6078255,371641,167420,10.68,0
Apr-2024,PUBG,South America,4095294,2023306,276,46,6453268,357541,236700,8.99,5
Apr-2024,PUBG,South America,4418919,1898166,318,46,9527754,507987,210261,18.49,5
Apr-2024,PUBG,South America,4141137,1952324,302,48,9087106,505558,154621,18.44,3
Apr-2024,PUBG,South America,4148716,2132619,287,46,7637130,443919,250499,22.03,1
Apr-2024,PUBG,South America,3767373,1973467,325,47,8015903,331865,141166,19.74,1
Apr-2024,PUBG,South America,4053468,1951916,282,45,9887557,272118,194964,13.96,3
Apr-2024,PUBG,South America,4043974,1934026,284,50,9292762,420187,198713,7.69,3
Apr-2024,PUBG,South America,3859834,1874241,291,44,8484111,218191,270105,7.89,0
Apr-2024,PUBG,Africa,4115424,1965693,292,46,7394028,456876,113525,21.73,3
Apr-2024,PUBG,Africa,4152119,2138922,310,45,9809132,259150,212139,9.1,4
Apr-2024,PUBG,Africa,4197768,1960734,279,49,10252018,384690,219829,16.72,4
Apr-2024,PUBG,Africa,3857624,1992657,285,47,8054302,455296,166304,7.58,3
Apr-2024,PUBG,Africa,4218605,1998334,277,47,6727873,549412,186080,17.85,2
Apr-2024,PUBG,Africa,3938024,1994122,294,51,6339663,319920,221372,8.77,2
Apr-2024,PUBG,Africa,4222041,1828638,300,52,7014380,573037,141135,7.64,3
Apr-2024,PUBG,Africa,3941018,2028607,290,46,8135360,409404,134818,9.9,5
Apr-2024,PUBG,Africa,4078248,2139487,288,49,9829428,386036,211499,9.65,3
Apr-2024,PUBG,Africa,4261745,1978699,261,44,7563825,520365,311451,19.7,3
Apr-2024,PUBG,Africa,3778261,2124599,278,51,8150894,442312,224963,15.05,4
Apr-2024,PUBG,Africa,4086643,1984896,274,53,8390355,311481,232594,15.35,0
Apr-2024,PUBG,Africa,4019765,1941648,280,49,8557651,342062,204693,17.27,2
Apr-2024,PUBG,Africa,4118037,1932397,286,44,7853825,438281,142417,14.18,0
Apr-2024,PUBG,Africa,4252568,1783641,302,45,7692718,260094,243997,9.5,4
Apr-2024,PUBG,Africa,3907195,2119031,298,48,8757961,343425,173664,18.75,2
Apr-2024,PUBG,Africa,4048055,2087979,309,47,7782077,440753,287409,6.16,4
Apr-2024,PUBG,Africa,3771607,1832794,283,46,8743590,473140,200453,20.23,1
Apr-2024,PUBG,Africa,3976275,2074971,312,47,6136959,330019,232815,14.17,1
Apr-2024,PUBG,Africa,4246223,1875491,306,50,8305391,423923,163022,8.41,2
Apr-2024,PUBG,Oceania,4236900,1940836,289,45,8039393,548588,186192,5.82,4
Apr-2024,PUBG,Oceania,4098630,1901103,282,50,9053822,385195,251709,21.17,1
Apr-2024,PUBG,Oceania,3817760,1987995,283,54,5741347,356578,171755,24.71,1
Apr-2024,PUBG,Oceania,4142003,2031190,299,46,9286887,417101,181015,7.25,1
Apr-2024,PUBG,Oceania,4187360,2059494,297,49,10408962,582739,225122,18.07,3
Apr-2024,PUBG,Oceania,3955773,1974283,315,51,8189474,381339,300409,12.37,3
Apr-2024,PUBG,Oceania,3850488,1948833,265,53,9010860,363714,260033,21.92,0
Apr-2024,PUBG,Oceania,3857526,1901348,270,46,7344610,449387,216946,16.21,1
Apr-2024,PUBG,Oceania,4347538,2117334,277,52,10606473,340106,213436,8.8,1
Apr-2024,PUBG,Oceania,4291564,2019682,302,51,7486161,534210,208579,23.79,3
Apr-2024,PUBG,Oceania,3964800,2044800,280,52,9453906,477532,215770,24.83,4
Apr-2024,PUBG,Oceania,4019270,1759150,274,48,9508929,430002,245879,8.03,5
Apr-2024,PUBG,Oceania,3810430,1873270,300,48,6381059,567884,183397,9.86,0
Apr-2024,PUBG,Oceania,3941946,1957444,292,50,5914900,425876,181579,14.35,2
Apr-2024,PUBG,Oceania,4186334,2003724,285,47,6681413,529399,316213,19.85,2
Apr-2024,PUBG,Oceania,4371636,2058800,271,48,9363981,419910,215978,18.02,0
Apr-2024,PUBG,Oceania,3899793,2066280,289,49,8756589,346386,151217,6.64,0
Apr-2024,PUBG,Oceania,3791962,1917682,276,42,7298343,364279,157044,23.3,2
Apr-2024,PUBG,Oceania,4164426,1882026,308,46,6580487,326552,253183,6.67,5
Apr-2024,PUBG,Oceania,4246299,1848726,319,39,7619291,683992,168869,10.3,4
May-2024,PUBG,NA,4210513,1960496,297,48,10085981,372642,177923,9.0,0
May-2024,PUBG,NA,4350758,1925555,291,45,7736344,464951,202412,12.69,5
May-2024,PUBG,NA,4000494,1968641,313,50,6605597,239231,158133,20.94,5
May-2024,PUBG,NA,4145673,1993316,302,48,9800275,432004,239496,10.66,5
May-2024,PUBG,NA,3946677,1900104,290,48,8851231,450739,217242,23.71,0
May-2024,PUBG,NA,3914783,2181444,283,53,9361490,416949,195872,18.95,5
May-2024,PUBG,NA,4329718,2036261,326,48,9285739,467019,296857,13.33,1
May-2024,PUBG,NA,4246798,2190343,297,48,8407250,411485,211305,10.13,5
May-2024,PUBG,NA,4021110,1992161,302,45,6771229,394987,180557,21.93,5
May-2024,PUBG,NA,3906986,1958038,283,46,7737932,486698,99451,16.47,2
May-2024,PUBG,NA,3691245,2244290,273,48,6963664,359270,243980,21.03,2
May-2024,PUBG,NA,4199078,1973270,278,44,7167493,406987,214705,18.72,0
May-2024,PUBG,NA,4053145,1973388,288,46,9079295,345457,286080,8.95,4
May-2024,PUBG,NA,3815039,2219514,297,46,7315439,158550,188820,16.64,5
May-2024,PUBG,NA,4040880,1862666,308,48,6328542,348444,223507,13.78,5
May-2024,PUBG,NA,4061241,1994658,321,52,6750330,482702,205736,9.94,0
May-2024,PUBG,NA,3968137,2027865,303,53,5965100,307380,125607,6.38,4
May-2024,PUBG,NA,3797846,1809670,282,50,6265307,335743,151188,16.51,4
May-2024,PUBG,NA,3870869,2075240,292,43,6952943,496160,171252,21.65,4
May-2024,PUBG,NA,3941217,2090747,271,46,9725252,302284,210834,13.28,0
May-2024,PUBG,EU,3860323,1978962,287,44,8198092,363786,200274,21.08,2
May-2024,PUBG,EU,4097217,2057918,300,50,6788712,546166,178110,20.27,1
May-2024,PUBG,EU,3982960,1860719,274,45,7543521,379505,218433,24.26,0
May-2024,PUBG,EU,4357617,2082370,280,48,8078678,413749,254946,23.75,1
May-2024,PUBG,EU,4052207,2032568,301,46,9267521,458182,239393,10.81,4
May-2024,PUBG,EU,4342282,1918607,295,45,6561768,513682,266503,17.33,2
May-2024,PUBG,EU,4208221,2046901,291,47,8726461,344994,197625,7.33,4
May-2024,PUBG,EU,3835585,2041030,280,51,7644720,330573,156022,18.99,0
May-2024,PUBG,EU,4395116,2027427,270,48,8775033,505491,217392,16.88,3
May-2024,PUBG,EU,4087015,1702587,279,51,6436419,451100,201803,22.77,2
May-2024,PUBG,EU,4011903,2083099,296,47,6025455,454000,198902,22.64,3
May-2024,PUBG,EU,3884465,1951160,295,49,6795911,404985,228141,9.17,4
May-2024,PUBG,EU,4058526,1974007,288,50,6693530,519661,204358,23.31,5
May-2024,PUBG,EU,4227789,2145600,320,46,7892468,386973,171497,18.48,2
May-2024,PUBG,EU,3808777,2073313,303,50,8451284,319829,200153,10.47,0
May-2024,PUBG,EU,3894811,1954062,284,44,7856515,519029,195251,13.44,5
May-2024,PUBG,EU,4250497,2017846,315,47,9784652,502104,184157,19.96,3
May-2024,PUBG,EU,4134826,1842598,317,53,9586388,346669,259511,19.02,3
May-2024,PUBG,EU,4003485,2003383,272,47,9474951,433144,237433,16.89,3
May-2024,PUBG,EU,3991219,2034519,291,45,8018902,294326,177025,21.29,5
May-2024,PUBG,Asia,4281291,2021877,313,54,7277212,360104,165860,9.57,3
May-2024,PUBG,Asia,3811742,2022085,275,44,7112741,371830,189284,17.27,5
May-2024,PUBG,Asia,4286871,2011754,284,50,7924739,386863,175577,16.7,1
May-2024,PUBG,Asia,3614968,1950472,295,48,6089567,382919,265356,21.04,3
May-2024,PUBG,Asia,4143069,2026470,283,49,8668800,379614,227171,12.35,5
May-2024,PUBG,Asia,3794530,1910693,288,49,7907956,483888,179550,16.44,5
May-2024,PUBG,Asia,3886158,2047408,283,50,8415391,219074,173629,6.4,5
May-2024,PUBG,Asia,4083049,2027245,298,46,6214899,364623,243180,13.17,5
May-2024,PUBG,Asia,4103291,2060581,261,43,9921532,392291,227700,6.31,4
May-2024,PUBG,Asia,4072806,1852284,289,48,8044110,350697,206895,11.97,5
May-2024,PUBG,Asia,3750537,2061009,265,52,7396375,377468,261720,15.98,3
May-2024,PUBG,Asia,4236827,2060097,281,49,10397774,411706,173473,10.19,5
May-2024,PUBG,Asia,4093825,2062041,287,50,9533788,556610,256684,23.16,3
May-2024,PUBG,Asia,4284387,1887177,300,44,8856051,468110,190810,12.6,3
May-2024,PUBG,Asia,3737704,1883259,314,51,8323139,380535,230975,9.21,4
May-2024,PUBG,Asia,3925713,2041230,282,46,6177142,457366,164372,15.8,4
May-2024,PUBG,Asia,4054756,2147731,292,44,6656278,288799,176298,17.7,0
May-2024,PUBG,Asia,3843356,2189966,299,51,7183660,314008,181594,19.06,0
May-2024,PUBG,Asia,4307277,2103428,291,53,6852320,571282,99408,7.81,1
May-2024,PUBG,Asia,4136546,2186841,293,47,7257814,302887,216348,15.2,2
May-2024,PUBG,South America,3982180,1938230,269,53,9498652,430138,159199,10.1,3
May-2024,PUBG,South America,3788170,2016715,270,47,6567353,307410,160646,7.41,3
May-2024,PUBG,South America,3739301,1783022,298,47,8143923,420521,164799,9.74,1
May-2024,PUBG,South America,4005970,2055978,277,49,7414871,478006,263290,18.92,1
May-2024,PUBG,South America,3756543,2103809,288,46,6488411,442002,180094,16.38,2
May-2024,PUBG,South America,4191908,2060254,306,48,9742377,515136,140664,24.27,3
May-2024,PUBG,South America,4298723,1996531,292,46,7293007,425960,223329,7.91,1
May-2024,PUBG,South America,3655436,1932420,281,56,6351655,329782,234655,23.57,5
May-2024,PUBG,South America,4277080,2040198,286,44,6579769,495328,201339,19.54,3
May-2024,PUBG,South America,4030820,2131312,305,44,9952248,391256,178370,19.39,0
May-2024,PUBG,South America,3967634,2072775,275,53,8921476,374411,197808,15.26,1
May-2024,PUBG,South America,3981853,1869496,295,49,9540846,319198,167569,9.37,1
May-2024,PUBG,South America,4196472,2036630,316,49,9144716,460799,169683,10.69,5
May-2024,PUBG,South America,3917348,1939898,289,48,9276022,345148,212687,6.23,2
May-2024,PUBG,South America,4234029,2152733,304,48,6980611,443613,203666,23.16,2
May-2024,PUBG,South America,3713258,1956047,282,51,6258120,417463,187363,21.76,0
May-2024,PUBG,South America,3704957,1931353,261,51,8737149,422793,154600,22.34,0
May-2024,PUBG,South America,4261911,1975075,291,47,7413354,467786,183779,5.52,1
May-2024,PUBG,South America,4388727,1916239,305,52,6822292,425799,309392,15.14,5
May-2024,PUBG,South America,3820917,1955975,298,55,6195081,357205,198508,24.19,3
May-2024,PUBG,Africa,3913178,2048770,311,49,6782790,490636,181379,21.94,3
May-2024,PUBG,Africa,4043709,2064312,274,53,8585889,326578,170699,10.09,0
May-2024,PUBG,Africa,4150757,2054527,261,49,7718725,288546,244563,15.93,1
May-2024,PUBG,Africa,3996641,1975144,274,43,6426322,312870,206439,21.63,3
May-2024,PUBG,Africa,4007448,2022526,302,51,7375023,238418,156484,20.09,4
May-2024,PUBG,Africa,3918355,2017251,305,49,7300890,271698,178117,21.89,1
May-2024,PUBG,Africa,3950589,1884781,294,51,8254069,172484,152041,23.09,3
May-2024,PUBG,Africa,3882067,1833157,276,46,8151395,413882,192485,12.95,2
May-2024,PUBG,Africa,3529066,1842952,265,46,6936004,269790,194936,8.76,2
May-2024,PUBG,Africa,3837851,1843296,301,47,6239774,440090,177313,14.03,1
May-2024,PUBG,Africa,4356956,1935011,284,48,9974421,319115,261693,24.39,2
May-2024,PUBG,Africa,4025023,2207419,262,48,7280721,552139,249166,17.01,3
May-2024,PUBG,Africa,4197975,2116346,282,45,9548620,367143,188153,19.08,5
May-2024,PUBG,Africa,4229964,2152632,279,47,6669528,418960,178466,19.71,5
May-2024,PUBG,Africa,4218437,1817384,315,51,9796728,419350,202603,14.01,0
May-2024,PUBG,Africa,4132290,2074628,290,50,8659902,374479,258671,14.67,3
May-2024,PUBG,Africa,4181833,1992969,286,47,7363170,506986,191252,15.82,0
May-2024,PUBG,Africa,3910894,1978835,295,45,6050803,393982,253040,12.42,0
May-2024,PUBG,Africa,4328576,1831471,307,50,9339870,400454,236237,22.02,5
May-2024,PUBG,Africa,4436241,1903406,318,40,9626216,345113,191848,9.19,0
May-2024,PUBG,Oceania,4362203,1997939,307,51,6865831,403147,308974,15.27,1
May-2024,PUBG,Oceania,3988433,2160480,288,50,6827124,297114,204519,23.19,5
May-2024,PUBG,Oceania,3925877,1966217,293,47,9261551,277705,192317,21.99,0
May-2024,PUBG,Oceania,3876689,2130050,300,54,9134756,414356,193452,12.55,5
May-2024,PUBG,Oceania,3865197,2034655,290,53,7537021,480375,212665,24.83,4
May-2024,PUBG,Oceania,3987185,2040707,300,51,6169898,469329,156421,23.72,3
May-2024,PUBG,Oceania,4405010,2033246,284,54,7690600,491075,234130,12.99,2
May-2024,PUBG,Oceania,4160005,1902443,300,51,7670342,281331,203693,22.06,0
May-2024,PUBG,Oceania,4282515,2042747,311,50,9508190,409355,248621,15.66,1
May-2024,PUBG,Oceania,3862854,1801593,282,45,7473656,375414,212495,23.95,5
May-2024,PUBG,Oceania,4228422,2141001,307,45,9508911,408897,216737,9.14,2
May-2024,PUBG,Oceania,4040543,2189992,287,48,8493225,482194,147559,5.12,3
May-2024,PUBG,Oceania,3995675,2057983,263,48,7986519,365292,202113,24.65,5
May-2024,PUBG,Oceania,3740412,2181100,294,47,6453911,263223,163384,19.62,3
May-2024,PUBG,Oceania,3839739,1930501,307,49,6841151,390145,157937,19.8,4
May-2024,PUBG,Oceania,4069075,2110475,306,51,6928796,392277,186211,13.91,0
May-2024,PUBG,Oceania,4008034,1964872,283,44,8020893,393775,177985,7.67,4
May-2024,PUBG,Oceania,3911221,2109028,259,49,7168429,287787,210849,12.39,3
May-2024,PUBG,Oceania,4297750,2077165,285,56,6815554,391259,174905,12.9,3
May-2024,PUBG,Oceania,4079964,1831039,287,50,7687196,435325,258270,24.26,3
Jun-2024,PUBG,NA,3979008,1891935,298,49,8074633,314748,229722,21.15,5
Jun-2024,PUBG,NA,4073878,1898925,300,45,6453639,341322,212015,9.72,5
Jun-2024,PUBG,NA,4093622,1976175,280,50,7917635,346593,229180,7.73,0
Jun-2024,PUBG,NA,4015138,1780040,270,47,7265438,368706,151234,11.17,2
Jun-2024,PUBG,NA,3862838,1985773,296,56,8715655,493104,101044,10.49,0
Jun-2024,PUBG,NA,3800230,1988700,305,51,7318359,404129,185718,5.75,5
Jun-2024,PUBG,NA,4527452,1970372,264,49,7060539,244433,253993,17.77,5
Jun-2024,PUBG,NA,3962069,1952713,300,51,9475735,431167,169271,9.72,2
Jun-2024,PUBG,NA,4040898,2093949,288,56,7162072,470630,152870,12.76,3
Jun-2024,PUBG,NA,3793232,2033995,271,49,7479759,325901,253179,10.25,2
Jun-2024,PUBG,NA,4450181,1895329,273,47,10656067,347931,210367,10.51,1
Jun-2024,PUBG,NA,3893269,1831692,274,50,6298509,607427,260133,9.89,3
Jun-2024,PUBG,NA,4267215,2024144,314,48,9835504,363056,243678,18.73,5
Jun-2024,PUBG,NA,4063590,1903454,286,48,6535664,355742,221045,24.83,3
Jun-2024,PUBG,NA,4111170,1925407,259,45,9765367,413296,250919,15.06,3
Jun-2024,PUBG,NA,4066621,1874888,300,52,7436602,419848,175405,21.97,1
Jun-2024,PUBG,NA,4230333,2053555,275,47,6995028,371532,201734,24.25,5
Jun-2024,PUBG,NA,4352677,2055027,297,41,9449576,487471,165625,19.34,0
Jun-2024,PUBG,NA,4002317,1892639,303,51,9451634,387001,206855,19.49,5
Jun-2024,PUBG,NA,4080413,1967962,309,49,8384102,316085,197301,24.7,5
Jun-2024,PUBG,EU,3954922,1970216,286,47,8558650,461777,183337,8.71,3
Jun-2024,PUBG,EU,4121323,2125575,284,51,7360920,385527,221043,23.61,2
Jun-2024,PUBG,EU,4120070,2080777,296,49,6476733,300368,208509,21.83,4
Jun-2024,PUBG,EU,3829300,1868952,272,52,6865689,484611,161927,22.09,3
Jun-2024,PUBG,EU,3974780,1967035,290,47,6038082,453474,167469,7.02,1
Jun-2024,PUBG,EU,4480765,1851215,303,50,9971104,553611,153844,5.53,5
Jun-2024,PUBG,EU,4146338,1808458,286,48,7510249,437742,249705,17.14,0
Jun-2024,PUBG,EU,3749999,2012375,275,50,6781974,451276,220784,14.71,0
Jun-2024,PUBG,EU,3893881,2148406,296,47,7009849,338606,233965,18.59,0
Jun-2024,PUBG,EU,3996537,2102672,291,50,8737024,426165,244437,10.05,2
Jun-2024,PUBG,EU,4050537,2005532,269,44,9175145,337806,231993,11.51,1
Jun-2024,PUBG,EU,4101167,1923974,300,49,7967028,553522,155420,9.47,1
Jun-2024,PUBG,EU,4144613,1991728,309,46,8202991,473943,216812,21.2,3
Jun-2024,PUBG,EU,4247327,2064424,294,50,6631148,481151,217704,17.26,1
Jun-2024,PUBG,EU,3985425,2074821,269,50,8456702,378984,190957,7.6,5
Jun-2024,PUBG,EU,4135913,2051106,273,49,7951564,338330,198093,24.03,2
Jun-2024,PUBG,EU,3691714,1929327,278,45,8691657,276656,120858,23.82,4
Jun-2024,PUBG,EU,4037965,1870146,288,45,9302612,440209,183455,23.62,1
Jun-2024,PUBG,EU,3910823,1887099,267,51,9037212,290959,232806,13.88,3
Jun-2024,PUBG,EU,4290764,1943847,305,48,10596329,352234,178843,7.74,2
Jun-2024,PUBG,Asia,4275094,2079921,290,49,8147830,491294,242470,11.0,5
Jun-2024,PUBG,Asia,3973193,1980182,288,46,8135069,392055,190955,18.32,3
Jun-2024,PUBG,Asia,3939533,2028402,286,46,8486071,406472,129448,6.13,5
Jun-2024,PUBG,Asia,3919865,1954610,270,51,8208553,313629,226089,22.22,5
Jun-2024,PUBG,Asia,4115826,2192358,297,52,7464370,342145,198924,16.47,2
Jun-2024,PUBG,Asia,4112560,1873757,288,52,9664886,458844,172618,17.75,5
Jun-2024,PUBG,Asia,3869671,2049816,295,56,5899526,372450,211102,16.99,0
Jun-2024,PUBG,Asia,4176785,2020124,303,46,8996870,436123,222628,8.19,4
Jun-2024,PUBG,Asia,4398318,2056796,292,46,7678608,466328,311931,6.15,0
Jun-2024,PUBG,Asia,3935099,1956536,278,50,8981037,425233,148942,24.2,2
Jun-2024,PUBG,Asia,3884342,2059759,300,44,6343099,359984,203672,7.75,0
Jun-2024,PUBG,Asia,3822750,1997289,309,53,7826349,443645,215751,13.6,0
Jun-2024,PUBG,Asia,4246128,2099106,291,53,6700200,478156,246397,12.64,4
Jun-2024,PUBG,Asia,3852784,1985827,290,45,7442419,354860,198649,24.2,5
Jun-2024,PUBG,Asia,3964821,1983391,260,50,6063581,269361,211850,21.83,2
Jun-2024,PUBG,Asia,3744440,2070209,294,44,5634902,411406,264737,16.84,5
Jun-2024,PUBG,Asia,3912263,2143481,293,47,9701055,514294,196688,21.59,5
Jun-2024,PUBG,Asia,4262909,2111220,298,50,9519198,330620,186153,13.91,3
Jun-2024,PUBG,Asia,3915473,1994437,299,49,9325630,392502,241164,17.15,5
Jun-2024,PUBG,Asia,4014515,1919201,281,52,6380671,329784,283098,21.1,3
Jun-2024,PUBG,South America,3874075,2050605,289,52,5816356,380971,189528,6.36,3
Jun-2024,PUBG,South America,4135061,2133829,277,49,9884058,411973,167136,11.03,0
Jun-2024,PUBG,South America,4325467,2013883,275,47,7744639,484333,166304,9.32,3
Jun-2024,PUBG,South America,4459377,2019544,294,51,9522666,481894,228157,17.11,4
Jun-2024,PUBG,South America,3709710,2036584,281,50,8045318,357272,141286,8.17,4
Jun-2024,PUBG,South America,4322442,2035239,285,48,7000628,495069,221582,10.15,1
Jun-2024,PUBG,South America,3912962,1947107,278,48,7932179,442546,244845,12.6,1
Jun-2024,PUBG,South America,4046669,1969419,291,46,9713187,332750,232533,6.07,1
Jun-2024,PUBG,South America,4106451,2051635,299,51,6260303,471945,267928,5.86,4
Jun-2024,PUBG,South America,3648186,1966568,306,54,6490576,272950,196864,8.94,2
Jun-2024,PUBG,South America,4345905,1955530,291,47,9144859,472331,209616,9.49,3
Jun-2024,PUBG,South America,4080479,1973145,303,46,8864348,427718,186524,16.41,3
Jun-2024,PUBG,South America,4135111,2052059,297,50,8392343,389338,281578,22.27,0
Jun-2024,PUBG,South America,4029503,2302441,295,45,9116729,326657,216759,17.44,3
Jun-2024,PUBG,South America,3899879,2039865,288,51,8095521,364499,198810,16.32,0
Jun-2024,PUBG,South America,3770141,1960539,298,47,6720604,333595,134285,7.27,1
Jun-2024,PUBG,South America,4181993,2002185,274,50,6527869,342685,242000,21.57,0
Jun-2024,PUBG,South America,3808837,1990288,309,54,8066733,484065,231666,16.88,3
Jun-2024,PUBG,South America,3886460,2037819,291,57,9338987,432286,158068,9.26,1
Jun-2024,PUBG,South America,4114499,2075534,300,51,7354247,450161,246489,12.21,4
Jun-2024,PUBG,Africa,4029945,2053678,294,49,6803867,506559,168000,18.9,3
Jun-2024,PUBG,Africa,4099482,1960140,281,53,8775703,461997,214446,24.15,0
Jun-2024,PUBG,Africa,3968276,1975720,278,46,9862498,430577,186522,11.99,1
Jun-2024,PUBG,Africa,4138256,2015319,273,50,9717560,422656,155263,10.08,2
Jun-2024,PUBG,Africa,4163158,1960569,309,48,8797618,410589,243253,24.89,3
Jun-2024,PUBG,Africa,4127444,2192946,300,51,9290421,461977,153615,15.35,0
Jun-2024,PUBG,Africa,3801239,2029405,279,52,9494119,358003,266470,8.42,4
Jun-2024,PUBG,Africa,4273004,2029055,289,50,10038650,436759,268288,14.76,5
Jun-2024,PUBG,Africa,3807826,2006596,266,45,7208375,489508,197742,18.45,0
Jun-2024,PUBG,Africa,3938103,1874530,284,49,5946581,461376,192351,15.08,5
Jun-2024,PUBG,Africa,4063336,1967854,293,53,8799264,347400,164015,9.95,1
Jun-2024,PUBG,Africa,3944932,2046692,288,49,9061275,381765,156537,22.39,4
Jun-2024,PUBG,Africa,4334613,1935504,303,49,7915810,496511,272749,23.89,0
Jun-2024,PUBG,Africa,3901240,1954917,265,43,8321348,301247,250408,10.44,0
Jun-2024,PUBG,Africa,4624627,1751045,289,45,8359327,501556,193128,22.29,2
Jun-2024,PUBG,Africa,4274792,1838466,291,46,8490639,576414,136382,11.34,0
Jun-2024,PUBG,Africa,4206866,2031261,288,48,6384288,507461,231578,13.97,4
Jun-2024,PUBG,Africa,4098026,1861094,287,48,8600597,501944,213752,10.57,4
Jun-2024,PUBG,Africa,3771260,2016822,290,52,5808515,325224,156944,13.09,2
Jun-2024,PUBG,Africa,4109668,1871734,295,46,7836077,379303,157924,5.39,5
Jun-2024,PUBG,Oceania,4009518,2069366,287,52,6771059,294536,224830,17.96,4
Jun-2024,PUBG,Oceania,4168352,1954220,273,45,7959930,314520,215230,6.04,2
Jun-2024,PUBG,Oceania,3707315,1879298,279,49,6671978,327795,156506,8.77,1
Jun-2024,PUBG,Oceania,3507067,2097517,316,47,7802966,357276,191749,12.83,3
Jun-2024,PUBG,Oceania,4061332,1955896,263,45,6361326,410076,275890,15.55,0
Jun-2024,PUBG,Oceania,3960935,2046062,296,42,6892066,424312,175705,16.43,0
Jun-2024,PUBG,Oceania,4138348,1950192,297,48,10189729,394585,251950,16.56,2
Jun-2024,PUBG,Oceania,4047934,2226603,266,53,8316925,420388,176344,23.91,2
Jun-2024,PUBG,Oceania,4233544,1959252,297,53,7748254,414632,155503,18.06,3
Jun-2024,PUBG,Oceania,3986408,1896817,306,47,6147205,492589,242338,13.47,1
Jun-2024,PUBG,Oceania,4164335,1886692,304,43,7031956,399407,208461,9.38,4
Jun-2024,PUBG,Oceania,4097637,2041205,306,46,8175004,396365,255021,22.28,2
Jun-2024,PUBG,Oceania,4472204,1939623,294,53,9341801,359185,201173,18.25,3
Jun-2024,PUBG,Oceania,3797555,1949430,286,46,5960720,436220,205134,7.24,3
Jun-2024,PUBG,Oceania,4209347,1901137,268,53,10516120,490037,256843,24.83,4
Jun-2024,PUBG,Oceania,3795390,1895357,287,48,6945529,536493,208872,8.97,2
Jun-2024,PUBG,Oceania,3764556,1971023,286,53,7510628,335969,201902,10.39,3
Jun-2024,PUBG,Oceania,3786596,1949956,309,50,6826846,244361,208110,11.3,1
Jun-2024,PUBG,Oceania,4157063,2003339,306,43,9150278,322392,208549,22.31,0
Jun-2024,PUBG,Oceania,4073585,1984607,296,55,7701353,599354,185052,14.33,2
Jul-2024,PUBG,NA,4158692,2024293,280,51,6711764,410724,234757,15.92,5
Jul-2024,PUBG,NA,4109222,1961339,281,49,6280819,449303,183206,8.01,4
Jul-2024,PUBG,NA,4011311,1956228,295,51,6222683,559855,209539,7.83,4
Jul-2024,PUBG,NA,3959449,1961763,306,46,9570102,394380,198475,7.08,3
Jul-2024,PUBG,NA,3647800,1918007,320,50,7416451,391943,155505,13.62,4
Jul-2024,PUBG,NA,3945506,1788770,316,55,7916621,401757,267014,20.6,0
Jul-2024,PUBG,NA,3857402,2026514,304,45,8513491,323927,153792,5.55,0
Jul-2024,PUBG,NA,4388730,1886773,308,51,8868703,378698,269499,12.76,2
Jul-2024,PUBG,NA,4454329,1968081,304,51,7993430,466149,262417,11.26,2
Jul-2024,PUBG,NA,3953799,2005689,288,45,6282699,398103,179596,21.01,3
Jul-2024,PUBG,NA,4098289,1968486,271,49,7959621,376254,241605,18.22,4
Jul-2024,PUBG,NA,3694574,1944235,271,50,6896533,527663,196655,11.1,5
Jul-2024,PUBG,NA,3724545,1945639,285,47,5948750,360341,153297,8.44,4
Jul-2024,PUBG,NA,4405907,2003713,284,49,9136523,305910,223243,22.24,5
Jul-2024,PUBG,NA,3911046,1983773,275,47,9590033,342797,206095,20.03,1
Jul-2024,PUBG,NA,4214526,1985559,293,47,8035970,279227,232948,24.01,2
Jul-2024,PUBG,NA,3929174,2001460,312,48,9084845,257181,200240,18.71,3
Jul-2024,PUBG,NA,4290737,1888665,293,48,6702683,496595,145126,22.06,1
Jul-2024,PUBG,NA,3734498,1962462,289,47,9213744,431222,242879,5.58,2
Jul-2024,PUBG,NA,4133449,1995424,319,47,8005287,360223,183451,10.8,4
Jul-2024,PUBG,EU,4132359,1848778,287,54,7614226,410638,210337,13.86,3
Jul-2024,PUBG,EU,4011818,1908477,293,50,9044227,379695,222444,8.09,4
Jul-2024,PUBG,EU,3958209,2077159,283,48,9680847,414886,212427,24.35,4
Jul-2024,PUBG,EU,4071477,2024749,246,48,6546512,299211,201553,19.64,0
Jul-2024,PUBG,EU,4348181,2102641,283,47,6629912,293483,238013,12.16,1
Jul-2024,PUBG,EU,3568117,1922125,294,50,5817510,443231,208980,16.72,0
Jul-2024,PUBG,EU,4070738,2110949,294,41,6612640,496781,229476,24.62,1
Jul-2024,PUBG,EU,4052536,2083653,277,49,6816621,450426,223657,10.16,4
Jul-2024,PUBG,EU,4206729,1941938,292,47,9415166,317275,234677,12.52,3
Jul-2024,PUBG,EU,3892861,2051461,290,48,9427020,487010,201128,22.27,2
Jul-2024,PUBG,EU,3812124,1854484,304,47,7018726,304635,169836,22.35,4
Jul-2024,PUBG,EU,4071471,1977396,249,44,8473637,476762,215876,7.75,2
Jul-2024,PUBG,EU,3926543,1912292,299,46,8072357,382258,203274,7.64,3
Jul-2024,PUBG,EU,4030532,1975227,286,49,7534334,339452,192910,22.34,5
Jul-2024,PUBG,EU,4244757,1863708,300,48,6962313,497445,258449,24.8,1
Jul-2024,PUBG,EU,3876699,1955916,302,50,9486638,553039,129246,7.55,0
Jul-2024,PUBG,EU,3735815,2064129,285,47,5900885,446873,261338,5.64,0
Jul-2024,PUBG,EU,4025961,2028232,286,45,8557880,338467,171364,9.13,1
Jul-2024,PUBG,EU,4183732,1942299,306,49,8471234,457968,167495,8.3,0
Jul-2024,PUBG,EU,4155655,1839084,282,47,7248381,483023,174876,20.15,5
Jul-2024,PUBG,Asia,4033851,1947093,306,46,6766253,517375,188989,18.67,4
Jul-2024,PUBG,Asia,4241410,1970369,318,57,9286432,427952,243706,7.1,4
Jul-2024,PUBG,Asia,4242929,1746745,297,52,6759030,386752,108074,17.32,0
Jul-2024,PUBG,Asia,4091825,2138935,306,51,7354575,502690,250104,18.73,0
Jul-2024,PUBG,Asia,4062643,1886003,282,47,6678956,366913,228072,23.32,3
Jul-2024,PUBG,Asia,4252450,1888941,263,50,7398607,450113,149620,7.93,1
Jul-2024,PUBG,Asia,4056208,1845871,287,43,6286949,451352,186925,9.44,5
Jul-2024,PUBG,Asia,3934951,2098072,269,43,6135237,552904,122132,10.81,0
Jul-2024,PUBG,Asia,3997843,1923254,305,47,9450527,430874,182583,24.25,1
Jul-2024,PUBG,Asia,4032073,1932516,317,47,8813997,437672,200347,10.75,5
Jul-2024,PUBG,Asia,3753240,2030811,300,49,6792562,333449,125245,10.93,1
Jul-2024,PUBG,Asia,3994769,1955453,275,48,7663818,440766,174263,20.95,1
Jul-2024,PUBG,Asia,3716057,1989465,292,46,8131520,389303,73543,23.71,0
Jul-2024,PUBG,Asia,3854708,2159708,300,48,5918913,302605,149661,21.24,3
Jul-2024,PUBG,Asia,4293081,2104974,262,51,10093069,551314,277928,7.37,3
Jul-2024,PUBG,Asia,4015267,2039762,264,49,6813465,558697,194868,12.33,2
Jul-2024,PUBG,Asia,4061526,2045379,285,48,7151490,484239,150276,14.11,4
Jul-2024,PUBG,Asia,3589719,2001532,280,49,5794809,429179,215314,11.81,2
Jul-2024,PUBG,Asia,3886664,1862753,286,52,7519686,265295,149397,6.79,4
Jul-2024,PUBG,Asia,4270764,1970745,263,51,8202048,466342,210386,9.06,3
Jul-2024,PUBG,South America,3794930,2010706,282,48,9276620,541366,165188,12.33,4
Jul-2024,PUBG,South America,4499398,1996771,298,48,7317953,450532,173466,9.5,5
Jul-2024,PUBG,South America,4126352,2015051,313,49,10097687,490737,177113,24.56,2
Jul-2024,PUBG,South America,4183059,1983874,304,47,8814016,267683,213241,9.72,5
Jul-2024,PUBG,South America,4086291,2111184,287,47,6310707,490987,141359,24.59,2
Jul-2024,PUBG,South America,4039737,2163051,293,45,6597270,416574,177508,7.69,0
Jul-2024,PUBG,South America,4314647,2064995,282,53,7844579,445803,227806,11.45,2
Jul-2024,PUBG,South America,3939746,2020806,300,50,9400522,403663,217133,14.57,5
Jul-2024,PUBG,South America,4006999,2113437,308,51,7603661,460804,222986,22.66,2
Jul-2024,PUBG,South America,3844907,1858282,278,53,7099455,380495,167053,20.52,3
Jul-2024,PUBG,South America,4055816,1992889,283,56,8905188,356834,202766,21.52,2
Jul-2024,PUBG,South America,4381698,1805703,324,49,9870110,492106,217700,10.6,1
Jul-2024,PUBG,South America,4034302,2078830,272,44,6758920,381040,159241,22.32,4
Jul-2024,PUBG,South America,4084948,1965921,291,50,9756154,489070,197344,16.33,2
Jul-2024,PUBG,South America,4077140,2033213,278,47,7904640,471969,168949,19.31,1
Jul-2024,PUBG,South America,3960785,1963378,311,47,6235746,308295,160609,6.28,5
Jul-2024,PUBG,South America,4010999,1972610,274,51,7787332,376270,181893,17.72,1
Jul-2024,PUBG,South America,4027942,1988037,318,51,8198173,504273,251422,20.9,0
Jul-2024,PUBG,South America,3868886,2100737,309,49,9185527,464908,163782,18.05,2
Jul-2024,PUBG,South America,3924949,1791150,295,47,9783122,362073,188790,16.34,0
Jul-2024,PUBG,Africa,3848725,2040439,299,45,8954104,349647,193749,19.84,0
Jul-2024,PUBG,Africa,4038509,2076141,289,51,6796297,414277,135780,10.95,4
Jul-2024,PUBG,Africa,3821997,1929194,283,49,8562612,433157,202790,6.97,0
Jul-2024,PUBG,Africa,4092612,2045481,281,49,8001716,315855,226444,17.76,2
Jul-2024,PUBG,Africa,4079371,1795409,293,49,9672645,514752,218420,23.55,3
Jul-2024,PUBG,Africa,3960884,1879112,278,55,7421633,404302,176535,6.6,4
Jul-2024,PUBG,Africa,4053017,2046312,294,49,9786544,450933,160213,21.25,0
Jul-2024,PUBG,Africa,4097456,1909251,301,50,8494832,369830,199111,21.38,4
Jul-2024,PUBG,Africa,3976639,1910896,280,48,8665722,436056,228282,21.18,5
Jul-2024,PUBG,Africa,3973859,1989146,281,50,8078525,339077,221808,18.05,0
Jul-2024,PUBG,Africa,4050716,2036149,274,52,7419062,615561,184185,20.47,2
Jul-2024,PUBG,Africa,3810018,2011133,293,48,6723459,555181,79551,15.97,5
Jul-2024,PUBG,Africa,3894864,1982567,298,54,6090722,346205,215676,22.72,2
Jul-2024,PUBG,Africa,3799575,1739622,281,49,8093001,314907,197135,22.71,1
Jul-2024,PUBG,Africa,4510090,1944920,288,48,9530370,580116,186900,12.9,5
Jul-2024,PUBG,Africa,4058858,2023591,293,47,9796933,250712,208878,13.68,0
Jul-2024,PUBG,Africa,3806146,2127788,303,52,8229187,364684,173029,14.94,3
Jul-2024,PUBG,Africa,3984861,1987494,303,50,9369555,371423,307051,13.14,0
Jul-2024,PUBG,Africa,3944685,1927403,287,51,6401907,422310,172994,5.49,1
Jul-2024,PUBG,Africa,3948304,1922703,288,51,7492463,532871,188199,11.58,2
Jul-2024,PUBG,Oceania,3905740,1891484,275,52,7776463,351336,202319,20.08,0
Jul-2024,PUBG,Oceania,4130773,1811090,298,55,9454699,335398,268190,7.14,2
Jul-2024,PUBG,Oceania,4150705,2059692,301,49,8322670,464745,162733,6.96,5
Jul-2024,PUBG,Oceania,3809238,2011147,278,51,7801873,335102,201199,8.64,5
Jul-2024,PUBG,Oceania,4046323,2083998,259,48,6332064,415625,120019,5.01,2
Jul-2024,PUBG,Oceania,3696936,2052839,301,45,5830025,322619,234619,11.57,0
Jul-2024,PUBG,Oceania,3770418,1976543,298,49,7073937,271906,240188,13.19,0
Jul-2024,PUBG,Oceania,4006813,2101029,305,47,9817831,527767,303450,20.69,1
Jul-2024,PUBG,Oceania,4067900,2061338,289,45,7563620,404646,211031,10.04,3
Jul-2024,PUBG,Oceania,3873299,2228154,287,50,6981631,398996,201844,16.91,2
Jul-2024,PUBG,Oceania,4278108,1954173,309,52,7777965,587171,193886,18.02,1
Jul-2024,PUBG,Oceania,3912706,2189325,286,44,6330821,285912,136137,13.78,2
Jul-2024,PUBG,Oceania,3893986,2061827,295,49,6827118,425108,190655,11.6,1
Jul-2024,PUBG,Oceania,4012084,2044667,288,43,8581952,313191,208751,10.03,5
Jul-2024,PUBG,Oceania,4008987,1996108,277,49,7412275,265778,206399,24.98,0
Jul-2024,PUBG,Oceania,4335229,1971143,286,49,10597799,453232,224834,22.82,4
Jul-2024,PUBG,Oceania,4082587,2004010,279,49,9104992,339141,227597,8.36,3
Jul-2024,PUBG,Oceania,4170497,2180218,284,50,7396664,334241,262696,9.69,1
Jul-2024,PUBG,Oceania,4314947,2203612,287,50,8112005,394648,241114,14.21,4
Jul-2024,PUBG,Oceania,4153626,1871021,271,47,10167670,472377,221860,7.36,5
Aug-2024,PUBG,NA,4169977,2054242,273,50,9893463,377403,178965,20.73,4
Aug-2024,PUBG,NA,4272518,1898547,317,48,6987489,532337,203384,17.31,1
Aug-2024,PUBG,NA,4137119,1860850,281,49,7216565,347151,175991,15.8,2
Aug-2024,PUBG,NA,4107700,1947576,300,48,7601242,425826,171218,22.28,4
Aug-2024,PUBG,NA,3864575,1876290,286,51,6103574,298052,176877,24.89,1
Aug-2024,PUBG,NA,4076903,1816791,282,49,6645396,494235,188539,6.82,5
Aug-2024,PUBG,NA,4151067,1926793,280,47,7428743,246676,212876,10.29,5
Aug-2024,PUBG,NA,4099021,2179196,270,50,9374747,436923,221264,19.03,4
Aug-2024,PUBG,NA,3888419,2087813,314,45,9326391,408164,262884,19.55,0
Aug-2024,PUBG,NA,4000858,2064195,297,46,9971857,351541,178858,6.17,1
Aug-2024,PUBG,NA,4211644,1937379,282,49,7451861,413832,218720,23.8,4
Aug-2024,PUBG,NA,3820989,2014858,297,48,7094342,470082,139609,20.03,1
Aug-2024,PUBG,NA,4208800,1944069,298,42,9675858,325845,105815,11.47,0
Aug-2024,PUBG,NA,3817525,1881507,282,51,7293092,495192,186556,16.08,5
Aug-2024,PUBG,NA,3988192,1942655,292,49,7029332,467135,142821,12.47,3
Aug-2024,PUBG,NA,3919178,2050849,281,45,9791069,421350,205513,9.96,5
Aug-2024,PUBG,NA,4075383,2230031,323,44,8492984,403518,178663,7.01,3
Aug-2024,PUBG,NA,4155956,1923833,283,49,9496359,380277,237797,15.79,5
Aug-2024,PUBG,NA,4067253,2086958,274,51,6218889,248325,120922,10.53,4
Aug-2024,PUBG,NA,4027954,2000176,285,43,8148125,455464,189639,11.33,0
Aug-2024,PUBG,EU,4001823,1935678,288,43,8089766,422395,254594,23.81,0
Aug-2024,PUBG,EU,4094405,2044119,276,51,9358989,469744,198390,7.47,5
Aug-2024,PUBG,EU,4216942,1947677,294,44,6970369,243992,274368,6.93,0
Aug-2024,PUBG,EU,3825296,2019701,288,49,9478069,328209,265491,6.22,3
Aug-2024,PUBG,EU,4014122,1968057,291,45,6292168,474108,228417,22.21,2
Aug-2024,PUBG,EU,4115826,2104340,280,47,6348012,272676,99937,22.24,5
Aug-2024,PUBG,EU,4391332,2076341,323,45,10402273,464350,245464,7.1,2
Aug-2024,PUBG,EU,3901024,2047527,279,47,8978372,522018,161316,5.89,4
Aug-2024,PUBG,EU,4114346,1998985,275,49,6858653,358987,267036,23.91,0
Aug-2024,PUBG,EU,4084830,2037231,284,49,9220624,441956,237268,9.18,5
Aug-2024,PUBG,EU,4230548,2036768,310,50,8385955,470178,167830,12.79,4
Aug-2024,PUBG,EU,4266694,1855794,274,47,9185891,497474,195234,11.7,2
Aug-2024,PUBG,EU,4017257,2089174,288,51,9178258,443346,215477,13.56,3
Aug-2024,PUBG,EU,3870792,2025238,264,50,9089372,391737,191882,17.86,1
Aug-2024,PUBG,EU,4229642,1989355,291,49,6931926,339745,266010,11.39,5
Aug-2024,PUBG,EU,3979325,1963030,269,49,7845354,323160,207265,21.14,2
Aug-2024,PUBG,EU,3855555,1871464,282,49,7248433,519370,273286,15.43,5
Aug-2024,PUBG,EU,4256214,2090972,295,56,7193771,358140,277710,11.6,5
Aug-2024,PUBG,EU,3828045,2121348,287,48,6279323,351465,238437,14.01,0
Aug-2024,PUBG,EU,3788159,2018410,292,53,8032276,370790,241318,5.72,2
Aug-2024,PUBG,Asia,3799435,1971271,274,44,6241129,318395,195399,7.37,2
Aug-2024,PUBG,Asia,3315842,1929443,295,45,6987392,425612,126794,9.49,4
Aug-2024,PUBG,Asia,3826931,2126505,287,44,8742418,393030,244711,11.64,0
Aug-2024,PUBG,Asia,4065229,2109494,309,45,8116513,512485,193272,5.94,5
Aug-2024,PUBG,Asia,3864806,2019110,292,46,7442611,433545,259341,15.11,1
Aug-2024,PUBG,Asia,4084429,1988751,286,55,7656185,307345,189666,11.65,4
Aug-2024,PUBG,Asia,4179159,1920143,309,47,8040557,259725,218362,17.74,5
Aug-2024,PUBG,Asia,3679526,2139968,288,51,7034202,282155,202213,8.76,3
Aug-2024,PUBG,Asia,4146619,2001701,307,52,8349278,477312,239050,11.95,1
Aug-2024,PUBG,Asia,3728881,1910972,255,48,9206318,281545,179961,6.72,5
Aug-2024,PUBG,Asia,3749673,2004312,277,43,8010096,247303,148772,14.81,0
Aug-2024,PUBG,Asia,4139941,1801596,274,49,9399811,281759,186288,17.68,2
Aug-2024,PUBG,Asia,4040929,1998701,286,43,6729586,387877,204056,21.81,3
Aug-2024,PUBG,Asia,4182553,2131194,288,46,6834023,398674,168061,17.65,2
Aug-2024,PUBG,Asia,4181036,1914818,297,49,9373085,484234,269550,15.7,3
Aug-2024,PUBG,Asia,4125252,2029509,305,49,9316810,516528,146154,7.71,3
Aug-2024,PUBG,Asia,3577866,1866851,289,47,7839735,221521,139341,6.79,2
Aug-2024,PUBG,Asia,3797667,1927569,286,52,8125082,363723,175809,16.4,5
Aug-2024,PUBG,Asia,4001160,2224556,298,49,9615608,370333,223598,22.49,0
Aug-2024,PUBG,Asia,4134595,2110854,307,50,6281631,432023,237853,15.82,1
Aug-2024,PUBG,South America,4139804,2026124,284,41,7617904,442283,214743,6.66,3
Aug-2024,PUBG,South America,4106771,1909384,320,47,8799336,430500,207717,20.9,5
Aug-2024,PUBG,South America,4244590,2115658,291,49,8058214,495613,167890,24.38,2
Aug-2024,PUBG,South America,3957744,1997890,295,48,9619904,249563,235557,8.06,2
Aug-2024,PUBG,South America,3875572,2153462,273,50,5926907,559884,239766,13.07,3
Aug-2024,PUBG,South America,3785775,2170958,327,47,7624382,404388,182638,14.01,2
Aug-2024,PUBG,South America,3844654,1972040,288,52,6603044,342932,179993,15.95,1
Aug-2024,PUBG,South America,3894383,1936529,306,47,7025970,438265,161615,18.36,0
Aug-2024,PUBG,South America,4207942,2103693,303,50,8306832,365432,217015,14.04,4
Aug-2024,PUBG,South America,4215815,1954924,283,47,9920166,487000,247723,10.71,0
Aug-2024,PUBG,South America,4063279,1986576,295,48,6997555,274604,222175,12.07,3
Aug-2024,PUBG,South America,3590204,2053074,289,53,7384560,426957,211722,24.21,5
Aug-2024,PUBG,South America,3818512,2084444,287,45,8883382,230956,214505,24.71,1
Aug-2024,PUBG,South America,4131545,1915396,256,49,6278871,460392,132522,17.38,2
Aug-2024,PUBG,South America,3449115,1899630,283,50,6574004,380986,161398,9.86,0
Aug-2024,PUBG,South America,4046850,1913455,305,46,8372756,480206,215475,6.84,4
Aug-2024,PUBG,South America,4123558,1888390,283,46,10051482,428317,281610,22.53,0
Aug-2024,PUBG,South America,4297104,2155933,306,48,7423294,452775,354396,21.25,4
Aug-2024,PUBG,South America,4624277,1921415,297,44,9718714,513309,184472,6.17,2
Aug-2024,PUBG,South America,4061656,2005646,268,48,7564736,372091,245834,21.39,3
Aug-2024,PUBG,Africa,3921866,1936775,291,52,8318192,410699,199813,13.18,4
Aug-2024,PUBG,Africa,3889413,2251507,275,51,7917335,262822,190729,13.97,0
Aug-2024,PUBG,Africa,4008443,1924797,269,49,7177507,410631,214877,5.19,2
Aug-2024,PUBG,Africa,4064972,1985606,287,47,8075436,209287,148344,22.25,0
Aug-2024,PUBG,Africa,3967736,1850954,290,45,8484404,470342,162846,10.18,3
Aug-2024,PUBG,Africa,4131585,1927194,306,48,9003260,344929,200044,22.68,4
Aug-2024,PUBG,Africa,4132250,2068588,284,43,9216021,404873,127835,7.1,1
Aug-2024,PUBG,Africa,3972775,2236681,322,45,8310045,485742,165436,14.04,3
Aug-2024,PUBG,Africa,3992515,1999682,282,51,9877726,241774,215464,8.44,4
Aug-2024,PUBG,Africa,3921342,2083826,285,45,6204953,386184,232511,24.99,2
Aug-2024,PUBG,Africa,3930143,1831766,308,54,6145775,395876,232730,20.27,3
Aug-2024,PUBG,Africa,3757059,1976850,279,43,6318633,278313,218387,24.16,1
Aug-2024,PUBG,Africa,4065872,2129498,293,47,9076450,453641,241106,19.04,2
Aug-2024,PUBG,Africa,4148172,2016129,304,46,7578945,462279,151243,14.47,0
Aug-2024,PUBG,Africa,3758247,1986010,316,52,7589442,388980,203367,10.27,1
Aug-2024,PUBG,Africa,4252276,1908952,275,45,8795263,385779,248114,10.41,4
Aug-2024,PUBG,Africa,4088711,2008843,264,52,9031981,445948,225890,16.2,4
Aug-2024,PUBG,Africa,4049706,1827302,308,44,7803353,491272,155244,9.75,5
Aug-2024,PUBG,Africa,4017062,2099926,273,46,8613096,340148,190918,5.2,5
Aug-2024,PUBG,Africa,4217955,1965567,281,49,9077002,358628,210211,17.35,2
Aug-2024,PUBG,Oceania,4296897,1947790,305,48,7402071,242686,253465,12.36,4
Aug-2024,PUBG,Oceania,3795713,2032645,299,49,8712011,445922,196715,15.28,4
Aug-2024,PUBG,Oceania,4244331,1895633,294,45,6596941,468729,221101,6.4,3
Aug-2024,PUBG,Oceania,3309855,1934498,259,49,8201556,313829,141975,8.27,5
Aug-2024,PUBG,Oceania,4127042,2042019,286,53,6887593,419246,213946,23.83,3
Aug-2024,PUBG,Oceania,3722174,2062385,282,47,6964846,432679,150611,16.33,1
Aug-2024,PUBG,Oceania,4359163,2093924,311,53,10711652,250393,220085,17.75,1
Aug-2024,PUBG,Oceania,3929593,1877118,278,50,6819207,394574,237473,23.58,1
Aug-2024,PUBG,Oceania,3906571,2126505,283,47,6896065,343204,230343,6.37,1
Aug-2024,PUBG,Oceania,4104579,2032171,274,44,7281324,482377,213207,23.45,1
Aug-2024,PUBG,Oceania,3664878,1900317,309,51,8634155,334977,194666,11.3,3
Aug-2024,PUBG,Oceania,4230783,2012862,317,51,6468600,319778,236221,20.11,5
Aug-2024,PUBG,Oceania,4079800,2189107,293,48,8062253,450944,171785,18.83,3
Aug-2024,PUBG,Oceania,4017884,1954613,270,49,8528396,501597,265046,10.15,1
Aug-2024,PUBG,Oceania,4219220,1848125,297,50,9683076,489703,217952,14.25,5
Aug-2024,PUBG,Oceania,3848955,2004231,297,46,7632991,186685,161620,15.01,3
Aug-2024,PUBG,Oceania,4109468,2132782,299,49,10105206,388102,176950,17.14,1
Aug-2024,PUBG,Oceania,3986568,1901875,283,48,8299023,414282,259198,7.29,3
Aug-2024,PUBG,Oceania,4233743,2132550,293,46,10490200,475267,204225,14.82,2
Aug-2024,PUBG,Oceania,4042216,2278915,318,49,8968894,492296,163088,12.96,3
Sep-2024,PUBG,NA,4018166,2050077,269,47,7106976,349713,175454,6.06,5
Sep-2024,PUBG,NA,4070563,2025156,276,45,7192818,427590,227045,24.01,1
Sep-2024,PUBG,NA,3821643,1993119,291,44,6197079,430285,210093,19.01,0
Sep-2024,PUBG,NA,4271428,1994493,281,47,9331804,412001,162167,10.59,2
Sep-2024,PUBG,NA,3961811,1935435,300,48,6790542,208083,233083,19.44,3
Sep-2024,PUBG,NA,3970676,2028813,257,50,9509515,365964,228905,13.16,2
Sep-2024,PUBG,NA,4135030,2282339,310,56,7557516,304887,256840,24.32,3
Sep-2024,PUBG,NA,4272453,2045931,300,50,8951764,454568,184684,6.41,0
Sep-2024,PUBG,NA,3775252,1906432,284,48,7544214,313664,141598,17.57,2
Sep-2024,PUBG,NA,3971508,2080407,280,50,7743653,325741,224745,14.58,3
Sep-2024,PUBG,NA,3920481,2072873,266,53,9642165,411992,309988,9.13,2
Sep-2024,PUBG,NA,3960879,1989252,295,47,9743645,426307,243070,20.76,1
Sep-2024,PUBG,NA,4013538,2133161,312,49,8693882,478797,185842,24.04,4
Sep-2024,PUBG,NA,4112634,1925132,288,48,8242098,515898,247600,19.82,3
Sep-2024,PUBG,NA,4110422,1949959,284,49,9156527,364630,251100,5.78,3
Sep-2024,PUBG,NA,3994504,1914735,292,50,7918335,449041,192917,6.18,1
Sep-2024,PUBG,NA,3890732,1978358,255,49,6104147,347562,225830,16.13,1
Sep-2024,PUBG,NA,4108413,2115804,290,44,7014424,499058,211925,16.39,0
Sep-2024,PUBG,NA,3873069,1861364,283,46,8594099,431093,179830,18.63,4
Sep-2024,PUBG,NA,4221513,2167479,297,51,9984622,317187,224000,18.57,4
Sep-2024,PUBG,EU,4164576,1926298,288,53,7310864,374315,213038,18.95,1
Sep-2024,PUBG,EU,4267611,1897662,275,52,8769057,416193,189278,9.91,2
Sep-2024,PUBG,EU,3511463,1908348,303,45,6507727,390081,185675,21.34,4
Sep-2024,PUBG,EU,4415399,1843543,297,50,9689257,613864,296122,19.63,0
Sep-2024,PUBG,EU,4165454,2162114,273,47,7022302,321637,186298,6.42,0
Sep-2024,PUBG,EU,4059569,2016667,279,48,9126354,294291,195142,21.81,0
Sep-2024,PUBG,EU,4025537,2090902,314,47,6126584,431052,149718,9.11,1
Sep-2024,PUBG,EU,3891346,1884468,293,49,8877896,369243,183345,21.09,2
Sep-2024,PUBG,EU,4526618,1975468,283,46,7353616,452682,322603,15.73,3
Sep-2024,PUBG,EU,4162365,1980064,303,48,7848685,657665,215087,5.54,5
Sep-2024,PUBG,EU,3886260,1927177,268,49,7331890,363153,214988,19.09,1
Sep-2024,PUBG,EU,3831441,2032605,314,53,6782030,324687,239027,5.87,5
Sep-2024,PUBG,EU,4143042,1922222,308,46,7216523,510779,209790,5.54,2
Sep-2024,PUBG,EU,3763857,1979022,309,49,8073868,265745,336155,15.88,4
Sep-2024,PUBG,EU,3728396,1954014,268,58,7136677,284880,166251,19.74,2
Sep-2024,PUBG,EU,3891638,2006482,302,50,8993048,399048,203153,9.41,3
Sep-2024,PUBG,EU,4129311,1894851,311,48,8507135,443940,266773,17.36,3
Sep-2024,PUBG,EU,4110952,2015441,284,46,8198450,458339,221503,9.9,3
Sep-2024,PUBG,EU,4121143,2028506,295,43,6192175,511699,235309,22.98,3
Sep-2024,PUBG,EU,3839927,1980337,287,46,6429798,397721,168732,12.43,5
Sep-2024,PUBG,Asia,4275120,1921700,289,49,8997526,372254,245711,9.76,0
Sep-2024,PUBG,Asia,4086547,2004657,277,51,8340013,375231,221199,16.82,0
Sep-2024,PUBG,Asia,3911757,1914272,310,51,7934334,360817,192246,17.82,4
Sep-2024,PUBG,Asia,3962985,2043464,302,48,6907852,381827,233792,10.55,5
Sep-2024,PUBG,Asia,3952832,1953121,282,51,8810920,349238,173963,6.4,3
Sep-2024,PUBG,Asia,4361914,1982515,293,50,9545453,515549,259565,18.03,0
Sep-2024,PUBG,Asia,3963089,2204594,282,55,6700778,318755,171521,7.0,3
Sep-2024,PUBG,Asia,4138275,2112750,281,43,9076013,532924,184415,5.42,3
Sep-2024,PUBG,Asia,4063212,2051657,288,46,7013533,511647,176888,8.41,3
Sep-2024,PUBG,Asia,3951576,2071769,294,47,7867919,563915,150269,7.23,3
Sep-2024,PUBG,Asia,4021817,1892478,300,47,8222299,373943,200776,17.62,1
Sep-2024,PUBG,Asia,3984442,2092367,274,48,7002999,382597,189856,17.64,4
Sep-2024,PUBG,Asia,4055997,1976529,291,48,7200025,419242,243119,20.81,3
Sep-2024,PUBG,Asia,4104750,2064707,278,46,10007038,460324,291493,23.98,1
Sep-2024,PUBG,Asia,4028739,1825417,292,46,9992829,281490,160684,10.55,1
Sep-2024,PUBG,Asia,4130016,1915360,280,51,10151302,406381,262094,22.67,0
Sep-2024,PUBG,Asia,3798472,1978033,293,51,8939385,183027,154153,10.32,2
Sep-2024,PUBG,Asia,4017258,2176047,279,48,8206861,516619,157141,9.75,0
Sep-2024,PUBG,Asia,4283159,1912986,308,49,10320365,521651,228400,7.02,0
Sep-2024,PUBG,Asia,3751114,2038921,297,48,9205581,319727,191144,16.11,1
Sep-2024,PUBG,South America,4148437,2031215,298,42,6357826,294659,205614,14.31,0
Sep-2024,PUBG,South America,4193346,2192477,279,42,9327915,378059,191995,5.63,4
Sep-2024,PUBG,South America,4133781,1954371,284,43,6651035,450443,117758,14.38,4
Sep-2024,PUBG,South America,3838093,2064234,304,50,9134298,354621,158231,22.56,0
Sep-2024,PUBG,South America,4042529,2075561,320,50,6550067,411548,167955,21.08,0
Sep-2024,PUBG,South America,3752222,2148303,295,49,8711493,321723,213844,9.08,4
Sep-2024,PUBG,South America,4172208,2106083,285,52,8287489,269630,195146,13.29,5
Sep-2024,PUBG,South America,3847320,1954638,284,53,8045717,432017,146360,13.9,0
Sep-2024,PUBG,South America,3906591,2004663,291,50,7180002,448702,211494,21.69,4
Sep-2024,PUBG,South America,4056807,2069460,278,47,8723399,442695,211671,23.25,5
Sep-2024,PUBG,South America,3953514,1937257,288,49,7547901,352931,188270,10.37,5
Sep-2024,PUBG,South America,3769545,1940860,284,50,8517869,416850,192237,17.43,1
Sep-2024,PUBG,South America,4288686,2005802,288,52,9582500,390660,243808,11.1,3
Sep-2024,PUBG,South America,3948615,2121288,276,49,7033644,476280,255047,23.7,2
Sep-2024,PUBG,South America,4369860,1937432,320,52,8419361,473594,202915,22.84,4
Sep-2024,PUBG,South America,3589429,1997913,287,50,6592102,447870,145410,5.47,4
Sep-2024,PUBG,South America,3870171,1864527,280,47,8128155,310186,141543,10.04,1
Sep-2024,PUBG,South America,4409181,1895035,275,51,10114746,450007,275163,7.81,5
Sep-2024,PUBG,South America,4362115,2090532,294,48,10099453,412946,240049,22.27,5
Sep-2024,PUBG,South America,3829446,2032296,287,44,8545060,376157,104412,7.14,3
Sep-2024,PUBG,Africa,3943824,2097019,298,48,9069299,440529,206955,5.23,2
Sep-2024,PUBG,Africa,4187118,2102403,266,50,9103215,384905,254012,5.72,4
Sep-2024,PUBG,Africa,3862585,1943754,275,47,6027171,406261,161178,6.31,5
Sep-2024,PUBG,Africa,4276324,2015586,298,50,8040256,419851,244295,18.57,1
Sep-2024,PUBG,Africa,3879035,1938894,269,48,9667796,242576,155585,11.49,4
Sep-2024,PUBG,Africa,3953126,2029125,251,54,6872862,290371,159382,22.25,2
Sep-2024,PUBG,Africa,4175874,2098258,300,47,8461599,459583,241211,5.17,2
Sep-2024,PUBG,Africa,4268537,1999131,273,47,8661217,447837,151321,12.56,2
Sep-2024,PUBG,Africa,4140628,2027145,278,49,9964132,409695,207870,11.96,2
Sep-2024,PUBG,Africa,4122510,2145867,277,48,9894553,351569,243227,8.85,3
Sep-2024,PUBG,Africa,3887985,1885071,279,46,6550785,475267,135860,22.46,2
Sep-2024,PUBG,Africa,3828638,2001298,301,47,9239758,375692,200969,15.17,4
Sep-2024,PUBG,Africa,4508409,2072355,253,46,11160334,346415,235588,5.67,1
Sep-2024,PUBG,Africa,4267835,1989053,292,51,8842161,229935,184782,7.78,2
Sep-2024,PUBG,Africa,4074734,1838886,265,50,6871763,419432,198752,10.47,5
Sep-2024,PUBG,Africa,3937884,2042400,261,44,8185473,355103,291763,6.37,4
Sep-2024,PUBG,Africa,4042635,1940475,277,46,6196220,379529,133013,23.41,3
Sep-2024,PUBG,Africa,3844537,2215074,319,48,7791761,351765,164519,17.46,2
Sep-2024,PUBG,Africa,3764868,2026355,293,47,8847833,404665,234614,13.07,2
Sep-2024,PUBG,Africa,4048678,1868965,288,45,7513292,678616,200650,8.0,0
Sep-2024,PUBG,Oceania,4264552,1940019,287,44,6466322,562037,173007,9.76,1
Sep-2024,PUBG,Oceania,3924820,2030085,281,45,9525617,382600,186940,24.0,5
Sep-2024,PUBG,Oceania,3684664,2049325,275,51,7836100,320995,264027,24.23,1
Sep-2024,PUBG,Oceania,3814286,2096278,318,50,9136532,472999,163763,21.65,4
Sep-2024,PUBG,Oceania,4247683,1954131,256,52,7146307,387056,257142,21.69,5
Sep-2024,PUBG,Oceania,3754908,2151408,285,49,5745521,322109,146941,15.17,2
Sep-2024,PUBG,Oceania,4082356,2072342,298,48,9358171,349827,159138,19.68,3
Sep-2024,PUBG,Oceania,3967632,2034745,266,54,8193645,546797,184011,11.87,0
Sep-2024,PUBG,Oceania,3673292,2074229,290,50,9120277,260061,177684,9.81,4
Sep-2024,PUBG,Oceania,3721311,2056895,283,50,7266089,435855,220048,15.79,2
Sep-2024,PUBG,Oceania,3975429,1997508,292,46,9704606,472071,112941,10.14,2
Sep-2024,PUBG,Oceania,4361056,2076395,274,45,9559072,428512,250650,8.82,0
Sep-2024,PUBG,Oceania,3962389,2039039,260,48,8895366,394572,226675,8.45,3
Sep-2024,PUBG,Oceania,4176012,2104288,288,50,7037812,502759,203518,22.61,4
Sep-2024,PUBG,Oceania,4312481,1954207,321,52,10632578,397521,256833,8.87,1
Sep-2024,PUBG,Oceania,4165881,1992020,308,46,6583996,405962,189770,16.9,5
Sep-2024,PUBG,Oceania,4163494,1940375,270,45,8161563,526182,214773,16.29,5
Sep-2024,PUBG,Oceania,3829641,1933739,303,47,6006918,357985,168665,14.18,5
Sep-2024,PUBG,Oceania,3917476,2157040,277,48,9331427,475341,171908,16.85,2
Sep-2024,PUBG,Oceania,4312224,1814282,279,51,10055931,397485,263348,24.88,1
Oct-2024,PUBG,NA,3664756,1985760,279,46,6375994,498767,198693,7.67,4
Oct-2024,PUBG,NA,4077370,1959599,292,50,9027496,536072,225775,11.68,3
Oct-2024,PUBG,NA,3730686,1954555,295,49,9189626,372191,210722,20.75,1
Oct-2024,PUBG,NA,3768944,1870435,271,43,6653249,400504,229352,13.32,2
Oct-2024,PUBG,NA,3887667,2082490,300,45,6441394,531416,217207,9.49,1
Oct-2024,PUBG,NA,4083333,2051760,290,46,7730237,417115,282192,11.78,1
Oct-2024,PUBG,NA,3665322,2035926,299,46,6834830,488736,181710,11.45,0
Oct-2024,PUBG,NA,4344674,2051161,304,54,8309016,506140,229869,5.32,3
Oct-2024,PUBG,NA,3949414,2045291,324,47,9144087,473123,198704,15.87,4
Oct-2024,PUBG,NA,4193486,2010482,282,45,10349898,465667,235113,7.56,4
Oct-2024,PUBG,NA,3821266,2143355,278,46,8920428,476836,165426,24.52,2
Oct-2024,PUBG,NA,4156408,1888757,297,45,6704844,398017,182508,17.4,4
Oct-2024,PUBG,NA,3949457,1846852,280,47,9642701,604556,150376,10.41,4
Oct-2024,PUBG,NA,4405584,2083643,308,47,10233748,488635,292721,9.09,0
Oct-2024,PUBG,NA,4065044,1977285,294,46,7832628,391346,209891,13.3,1
Oct-2024,PUBG,NA,4128070,1897514,288,45,6757205,332458,241630,8.7,5
Oct-2024,PUBG,NA,3990451,2015280,308,47,8702041,358273,195536,5.65,4
Oct-2024,PUBG,NA,3605509,1913508,307,47,8535956,406116,164675,22.4,1
Oct-2024,PUBG,NA,4101157,2028871,280,51,9781698,372366,120102,5.19,3
Oct-2024,PUBG,NA,4358318,2041798,296,44,7416342,515265,264784,23.32,3
Oct-2024,PUBG,EU,4248512,1960291,284,46,6687480,385722,231708,22.71,1
Oct-2024,PUBG,EU,3769004,2105425,298,47,6239668,313476,272215,5.18,3
Oct-2024,PUBG,EU,4397807,1824205,300,53,7366262,387296,226235,18.69,5
Oct-2024,PUBG,EU,4138275,1999548,299,49,7658582,604455,299921,16.63,0
Oct-2024,PUBG,EU,4006323,2156809,271,46,6210972,481672,143516,7.45,5
Oct-2024,PUBG,EU,4107196,1916061,323,48,10214386,246801,232427,18.12,1
Oct-2024,PUBG,EU,4210995,2070715,291,46,6764326,477478,190480,11.91,2
Oct-2024,PUBG,EU,4314408,1997466,307,55,9261805,433296,163207,24.06,4
Oct-2024,PUBG,EU,4064819,1989933,301,47,10003947,373723,190517,10.72,1
Oct-2024,PUBG,EU,4236243,2023037,320,44,7412986,349534,214672,14.29,1
Oct-2024,PUBG,EU,3850012,2058115,299,46,6480945,384048,185862,11.19,3
Oct-2024,PUBG,EU,3807177,1798291,302,50,9269239,363317,236138,11.17,3
Oct-2024,PUBG,EU,3681938,1963277,290,49,5678463,466855,220988,11.05,2
Oct-2024,PUBG,EU,3904031,2018640,270,42,6456358,193058,125213,13.81,3
Oct-2024,PUBG,EU,4190232,2005695,292,49,9651565,505200,207506,24.78,0
Oct-2024,PUBG,EU,4231752,2027801,287,50,8419162,457865,203421,24.15,0
Oct-2024,PUBG,EU,4140198,1988323,289,48,7381510,237159,233244,11.42,5
Oct-2024,PUBG,EU,4167410,2007456,310,50,7972933,193873,175613,17.73,0
Oct-2024,PUBG,EU,3946278,2063467,323,55,8391719,516976,189669,21.37,2
Oct-2024,PUBG,EU,3933766,1818151,298,46,6601846,347118,221866,20.62,1
Oct-2024,PUBG,Asia,4018194,2201489,294,52,6099169,544087,195048,22.71,3
Oct-2024,PUBG,Asia,4164815,2041086,272,50,8511974,370849,110862,19.96,0
Oct-2024,PUBG,Asia,3945217,1889360,272,43,6806131,284411,165317,14.54,5
Oct-2024,PUBG,Asia,4430739,2042813,276,42,10868228,476144,240579,14.61,5
Oct-2024,PUBG,Asia,3936321,1896445,279,48,7234018,221900,230958,19.44,1
Oct-2024,PUBG,Asia,4140649,1904764,302,47,7169556,402513,126683,20.81,5
Oct-2024,PUBG,Asia,3917081,2078516,288,46,8437205,308875,199501,14.09,1
Oct-2024,PUBG,Asia,3889870,1960504,278,44,7714585,344576,215418,22.17,2
Oct-2024,PUBG,Asia,4446827,2054925,269,46,7113174,468284,214308,8.05,4
Oct-2024,PUBG,Asia,3882006,1933676,284,48,8393103,334963,123768,14.58,3
Oct-2024,PUBG,Asia,3974486,1922698,292,44,8407238,480831,227451,6.61,0
Oct-2024,PUBG,Asia,4221148,2222681,310,48,7656672,340342,211198,19.05,5
Oct-2024,PUBG,Asia,3818423,1917957,276,47,9384004,388198,212140,13.21,0
Oct-2024,PUBG,Asia,3752991,1996585,300,53,6356508,357786,194487,11.29,2
Oct-2024,PUBG,Asia,3874891,2076234,287,47,6180483,500805,171671,6.61,0
Oct-2024,PUBG,Asia,3813863,2089468,259,49,8234407,294412,103564,9.7,1
Oct-2024,PUBG,Asia,4249716,2070130,296,56,6747705,225190,222129,6.32,4
Oct-2024,PUBG,Asia,3712814,2109485,292,48,7791053,429454,178211,14.31,1
Oct-2024,PUBG,Asia,4045558,1890033,257,45,9439790,510906,198897,11.76,1
Oct-2024,PUBG,Asia,4049634,2114273,325,50,6283722,378191,210483,5.36,4
Oct-2024,PUBG,South America,3779925,1981986,305,41,6503141,425960,115944,5.57,5
Oct-2024,PUBG,South America,3968647,1979584,323,48,7888268,326738,234528,22.41,1
Oct-2024,PUBG,South America,3752445,1920998,283,51,6643993,442730,239008,22.96,0
Oct-2024,PUBG,South America,4167891,2088728,298,48,9936348,425059,189251,22.15,0
Oct-2024,PUBG,South America,4111799,1894466,295,44,8759061,631791,245664,8.73,5
Oct-2024,PUBG,South America,4116536,2065720,278,48,6347972,489304,198934,16.7,4
Oct-2024,PUBG,South America,4004901,2145421,271,48,6613570,495904,197319,5.42,0
Oct-2024,PUBG,South America,4010745,2066734,312,49,9391666,501282,223388,22.47,0
Oct-2024,PUBG,South America,3787335,2047064,302,51,6327872,388351,166407,20.05,4
Oct-2024,PUBG,South America,4367276,1933942,280,49,8831940,449112,256327,16.8,0
Oct-2024,PUBG,South America,3722634,2112641,277,52,6242702,330208,163291,21.07,4
Oct-2024,PUBG,South America,4089989,2033878,320,43,8766134,337193,273944,15.78,1
Oct-2024,PUBG,South America,4462183,1983613,298,50,10963509,587481,208102,5.86,2
Oct-2024,PUBG,South America,3733326,1848868,294,47,7938172,437984,185177,20.58,1
Oct-2024,PUBG,South America,3957962,2107148,268,48,7963532,406678,199461,15.87,2
Oct-2024,PUBG,South America,4003658,1887434,279,46,9659138,361624,236179,21.16,2
Oct-2024,PUBG,South America,4258343,2175361,297,51,7724825,406997,275065,5.83,5
Oct-2024,PUBG,South America,3828819,2096721,291,53,6247530,395431,152027,24.43,3
Oct-2024,PUBG,South America,4127651,2117266,294,51,6568998,328093,207694,24.47,5
Oct-2024,PUBG,South America,3959712,2078706,248,46,7500840,416751,205943,24.53,0
Oct-2024,PUBG,Africa,4071834,2128034,288,50,8482673,264112,163122,12.7,5
Oct-2024,PUBG,Africa,3825497,2059567,288,51,7129448,349961,157625,7.65,1
Oct-2024,PUBG,Africa,4223767,1969538,285,53,7575720,358834,211979,22.98,2
Oct-2024,PUBG,Africa,3951319,2016659,295,46,9513070,393006,235740,9.8,4
Oct-2024,PUBG,Africa,3988482,2018260,261,43,7158873,382643,189543,17.69,5
Oct-2024,PUBG,Africa,4079807,1922691,304,44,9903929,448346,202598,22.75,4
Oct-2024,PUBG,Africa,4013936,1964669,275,50,8939951,441138,142388,16.34,0
Oct-2024,PUBG,Africa,3851346,2074174,289,50,9419217,320867,151045,11.58,4
Oct-2024,PUBG,Africa,3920174,1995844,293,50,6655134,443940,174491,20.84,3
Oct-2024,PUBG,Africa,4039389,1901260,285,44,6089872,461510,223181,22.95,3
Oct-2024,PUBG,Africa,3975898,2113525,292,52,9464732,360671,89188,19.57,3
Oct-2024,PUBG,Africa,3952005,2011105,283,49,8258845,239648,171948,19.21,0
Oct-2024,PUBG,Africa,3975983,2170669,283,48,9810979,208515,229938,9.68,2
Oct-2024,PUBG,Africa,4206980,2049955,289,52,8447348,398873,237966,18.92,4
Oct-2024,PUBG,Africa,3703542,1940199,275,49,7314555,430684,196817,20.21,0
Oct-2024,PUBG,Africa,4127449,2042494,286,50,10180365,321135,199751,20.99,2
Oct-2024,PUBG,Africa,3999089,1966768,292,45,7840800,460506,234280,15.59,1
Oct-2024,PUBG,Africa,3983355,2065941,320,40,8915417,464388,165101,24.4,0
Oct-2024,PUBG,Africa,4125834,2144801,285,48,6423380,297146,213275,8.76,4
Oct-2024,PUBG,Africa,4235801,1924959,297,50,6686463,356309,204579,24.92,5
Oct-2024,PUBG,Oceania,4003797,2094385,306,47,8882199,534645,166429,9.36,3
Oct-2024,PUBG,Oceania,4179244,1944124,303,47,9091174,331221,135329,17.29,0
Oct-2024,PUBG,Oceania,3926110,2239439,292,49,6619038,370169,152724,9.62,3
Oct-2024,PUBG,Oceania,3919661,2233222,299,48,9565235,309216,219948,11.15,0
Oct-2024,PUBG,Oceania,4326797,2115845,306,46,8678668,382793,181615,19.4,1
Oct-2024,PUBG,Oceania,4165878,1804794,295,51,9816302,324527,197175,5.33,5
Oct-2024,PUBG,Oceania,4258446,1905738,306,49,6716555,428052,205338,19.2,0
Oct-2024,PUBG,Oceania,3680138,2024354,285,51,6974223,286519,128593,19.89,2
Oct-2024,PUBG,Oceania,3803413,2068800,252,52,7594194,456744,250959,14.68,4
Oct-2024,PUBG,Oceania,3949887,2074593,292,45,7884754,419772,164660,11.8,1
Oct-2024,PUBG,Oceania,3772124,1996402,284,45,7698702,359101,210945,17.12,3
Oct-2024,PUBG,Oceania,3914935,1970521,274,43,8556639,461881,196543,18.15,1
Oct-2024,PUBG,Oceania,4303830,2028114,295,49,8800356,319449,286315,15.9,2
Oct-2024,PUBG,Oceania,4180674,2061165,277,51,7346161,410110,187612,7.64,1
Oct-2024,PUBG,Oceania,4016128,1931010,317,49,8926190,499116,190644,12.18,4
Oct-2024,PUBG,Oceania,3853687,1985454,264,48,7613721,351059,221487,15.7,2
Oct-2024,PUBG,Oceania,4018048,1839653,286,49,8945895,500360,207869,8.36,4
Oct-2024,PUBG,Oceania,3869876,1962323,296,48,9030585,317997,158428,22.62,3
Oct-2024,PUBG,Oceania,4472824,1825235,303,45,10054432,536080,161310,18.79,3
Oct-2024,PUBG,Oceania,4417884,1860532,291,55,10401161,463409,236941,9.83,3
Nov-2024,PUBG,NA,3790171,2039761,292,49,6816184,359075,230277,24.94,5
Nov-2024,PUBG,NA,3710660,1990229,293,51,6648061,467833,170193,7.85,1
Nov-2024,PUBG,NA,4144060,2016925,294,43,6911700,319583,155458,5.48,5
Nov-2024,PUBG,NA,3938966,1943072,265,42,9450947,455944,220790,17.08,3
Nov-2024,PUBG,NA,3765536,2010015,270,50,9369125,468927,180355,24.31,5
Nov-2024,PUBG,NA,3911274,2091524,261,44,6225038,411844,208633,10.5,5
Nov-2024,PUBG,NA,3972002,1970008,303,47,8704032,513349,247355,14.06,2
Nov-2024,PUBG,NA,4125628,1926833,270,55,8403344,542848,277709,9.25,0
Nov-2024,PUBG,NA,4462845,2098051,291,50,7647950,415510,193202,20.94,1
Nov-2024,PUBG,NA,4147100,1804334,306,50,7004736,473895,218440,24.48,3
Nov-2024,PUBG,NA,4410061,1894471,267,44,9263510,475567,218953,16.56,1
Nov-2024,PUBG,NA,3955844,2006676,296,47,9883579,551693,179595,16.6,5
Nov-2024,PUBG,NA,3809606,2222951,298,50,6156586,344631,189271,7.33,2
Nov-2024,PUBG,NA,4073886,2034174,285,47,9287989,424846,237165,23.83,0
Nov-2024,PUBG,NA,4111772,1944468,280,50,6247198,486317,183278,10.08,2
Nov-2024,PUBG,NA,4095737,1746339,297,49,8391570,520186,147635,21.03,0
Nov-2024,PUBG,NA,3708734,2037472,274,45,6885833,449111,148642,21.7,0
Nov-2024,PUBG,NA,4055790,2170707,321,42,9235348,380541,235231,15.3,2
Nov-2024,PUBG,NA,4042927,1822210,291,48,7764146,326036,206195,8.18,0
Nov-2024,PUBG,NA,4050706,1971302,281,48,9069617,448459,179028,8.36,3
Nov-2024,PUBG,EU,3944952,2065069,295,50,9111841,541257,189584,8.89,4
Nov-2024,PUBG,EU,4078138,2041458,293,38,9303117,431788,134082,8.66,2
Nov-2024,PUBG,EU,4131916,1958582,320,44,6985827,452430,210564,20.45,1
Nov-2024,PUBG,EU,4233253,2197945,321,52,9843211,429915,233504,16.33,2
Nov-2024,PUBG,EU,3424291,1915565,285,51,6040543,394000,139279,8.05,2
Nov-2024,PUBG,EU,4113900,2027144,271,47,6548419,508516,295218,24.23,1
Nov-2024,PUBG,EU,4309555,1982223,286,44,8520000,573520,232441,11.3,3
Nov-2024,PUBG,EU,3868460,2002048,305,48,8478145,485146,217407,14.72,1
Nov-2024,PUBG,EU,4163055,1924459,303,49,7082311,422449,201432,24.62,3
Nov-2024,PUBG,EU,4221539,2015045,280,51,8950555,363429,275434,19.24,4
Nov-2024,PUBG,EU,4024299,1984797,266,49,6897388,458543,163542,12.44,1
Nov-2024,PUBG,EU,4466119,1952005,296,49,10413356,490745,230313,24.69,3
Nov-2024,PUBG,EU,3740882,1922383,283,46,8094335,494056,193723,12.92,4
Nov-2024,PUBG,EU,4187452,2033847,297,47,8222433,381652,209881,18.01,2
Nov-2024,PUBG,EU,3891296,2098808,285,44,8946188,509385,206056,19.66,2
Nov-2024,PUBG,EU,3887494,2047545,270,51,7703877,354091,162021,8.63,0
Nov-2024,PUBG,EU,4087516,2036690,290,49,9883719,336229,188954,15.37,5
Nov-2024,PUBG,EU,3978552,2053588,310,49,6958797,368733,187039,6.69,4
Nov-2024,PUBG,EU,4132699,1963525,300,45,6222862,388567,164314,18.63,2
Nov-2024,PUBG,EU,3844876,1833307,298,45,9376127,362306,145887,23.33,2
Nov-2024,PUBG,Asia,3718415,1923861,293,51,7691677,433886,202587,11.77,5
Nov-2024,PUBG,Asia,3445818,1978446,311,50,6394916,381445,192448,5.38,5
Nov-2024,PUBG,Asia,3928519,2176685,302,51,6608348,569479,315827,24.73,0
Nov-2024,PUBG,Asia,3618314,1857302,280,43,6151487,496036,141893,15.02,2
Nov-2024,PUBG,Asia,3878998,1980053,265,51,7623999,360224,136400,20.24,5
Nov-2024,PUBG,Asia,3925040,2206581,272,46,8056498,297513,226960,13.1,3
Nov-2024,PUBG,Asia,4025739,1990972,292,51,6415527,385692,187376,18.03,5
Nov-2024,PUBG,Asia,4119202,2074762,285,52,8905841,281165,202978,22.07,2
Nov-2024,PUBG,Asia,3993237,1992711,306,49,9938513,557090,194388,15.99,5
Nov-2024,PUBG,Asia,3903553,1955450,301,47,6767483,443734,185114,6.77,5
Nov-2024,PUBG,Asia,4204541,1766026,267,48,8665880,522555,236650,6.45,0
Nov-2024,PUBG,Asia,3780942,2095220,287,40,7752758,337040,192837,15.21,0
Nov-2024,PUBG,Asia,3874290,1969096,283,52,7945671,469227,147455,20.32,1
Nov-2024,PUBG,Asia,4261796,1933215,292,48,7622073,260021,196150,17.53,3
Nov-2024,PUBG,Asia,3734579,1920255,298,46,7660064,417334,186934,16.0,4
Nov-2024,PUBG,Asia,4467333,1949023,297,45,9104703,328576,256281,23.72,3
Nov-2024,PUBG,Asia,3795625,2007146,307,45,9097102,435235,271979,9.53,3
Nov-2024,PUBG,Asia,4088929,1983411,266,47,8619035,344501,278374,21.82,2
Nov-2024,PUBG,Asia,4003005,2045023,287,48,6912648,382975,148224,19.92,5
Nov-2024,PUBG,Asia,4015333,2009264,304,51,7157114,442994,287448,12.09,1
Nov-2024,PUBG,South America,4597916,2064803,265,44,10582737,472358,223318,6.21,5
Nov-2024,PUBG,South America,4009652,1984410,291,41,8347182,484199,286263,14.04,0
Nov-2024,PUBG,South America,3969009,1915989,300,52,7363009,441725,263483,17.24,0
Nov-2024,PUBG,South America,4003657,2087194,294,50,9545628,296694,223604,15.3,0
Nov-2024,PUBG,South America,4522144,1978535,276,49,7529397,461016,271523,17.92,3
Nov-2024,PUBG,South America,3636307,2174540,283,53,7473310,170381,111801,10.61,3
Nov-2024,PUBG,South America,4153710,2086792,294,50,8463278,296985,145391,9.29,1
Nov-2024,PUBG,South America,4189263,2124057,283,50,7866781,396948,169073,9.97,1
Nov-2024,PUBG,South America,4124055,1881675,277,50,8212455,352873,259238,6.74,1
Nov-2024,PUBG,South America,3812715,1977232,254,48,8239616,265778,251701,21.82,5
Nov-2024,PUBG,South America,4245119,2177016,310,49,10323124,313184,214398,13.68,5
Nov-2024,PUBG,South America,4290045,1908170,314,44,8461196,323490,219589,7.77,3
Nov-2024,PUBG,South America,3953041,2090841,313,48,6147393,471976,141346,14.15,2
Nov-2024,PUBG,South America,4130490,2058594,298,53,7446022,357456,247394,18.48,2
Nov-2024,PUBG,South America,3946153,1983099,285,53,7771546,454163,237505,20.12,3
Nov-2024,PUBG,South America,4013227,1956553,305,47,6692771,516192,145839,24.83,3
Nov-2024,PUBG,South America,4061336,1958036,286,46,7583270,329392,215381,12.91,3
Nov-2024,PUBG,South America,3839814,2035047,281,48,5904194,387341,126827,13.45,0
Nov-2024,PUBG,South America,3884894,1849397,284,45,9104871,368115,211320,15.57,0
Nov-2024,PUBG,South America,4182409,2093158,318,48,8652088,300771,189082,16.72,1
Nov-2024,PUBG,Africa,3766904,1976619,302,48,7131858,418325,119000,24.15,2
Nov-2024,PUBG,Africa,3748209,2086067,311,48,8156414,324680,135772,17.88,5
Nov-2024,PUBG,Africa,4014080,1977049,291,45,9133907,435400,184426,11.81,3
Nov-2024,PUBG,Africa,4054944,2137798,283,48,6689627,372076,206806,13.62,4
Nov-2024,PUBG,Africa,3512338,1847631,294,49,7154767,447394,189355,21.67,0
Nov-2024,PUBG,Africa,3913165,1985923,274,43,8381228,443231,214771,8.16,1
Nov-2024,PUBG,Africa,4245633,2097292,289,45,6541847,414186,233828,11.48,3
Nov-2024,PUBG,Africa,3919202,2107101,294,44,8430878,346271,175628,19.46,1
Nov-2024,PUBG,Africa,3925151,2039402,307,46,8827352,400372,267751,24.97,0
Nov-2024,PUBG,Africa,4038428,2054675,312,47,6486168,280064,226357,24.46,4
Nov-2024,PUBG,Africa,3628177,2123324,268,53,7978878,441279,177022,15.61,0
Nov-2024,PUBG,Africa,3776041,2082313,288,48,6468818,392733,225175,13.58,0
Nov-2024,PUBG,Africa,4049816,1942982,281,49,7034054,431587,181016,6.89,3
Nov-2024,PUBG,Africa,4548791,1880961,282,49,11281011,446207,218483,18.59,1
Nov-2024,PUBG,Africa,4148593,1954681,296,49,8105182,522204,286053,10.71,5
Nov-2024,PUBG,Africa,3685593,1719489,280,52,5731668,391557,223694,21.52,3
Nov-2024,PUBG,Africa,3858050,2021857,275,48,6266430,297598,218977,5.65,4
Nov-2024,PUBG,Africa,4102312,2110341,290,50,7517637,442872,186601,14.98,0
Nov-2024,PUBG,Africa,3628517,2127545,277,51,8409367,209867,208961,14.42,2
Nov-2024,PUBG,Africa,3836295,1963546,295,45,7975289,479655,115578,7.72,3
Nov-2024,PUBG,Oceania,3924090,2067245,275,51,9264200,316867,279385,10.66,1
Nov-2024,PUBG,Oceania,3794870,1847924,309,49,9364833,376982,198925,18.93,2
Nov-2024,PUBG,Oceania,3937176,2118346,282,49,7613320,379923,181136,15.34,0
Nov-2024,PUBG,Oceania,4045580,2093966,311,44,6110829,382358,241766,17.65,4
Nov-2024,PUBG,Oceania,4231572,2130339,276,49,8730395,371179,245946,7.57,5
Nov-2024,PUBG,Oceania,3911236,2048756,276,54,8113036,415088,214936,18.43,5
Nov-2024,PUBG,Oceania,4107409,1948564,277,52,10007893,277872,246969,20.33,5
Nov-2024,PUBG,Oceania,4139683,2070966,285,54,9671529,331885,176592,13.75,4
Nov-2024,PUBG,Oceania,4227052,2113521,293,47,8363654,321060,148426,10.13,3
Nov-2024,PUBG,Oceania,4402714,1950016,281,49,10481218,439621,126023,24.72,3
Nov-2024,PUBG,Oceania,4294166,2083242,279,51,6791899,549343,250516,9.43,0
Nov-2024,PUBG,Oceania,3893387,1915432,304,45,5892617,297865,217207,17.22,4
Nov-2024,PUBG,Oceania,4094212,2072511,284,46,9328771,337606,180043,9.5,2
Nov-2024,PUBG,Oceania,3987736,2056380,280,49,6285486,401807,262808,18.07,5
Nov-2024,PUBG,Oceania,3885446,1931958,282,51,8598445,527957,182269,20.2,5
Nov-2024,PUBG,Oceania,3985709,1978549,281,49,6995502,273807,210469,20.42,3
Nov-2024,PUBG,Oceania,3990386,2033830,276,50,8575833,371195,245096,11.48,2
Nov-2024,PUBG,Oceania,3804588,2074731,265,47,7767579,429861,166704,20.06,3
Nov-2024,PUBG,Oceania,4180629,1948650,284,49,7254906,406728,196104,12.83,0
Nov-2024,PUBG,Oceania,4170035,1948663,290,53,6406426,555277,268250,19.13,0
Dec-2024,PUBG,NA,3863195,2144547,311,46,7492543,349072,223400,7.69,2
Dec-2024,PUBG,NA,4055186,1956010,280,52,7340954,542449,169483,20.0,3
Dec-2024,PUBG,NA,4293840,2078231,300,43,7442582,533831,308198,22.39,1
Dec-2024,PUBG,NA,3956276,1823687,333,49,6091506,465442,170770,6.15,0
Dec-2024,PUBG,NA,4138379,1971650,283,51,7183847,352070,221314,14.32,1
Dec-2024,PUBG,NA,4005005,2081333,317,48,8395039,504175,222370,16.6,0
Dec-2024,PUBG,NA,4327234,2095976,270,51,6711959,653858,260778,22.67,3
Dec-2024,PUBG,NA,4215107,2087068,303,48,7914936,414496,158228,14.0,4
Dec-2024,PUBG,NA,4170247,2115781,278,50,8308137,410746,219586,18.78,3
Dec-2024,PUBG,NA,4068089,2141191,270,50,8548286,402428,173209,12.58,5
Dec-2024,PUBG,NA,4148763,2050784,263,50,8600273,354000,215793,24.79,5
Dec-2024,PUBG,NA,4176753,1873052,308,47,9799720,537595,191246,18.76,4
Dec-2024,PUBG,NA,3829694,2050121,288,49,8659868,444311,222913,21.2,1
Dec-2024,PUBG,NA,3905400,1845292,306,47,6551115,377913,150812,5.82,3
Dec-2024,PUBG,NA,4234507,1838076,307,46,6351930,390432,212891,14.01,1
Dec-2024,PUBG,NA,4397652,1953056,300,50,8089765,645618,240032,14.86,0
Dec-2024,PUBG,NA,4194635,1846776,308,47,10161548,449281,184180,17.43,5
Dec-2024,PUBG,NA,4191959,2014347,302,49,8575523,417704,170451,7.86,2
Dec-2024,PUBG,NA,4180031,2152611,278,43,10210796,400710,274147,15.99,1
Dec-2024,PUBG,NA,3973873,1931163,277,49,9692849,487024,177680,20.63,4
Dec-2024,PUBG,EU,4134036,1854761,310,52,8397508,469544,114199,5.18,2
Dec-2024,PUBG,EU,3784016,2101136,331,49,6025834,296681,163060,10.61,5
Dec-2024,PUBG,EU,4132324,1987853,277,50,6657332,363744,216799,12.47,3
Dec-2024,PUBG,EU,4133246,1947500,306,49,7616680,474191,210948,14.63,4
Dec-2024,PUBG,EU,3967811,1984718,302,50,8415632,268162,148160,9.67,1
Dec-2024,PUBG,EU,4267408,2007864,290,52,8413930,465317,145449,14.06,3
Dec-2024,PUBG,EU,3625837,2133309,274,43,6847608,386876,153225,16.48,3
Dec-2024,PUBG,EU,4034731,2145618,284,44,8862520,341575,204036,17.79,1
Dec-2024,PUBG,EU,4084382,1945842,270,48,6819081,539094,200294,13.83,0
Dec-2024,PUBG,EU,4101664,2145920,293,47,8741688,354470,145975,7.13,1
Dec-2024,PUBG,EU,4114188,2050622,288,44,6858699,449462,177428,11.28,5
Dec-2024,PUBG,EU,4090965,2006565,290,52,6330344,536645,114188,5.46,2
Dec-2024,PUBG,EU,3838746,1959873,271,42,5861555,420047,181830,24.48,1
Dec-2024,PUBG,EU,4134411,1887262,286,49,9314225,425212,93321,14.22,3
Dec-2024,PUBG,EU,3866872,2041412,287,50,8119053,390555,172223,13.6,0
Dec-2024,PUBG,EU,3662389,2150710,278,47,6296196,374927,204911,7.81,0
Dec-2024,PUBG,EU,4091485,2142858,298,45,9834034,415194,136571,22.6,5
Dec-2024,PUBG,EU,4251823,2062650,275,53,8102786,533604,248734,23.1,1
Dec-2024,PUBG,EU,4092252,1826767,272,50,7613521,398699,156992,11.09,1
Dec-2024,PUBG,EU,4013615,1947171,297,48,6063890,559436,158295,21.32,0
Dec-2024,PUBG,Asia,4050921,1915403,282,46,8969946,429611,177665,17.88,3
Dec-2024,PUBG,Asia,3915186,1844416,300,51,9432278,415962,134980,6.23,0
Dec-2024,PUBG,Asia,3948415,1868817,300,50,7589514,376569,152146,18.31,4
Dec-2024,PUBG,Asia,4146550,2135112,309,49,8848521,405677,249187,12.7,0
Dec-2024,PUBG,Asia,4402588,1964167,297,55,9650482,427549,240397,11.97,2
Dec-2024,PUBG,Asia,4175563,1906491,290,48,10095490,444438,152203,6.77,1
Dec-2024,PUBG,Asia,3896427,2037068,267,49,6347441,362891,181719,10.83,1
Dec-2024,PUBG,Asia,4290570,2007135,284,43,7059308,477247,210620,22.38,3
Dec-2024,PUBG,Asia,4016968,1849817,284,50,6326976,460040,159313,24.56,0
Dec-2024,PUBG,Asia,4026392,2077585,278,51,9403397,342797,130822,14.83,2
Dec-2024,PUBG,Asia,4364379,1869072,309,40,8125094,438219,222287,7.64,3
Dec-2024,PUBG,Asia,3851593,2042180,319,48,8780475,400313,154204,13.51,4
Dec-2024,PUBG,Asia,3935810,1991733,294,51,9349808,107636,124426,24.07,2
Dec-2024,PUBG,Asia,4235970,1918501,298,52,6906748,449195,278340,22.99,3
Dec-2024,PUBG,Asia,4079839,1888211,289,52,8175220,570165,216198,13.06,3
Dec-2024,PUBG,Asia,3938627,2102399,296,45,8824876,435041,164696,12.09,0
Dec-2024,PUBG,Asia,4172011,2079090,278,50,6605687,406398,240772,13.49,1
Dec-2024,PUBG,Asia,4110455,1952413,305,50,7684785,444705,157680,22.81,3
Dec-2024,PUBG,Asia,4292264,1894828,283,49,8406618,478218,146480,11.91,2
Dec-2024,PUBG,Asia,3768716,2092359,276,47,7510584,289280,127389,9.04,5
Dec-2024,PUBG,South America,4037242,2059002,276,51,7290987,480334,231980,15.45,3
Dec-2024,PUBG,South America,3929526,1994095,271,48,8016341,394580,211537,17.06,1
Dec-2024,PUBG,South America,4185017,1988150,290,49,7032461,459231,197928,17.77,3
Dec-2024,PUBG,South America,4160925,1857262,302,49,6849639,485660,228342,6.44,4
Dec-2024,PUBG,South America,4144472,1960767,283,46,8861523,564729,326348,24.98,4
Dec-2024,PUBG,South America,4133292,1995993,293,51,6722555,334519,271187,12.74,0
Dec-2024,PUBG,South America,4014277,1909154,310,43,9623377,428192,267994,12.86,1
Dec-2024,PUBG,South America,4148711,2037444,314,43,8405524,584644,238720,18.08,0
Dec-2024,PUBG,South America,4297608,2069221,318,52,7575010,333744,224411,8.1,2
Dec-2024,PUBG,South America,4027629,2075700,315,47,8908593,413969,263133,10.79,2
Dec-2024,PUBG,South America,3779837,1783296,291,51,7509330,251362,252014,5.38,5
Dec-2024,PUBG,South America,4132220,1878613,287,45,9219801,478699,201807,14.32,2
Dec-2024,PUBG,South America,4069602,2098589,314,51,8624031,426094,177908,23.05,4
Dec-2024,PUBG,South America,4214713,1972582,276,43,6910091,473447,182196,21.33,0
Dec-2024,PUBG,South America,4032098,2038008,301,45,8986560,407823,215293,18.46,5
Dec-2024,PUBG,South America,3965923,2015874,309,46,6452190,352456,228086,22.94,4
Dec-2024,PUBG,South America,3962639,2062973,278,49,7103880,501849,167170,16.12,5
Dec-2024,PUBG,South America,4132934,1892588,309,53,6527275,356549,185279,12.56,1
Dec-2024,PUBG,South America,4252743,1984697,287,51,9125003,542519,252415,21.9,5
Dec-2024,PUBG,South America,4114691,1893899,298,47,7492883,366380,171050,7.17,3
Dec-2024,PUBG,Africa,4306454,2207445,296,47,9801813,441895,195585,9.41,3
Dec-2024,PUBG,Africa,3854824,1937131,300,43,9533593,170985,163307,18.8,1
Dec-2024,PUBG,Africa,3993829,2051962,282,51,8121961,327986,196793,5.99,0
Dec-2024,PUBG,Africa,4061920,2000122,293,48,8846982,350453,173789,8.04,5
Dec-2024,PUBG,Africa,3850788,2041250,283,47,8851631,314660,154795,5.3,5
Dec-2024,PUBG,Africa,4200850,2184233,292,47,7997871,422845,174664,5.76,4
Dec-2024,PUBG,Africa,4120662,1988010,330,46,9294902,544142,243412,16.2,4
Dec-2024,PUBG,Africa,3803110,1946632,267,51,6177625,352631,190221,7.91,3
Dec-2024,PUBG,Africa,4096426,1935538,276,49,8714309,406281,200094,18.04,2
Dec-2024,PUBG,Africa,3992177,1988188,277,46,7930363,475834,154634,10.03,0
Dec-2024,PUBG,Africa,4252185,2125726,318,45,6704146,516923,214141,10.7,5
Dec-2024,PUBG,Africa,4128665,1951322,288,42,7752009,462564,153741,7.17,3
Dec-2024,PUBG,Africa,4137530,1989112,290,48,10001263,367057,246981,18.98,1
Dec-2024,PUBG,Africa,4243205,1889745,295,50,7628908,441704,206460,10.1,3
Dec-2024,PUBG,Africa,3764827,2009459,308,55,6323855,321997,194916,18.86,2
Dec-2024,PUBG,Africa,3865615,1952259,317,48,7457910,335275,202279,6.1,2
Dec-2024,PUBG,Africa,3914274,1875895,264,50,8410136,413638,228990,11.59,1
Dec-2024,PUBG,Africa,4209669,1958918,301,46,9490079,515532,321148,23.07,4
Dec-2024,PUBG,Africa,4060904,1966565,281,48,9920317,482253,266729,11.94,1
Dec-2024,PUBG,Africa,3805640,1969408,282,47,7429268,416198,181260,23.18,1
Dec-2024,PUBG,Oceania,4150022,2165327,269,53,9541429,545831,223489,11.92,0
Dec-2024,PUBG,Oceania,4363374,2056986,271,51,9219814,567337,203809,5.67,4
Dec-2024,PUBG,Oceania,4341613,2114847,299,55,9716143,371755,203628,18.3,3
Dec-2024,PUBG,Oceania,3880000,1964296,290,50,8086584,302498,209349,15.88,4
Dec-2024,PUBG,Oceania,3766107,2095983,275,49,7168376,468570,196590,25.0,1
Dec-2024,PUBG,Oceania,4230661,1909975,308,50,9534640,382828,199016,24.33,2
Dec-2024,PUBG,Oceania,4048008,1916037,286,51,7806192,290995,174915,23.47,4
Dec-2024,PUBG,Oceania,4132811,2129351,278,45,8821028,379035,283816,7.8,1
Dec-2024,PUBG,Oceania,3922249,1941301,292,49,7320370,463051,257358,13.07,1
Dec-2024,PUBG,Oceania,4082270,1941843,312,49,7100436,368390,185373,23.55,5
Dec-2024,PUBG,Oceania,4102714,1842160,298,44,6762275,426138,299703,20.33,0
Dec-2024,PUBG,Oceania,4323509,1791344,278,50,8067653,267314,236244,22.87,4
Dec-2024,PUBG,Oceania,4087356,2086219,265,51,7083000,461522,263260,13.45,5
Dec-2024,PUBG,Oceania,4354141,1986646,293,53,9738974,445869,233092,14.28,2
Dec-2024,PUBG,Oceania,4262181,1991215,294,51,9005178,395989,214643,9.51,4
Dec-2024,PUBG,Oceania,4030556,2123946,267,51,6949639,427691,214442,9.09,5
Dec-2024,PUBG,Oceania,4187853,2002693,258,46,10239561,332730,160151,18.02,0
Dec-2024,PUBG,Oceania,4043948,2117443,262,51,8291798,287869,190111,23.18,4
Dec-2024,PUBG,Oceania,4136355,1972577,281,50,8536124,384410,227176,13.56,4
Dec-2024,PUBG,Oceania,4082417,2078461,285,47,8926799,253469,225751,18.71,2
Jan-2024,Apex Legends,NA,3374336,1612539,262,44,8038700,168518,138056,15.73,3
Jan-2024,Apex Legends,NA,3388439,1708015,316,51,8010814,286950,217504,16.06,2
Jan-2024,Apex Legends,NA,3627212,1658190,276,52,9036391,439502,175413,8.06,0
Jan-2024,Apex Legends,NA,3557302,1770663,294,50,5461966,385514,179209,23.4,2
Jan-2024,Apex Legends,NA,3501230,1728696,297,48,7248272,434595,141212,11.01,2
Jan-2024,Apex Legends,NA,3460429,1708573,289,48,7963131,307209,159371,20.23,2
Jan-2024,Apex Legends,NA,3522225,1774070,285,50,5792319,306015,188009,24.17,5
Jan-2024,Apex Legends,NA,3220641,1860772,277,49,5029861,168972,168162,20.63,0
Jan-2024,Apex Legends,NA,3378101,1730376,248,49,6425354,348126,181701,23.84,0
Jan-2024,Apex Legends,NA,3455359,1751907,287,54,7986009,372228,192907,11.52,2
Jan-2024,Apex Legends,NA,3315356,1712270,274,53,6789048,249270,183617,13.79,4
Jan-2024,Apex Legends,NA,3323761,1750712,289,51,5507529,363349,162589,24.76,1
Jan-2024,Apex Legends,NA,3715613,1749851,276,52,8300053,334684,195096,15.87,1
Jan-2024,Apex Legends,NA,3489823,1621315,265,53,7737784,526400,184858,19.96,3
Jan-2024,Apex Legends,NA,3313591,1846203,286,47,7337744,303572,158563,14.93,0
Jan-2024,Apex Legends,NA,3648354,1800639,298,52,7277898,373303,237402,9.41,2
Jan-2024,Apex Legends,NA,3290877,1736810,292,46,5331626,318858,163402,15.9,1
Jan-2024,Apex Legends,NA,3433419,1574544,279,45,5793949,397363,195980,8.52,5
Jan-2024,Apex Legends,NA,3268283,1762424,315,49,5037261,325283,225075,8.19,5
Jan-2024,Apex Legends,NA,3160709,1582845,273,51,7397084,338285,164198,19.4,3
Jan-2024,Apex Legends,EU,3412870,1744126,268,49,6863303,393346,211021,12.38,4
Jan-2024,Apex Legends,EU,3298287,1773248,267,54,7840712,249780,169000,18.57,3
Jan-2024,Apex Legends,EU,3512110,1730306,309,52,6077836,317742,144581,20.22,4
Jan-2024,Apex Legends,EU,3406064,1650657,271,49,7191218,289763,150452,16.02,5
Jan-2024,Apex Legends,EU,3584599,1735004,275,51,8548378,347341,120964,24.21,0
Jan-2024,Apex Legends,EU,3390108,1642771,287,52,7511946,366470,148030,18.47,2
Jan-2024,Apex Legends,EU,3389170,1769016,274,46,6446340,352383,188257,20.93,2
Jan-2024,Apex Legends,EU,3573420,1820302,265,52,7714108,325293,161243,10.89,1
Jan-2024,Apex Legends,EU,3536598,1700128,301,52,8371153,179805,184628,8.87,1
Jan-2024,Apex Legends,EU,3864604,1864127,256,47,7132868,494596,128725,8.29,2
Jan-2024,Apex Legends,EU,3533009,1726953,263,47,7789844,259369,236704,11.36,2
Jan-2024,Apex Legends,EU,3413326,1569712,294,51,6979517,340301,177895,6.17,2
Jan-2024,Apex Legends,EU,3667392,1814261,291,46,6924729,359187,214564,23.82,0
Jan-2024,Apex Legends,EU,3537316,1743971,283,51,6783733,424030,173357,14.15,2
Jan-2024,Apex Legends,EU,3232809,1780392,303,51,6862816,382429,168085,11.12,5
Jan-2024,Apex Legends,EU,3346945,1697654,294,48,6518560,155159,229824,19.76,5
Jan-2024,Apex Legends,EU,3903873,1641024,270,49,9657346,449880,159964,14.55,5
Jan-2024,Apex Legends,EU,3687462,1651409,304,51,7547371,319638,242673,15.7,1
Jan-2024,Apex Legends,EU,3299710,1547629,255,48,7535852,254859,120937,11.96,3
Jan-2024,Apex Legends,EU,3517506,1689850,283,51,7100260,343345,217325,13.07,0
Jan-2024,Apex Legends,Asia,3552967,1726722,270,49,8723026,399524,203923,8.12,3
Jan-2024,Apex Legends,Asia,3438195,1599849,309,52,8419616,364196,212679,21.97,5
Jan-2024,Apex Legends,Asia,3547022,1727739,269,46,7237555,258779,180297,5.48,1
Jan-2024,Apex Legends,Asia,3402920,1748548,268,49,6079050,211485,151814,23.18,2
Jan-2024,Apex Legends,Asia,3422719,1735816,263,49,7923196,313033,175930,12.11,3
Jan-2024,Apex Legends,Asia,3595593,1683444,292,48,7254408,368550,165289,20.81,3
Jan-2024,Apex Legends,Asia,3558804,1848619,277,50,6874543,341622,187631,11.07,4
Jan-2024,Apex Legends,Asia,3429813,1678091,287,50,6781707,309226,161895,8.59,3
Jan-2024,Apex Legends,Asia,3597341,1766947,278,47,5466568,385357,163755,22.4,2
Jan-2024,Apex Legends,Asia,3685669,1869454,276,48,7081459,215091,136383,7.07,1
Jan-2024,Apex Legends,Asia,3549714,1644147,301,54,6986837,283765,175858,21.33,4
Jan-2024,Apex Legends,Asia,3521675,1760956,298,48,5734631,394186,221869,22.71,4
Jan-2024,Apex Legends,Asia,3529545,1567564,281,54,7309029,407269,150086,18.39,4
Jan-2024,Apex Legends,Asia,3557889,1672387,274,51,6000805,248574,140346,8.45,4
Jan-2024,Apex Legends,Asia,3218665,1807549,280,52,7299594,384813,175731,14.07,1
Jan-2024,Apex Legends,Asia,3434906,1707998,288,54,7747402,294200,199528,6.91,2
Jan-2024,Apex Legends,Asia,3704434,1679439,283,49,8036358,329073,162778,12.08,2
Jan-2024,Apex Legends,Asia,3491047,1711653,254,48,6341493,320298,177398,9.89,5
Jan-2024,Apex Legends,Asia,3727535,1843194,278,48,6956026,268810,132537,15.06,1
Jan-2024,Apex Legends,Asia,3557051,1755156,274,49,7012337,418051,119069,19.86,3
Jan-2024,Apex Legends,South America,3657128,1537028,295,46,7704908,366039,210228,17.71,0
Jan-2024,Apex Legends,South America,3386482,1695741,278,53,6391723,322120,117108,23.72,5
Jan-2024,Apex Legends,South America,3477965,1655898,284,57,7154131,417160,165964,10.39,5
Jan-2024,Apex Legends,South America,3592204,1580471,280,45,7472985,325572,103517,17.87,4
Jan-2024,Apex Legends,South America,3065487,1828211,284,51,6278750,272365,178729,14.19,1
Jan-2024,Apex Legends,South America,3265406,1649258,301,52,7589055,342462,105090,14.67,4
Jan-2024,Apex Legends,South America,3559079,1835190,284,53,8141638,363616,196173,8.48,0
Jan-2024,Apex Legends,South America,3526351,1700289,296,53,7391406,293363,188037,20.48,3
Jan-2024,Apex Legends,South America,3272444,1841437,276,53,5234973,396591,108314,15.61,5
Jan-2024,Apex Legends,South America,3829802,1697268,263,52,7919751,440269,184036,17.48,1
Jan-2024,Apex Legends,South America,3661496,1816626,300,51,5704190,325871,181890,22.45,1
Jan-2024,Apex Legends,South America,3639647,1818189,290,51,7083133,315352,198596,16.54,0
Jan-2024,Apex Legends,South America,3517457,1918855,284,54,7292685,454156,136951,5.6,3
Jan-2024,Apex Legends,South America,3571952,1704569,278,45,5759585,352662,220974,6.53,1
Jan-2024,Apex Legends,South America,3546728,1661361,271,50,5760384,359018,193159,7.7,3
Jan-2024,Apex Legends,South America,3573381,1730960,290,52,8678121,368524,170833,6.48,0
Jan-2024,Apex Legends,South America,3129603,1736352,261,52,7761556,276134,184760,13.41,1
Jan-2024,Apex Legends,South America,3231036,1710372,290,50,6441101,298566,218469,5.42,2
Jan-2024,Apex Legends,South America,3473550,1781552,285,56,7457576,244949,199904,15.91,4
Jan-2024,Apex Legends,South America,3281432,1661625,281,52,6427946,385161,199704,8.78,2
Jan-2024,Apex Legends,Africa,3544574,1643385,313,51,7768260,303864,202202,15.41,3
Jan-2024,Apex Legends,Africa,3497252,1621563,267,52,5345518,407901,198664,10.36,3
Jan-2024,Apex Legends,Africa,3528335,1767660,288,50,7783524,520327,144580,8.82,2
Jan-2024,Apex Legends,Africa,3431226,1801842,289,47,8061405,409007,146260,24.7,4
Jan-2024,Apex Legends,Africa,3191048,1738401,277,49,5715003,368436,151475,18.61,4
Jan-2024,Apex Legends,Africa,3558282,1611794,302,55,7767519,384150,204165,20.81,5
Jan-2024,Apex Legends,Africa,3620070,1746287,267,45,6718929,283503,264038,15.34,5
Jan-2024,Apex Legends,Africa,3507007,1620331,284,53,5762910,445027,166247,5.66,5
Jan-2024,Apex Legends,Africa,3114236,1672693,274,53,5316917,291751,137664,15.08,1
Jan-2024,Apex Legends,Africa,3342391,1722682,274,44,6735065,394540,133640,16.8,4
Jan-2024,Apex Legends,Africa,3425322,1753863,292,46,8519486,290666,143631,16.17,0
Jan-2024,Apex Legends,Africa,3225136,1813301,291,46,5527230,374558,117983,16.52,2
Jan-2024,Apex Legends,Africa,3360990,1738613,292,50,5868908,258515,210535,20.51,3
Jan-2024,Apex Legends,Africa,3564152,1482628,294,49,8437239,399851,168049,5.78,5
Jan-2024,Apex Legends,Africa,3341652,1752188,300,49,6208462,193360,166242,5.98,0
Jan-2024,Apex Legends,Africa,3570529,1570509,280,53,7341358,442472,82262,17.2,5
Jan-2024,Apex Legends,Africa,3449407,1740034,301,49,6194612,374775,186755,17.45,5
Jan-2024,Apex Legends,Africa,3369326,1788692,296,51,6775525,325653,180485,23.47,2
Jan-2024,Apex Legends,Africa,3275870,1750156,293,52,7961060,314493,223889,5.74,2
Jan-2024,Apex Legends,Africa,3308739,1657649,286,49,8181568,242860,133378,19.18,2
Jan-2024,Apex Legends,Oceania,3885624,1752516,278,46,6726385,500384,217464,11.63,4
Jan-2024,Apex Legends,Oceania,3259998,1797586,283,52,5884172,470428,197831,5.65,5
Jan-2024,Apex Legends,Oceania,3410317,1748042,304,46,6469802,396369,107245,16.59,5
Jan-2024,Apex Legends,Oceania,3433033,1786037,274,43,7347376,347241,207872,23.73,2
Jan-2024,Apex Legends,Oceania,3419141,1852188,286,48,7952783,332290,201321,7.74,0
Jan-2024,Apex Legends,Oceania,3573669,1689433,282,47,7091609,289072,155589,17.22,1
Jan-2024,Apex Legends,Oceania,3183320,1746846,275,52,6038452,404842,172800,14.94,3
Jan-2024,Apex Legends,Oceania,3543064,1809520,292,53,8574936,359022,125127,10.18,3
Jan-2024,Apex Legends,Oceania,3425679,1793822,264,51,5289816,375132,182711,11.13,2
Jan-2024,Apex Legends,Oceania,3291912,1812549,288,50,7422017,306614,136321,12.18,5
Jan-2024,Apex Legends,Oceania,3349655,1658683,298,49,5587298,377880,107595,19.65,5
Jan-2024,Apex Legends,Oceania,3292772,1759339,261,48,5660592,342911,126548,8.21,0
Jan-2024,Apex Legends,Oceania,3405109,1712346,282,47,7482726,307735,129323,17.66,1
Jan-2024,Apex Legends,Oceania,3482599,1597108,304,53,7976024,258012,257863,9.18,2
Jan-2024,Apex Legends,Oceania,3458384,1771286,282,51,7511121,292293,203539,15.15,0
Jan-2024,Apex Legends,Oceania,3571755,1758926,263,48,5370366,322345,135216,23.75,2
Jan-2024,Apex Legends,Oceania,3741392,1668833,309,49,6191921,449049,182477,5.5,4
Jan-2024,Apex Legends,Oceania,3520457,1790040,304,54,5662519,271619,145114,6.37,3
Jan-2024,Apex Legends,Oceania,3620222,1662395,265,53,5769396,337272,92834,22.66,3
Jan-2024,Apex Legends,Oceania,3718399,1850190,273,43,7578378,356601,161856,12.0,3
Feb-2024,Apex Legends,NA,3443734,1712417,273,50,7315722,400852,186623,11.55,5
Feb-2024,Apex Legends,NA,3329284,1812333,275,48,5713947,398358,167013,10.8,3
Feb-2024,Apex Legends,NA,3026844,1736170,282,51,5031295,473145,156036,8.12,4
Feb-2024,Apex Legends,NA,3637337,1641090,276,47,6033752,356601,163312,11.16,4
Feb-2024,Apex Legends,NA,3524182,1704297,297,50,7130639,317680,156751,22.06,2
Feb-2024,Apex Legends,NA,3524619,1814212,300,53,5462030,369107,218784,12.04,0
Feb-2024,Apex Legends,NA,3556665,1786338,291,45,8415428,110995,258129,14.41,4
Feb-2024,Apex Legends,NA,3525540,1741408,265,50,6415666,291680,165467,18.11,4
Feb-2024,Apex Legends,NA,3343504,1759412,278,49,7935244,154372,218361,13.5,1
Feb-2024,Apex Legends,NA,3419337,1803844,256,46,7291964,315483,168493,8.02,1
Feb-2024,Apex Legends,NA,3108213,1659463,256,49,5813051,401748,189202,8.84,5
Feb-2024,Apex Legends,NA,3641227,1730020,299,52,7298373,365638,132008,11.55,0
Feb-2024,Apex Legends,NA,3390671,1859360,266,46,7829569,359634,120665,22.83,3
Feb-2024,Apex Legends,NA,3153897,1752103,279,50,5528950,273041,172429,13.55,5
Feb-2024,Apex Legends,NA,3312164,1764364,277,54,7818128,453173,155990,24.13,3
Feb-2024,Apex Legends,NA,3474435,1654039,257,52,6990650,273444,193808,22.04,0
Feb-2024,Apex Legends,NA,3698633,1888783,293,51,5641680,453860,280128,10.63,3
Feb-2024,Apex Legends,NA,3515837,1748292,288,52,6029343,302942,132285,23.14,5
Feb-2024,Apex Legends,NA,3303024,1668135,287,52,5220837,285481,128034,10.14,2
Feb-2024,Apex Legends,NA,3594220,1691954,256,49,8021257,348297,158238,13.22,5
Feb-2024,Apex Legends,EU,3343633,1607319,274,51,5224217,294822,181854,9.85,2
Feb-2024,Apex Legends,EU,3234772,1732345,276,49,6617052,355498,154832,23.56,5
Feb-2024,Apex Legends,EU,3857185,1734791,294,54,9021206,428897,160272,15.96,0
Feb-2024,Apex Legends,EU,3489158,1701446,270,48,6136648,434856,198040,21.81,3
Feb-2024,Apex Legends,EU,3159095,1836846,268,51,4952891,415813,110694,5.29,1
Feb-2024,Apex Legends,EU,3450236,1814213,265,47,5913039,506198,104306,19.87,1
Feb-2024,Apex Legends,EU,3413646,1793265,248,50,8373769,400961,146115,19.18,4
Feb-2024,Apex Legends,EU,3490241,1721127,278,50,8628228,382872,188317,6.76,1
Feb-2024,Apex Legends,EU,3241915,1643149,274,48,7478697,343702,149045,7.12,0
Feb-2024,Apex Legends,EU,3439760,1751359,286,50,8175131,372294,171834,10.44,4
Feb-2024,Apex Legends,EU,3307668,1741112,287,47,6816069,453740,164947,17.13,0
Feb-2024,Apex Legends,EU,3325866,1770692,274,48,6138899,249682,102490,16.58,5
Feb-2024,Apex Legends,EU,3406657,1723004,288,48,7680341,401014,161915,12.98,1
Feb-2024,Apex Legends,EU,3529098,1758251,305,47,7374688,384822,175171,22.27,1
Feb-2024,Apex Legends,EU,3470262,1756250,284,50,6400500,316038,191583,16.91,2
Feb-2024,Apex Legends,EU,3248749,1914323,256,49,7885380,356068,150221,21.64,1
Feb-2024,Apex Legends,EU,3341003,1725375,281,52,6668176,208084,194581,17.58,3
Feb-2024,Apex Legends,EU,3312720,1748414,267,51,5330631,488308,191055,13.11,3
Feb-2024,Apex Legends,EU,3537409,1795802,277,49,6831964,289011,185556,18.59,1
Feb-2024,Apex Legends,EU,3307764,1836243,294,46,7252293,436267,160190,24.64,1
Feb-2024,Apex Legends,Asia,3486708,1894639,284,48,8047942,378177,133767,8.24,4
Feb-2024,Apex Legends,Asia,3728618,1733811,258,51,7505012,342008,152431,24.57,3
Feb-2024,Apex Legends,Asia,3451660,1795553,286,55,8142867,394779,113379,9.45,2
Feb-2024,Apex Legends,Asia,3290797,1860563,292,49,5967878,319609,138960,17.45,3
Feb-2024,Apex Legends,Asia,3548758,1702032,288,51,5389034,274382,148641,22.01,1
Feb-2024,Apex Legends,Asia,2925627,1658691,244,52,4401392,290920,151409,10.52,2
Feb-2024,Apex Legends,Asia,3253124,1857460,275,49,7281314,421259,185879,18.4,3
Feb-2024,Apex Legends,Asia,3505311,1690115,285,48,7296860,402501,148275,22.77,2
Feb-2024,Apex Legends,Asia,3636554,1759851,298,52,7528364,375188,195333,5.98,2
Feb-2024,Apex Legends,Asia,3113476,1867251,286,45,6328995,323501,171361,10.47,1
Feb-2024,Apex Legends,Asia,3278913,1754438,271,50,5337006,363923,167692,15.82,4
Feb-2024,Apex Legends,Asia,3266685,1654402,279,46,5038203,263907,177602,13.71,1
Feb-2024,Apex Legends,Asia,3574641,1947424,277,46,7545352,502261,186385,17.58,5
Feb-2024,Apex Legends,Asia,3702686,1825006,245,43,6302848,331456,155783,15.59,5
Feb-2024,Apex Legends,Asia,3369278,1787049,294,48,5863356,304722,128712,13.72,5
Feb-2024,Apex Legends,Asia,3188801,1661312,301,48,7333669,360956,161977,14.22,5
Feb-2024,Apex Legends,Asia,3463839,1725612,294,52,7810016,224393,142995,19.42,5
Feb-2024,Apex Legends,Asia,3540261,1760163,284,45,7033086,526351,176120,19.84,1
Feb-2024,Apex Legends,Asia,3043895,1511176,279,58,6399085,243047,139278,15.36,3
Feb-2024,Apex Legends,Asia,3450492,1940691,297,48,7038399,326325,171815,10.19,5
Feb-2024,Apex Legends,South America,3185186,1767709,294,49,6225105,358604,148719,21.64,5
Feb-2024,Apex Legends,South America,3569400,1715758,274,49,5834112,337168,142719,21.53,1
Feb-2024,Apex Legends,South America,3436478,1742808,291,51,6548420,431196,179194,17.5,5
Feb-2024,Apex Legends,South America,3358070,1882166,298,51,5205917,389127,174026,20.59,0
Feb-2024,Apex Legends,South America,3581090,1663338,292,49,5647685,482507,178829,21.3,5
Feb-2024,Apex Legends,South America,3436759,1833238,277,49,7325117,368717,204738,8.89,3
Feb-2024,Apex Legends,South America,3641707,1837234,295,49,6070216,325808,118216,13.89,1
Feb-2024,Apex Legends,South America,3584959,1642858,279,57,8881749,289683,165745,15.1,2
Feb-2024,Apex Legends,South America,3529065,1696195,290,54,6500055,345813,217656,16.97,4
Feb-2024,Apex Legends,South America,3479262,1842864,274,51,5865114,415184,191830,19.73,3
Feb-2024,Apex Legends,South America,3133006,1706007,267,52,6323025,183529,150173,22.71,1
Feb-2024,Apex Legends,South America,3698020,1738609,299,48,6573149,308260,177987,14.33,3
Feb-2024,Apex Legends,South America,3583756,1742163,280,51,6255072,311713,175392,7.05,1
Feb-2024,Apex Legends,South America,3111533,1806530,293,56,4674107,353083,177515,15.5,2
Feb-2024,Apex Legends,South America,3293542,1812682,271,48,7632001,273094,198382,15.27,2
Feb-2024,Apex Legends,South America,3303552,1719901,262,47,6555148,422953,181895,18.68,1
Feb-2024,Apex Legends,South America,3264671,1810691,286,47,5794659,358192,192046,11.03,1
Feb-2024,Apex Legends,South America,3608940,1842192,281,51,6879633,434481,171162,16.49,1
Feb-2024,Apex Legends,South America,3497076,1747226,274,49,8228565,254563,199698,12.37,3
Feb-2024,Apex Legends,South America,3948649,1640628,289,46,6754162,347982,217437,12.53,5
Feb-2024,Apex Legends,Africa,3265794,1755284,285,47,5430584,341232,156904,13.8,5
Feb-2024,Apex Legends,Africa,3371927,1759115,306,55,7055016,287695,136091,12.76,3
Feb-2024,Apex Legends,Africa,3374272,1824681,283,50,6111493,383798,186309,13.79,1
Feb-2024,Apex Legends,Africa,2852523,1610653,309,45,4797125,395200,108610,16.24,2
Feb-2024,Apex Legends,Africa,3609204,1753817,296,53,5747988,464427,227530,24.17,1
Feb-2024,Apex Legends,Africa,3486102,1731459,279,46,7818966,476146,216930,16.6,1
Feb-2024,Apex Legends,Africa,3381074,1633183,305,50,5210315,470243,175664,8.41,2
Feb-2024,Apex Legends,Africa,3317280,1745662,291,47,7992152,270715,203208,7.84,0
Feb-2024,Apex Legends,Africa,3358233,1630537,295,50,7725033,323693,174454,23.05,3
Feb-2024,Apex Legends,Africa,3128165,1667676,310,51,5373091,280904,191571,22.18,4
Feb-2024,Apex Legends,Africa,3167703,1854407,282,51,7233837,373311,203943,13.55,1
Feb-2024,Apex Legends,Africa,3577223,1643925,292,44,5851199,332540,195179,17.86,1
Feb-2024,Apex Legends,Africa,3620692,1769429,277,45,6607488,334047,192450,14.38,3
Feb-2024,Apex Legends,Africa,3677642,1759318,286,45,5733764,472881,172009,22.98,0
Feb-2024,Apex Legends,Africa,3486698,1625180,263,51,8432449,381500,126521,24.71,2
Feb-2024,Apex Legends,Africa,3438044,1831987,304,50,5597630,232652,203458,15.53,1
Feb-2024,Apex Legends,Africa,3402475,1901981,302,46,7830987,321929,193828,10.01,4
Feb-2024,Apex Legends,Africa,3070779,1692853,291,47,7495116,314738,136650,7.25,1
Feb-2024,Apex Legends,Africa,3436066,1912600,276,53,8419180,379668,187105,19.54,2
Feb-2024,Apex Legends,Africa,3623339,1828237,274,53,7775957,383614,178483,14.04,1
Feb-2024,Apex Legends,Oceania,3228231,1841901,266,52,5603794,329170,203351,14.55,4
Feb-2024,Apex Legends,Oceania,3352603,1608641,295,50,6232808,340360,191691,10.41,0
Feb-2024,Apex Legends,Oceania,3473485,1791793,252,51,6775435,246292,176734,14.84,3
Feb-2024,Apex Legends,Oceania,3297913,1725556,304,48,7116871,364393,168885,21.39,2
Feb-2024,Apex Legends,Oceania,3581889,1675780,302,44,8116873,119522,202561,8.24,3
Feb-2024,Apex Legends,Oceania,3425082,1646803,276,50,5821136,429703,190286,15.03,5
Feb-2024,Apex Legends,Oceania,3391308,1783898,257,49,7414561,292305,210147,8.55,3
Feb-2024,Apex Legends,Oceania,3499814,1628685,293,49,5650879,278839,191471,18.96,3
Feb-2024,Apex Legends,Oceania,3541819,1766013,271,46,6996020,335839,151318,22.75,4
Feb-2024,Apex Legends,Oceania,3833936,1707350,290,50,5931673,341145,125892,13.02,1
Feb-2024,Apex Legends,Oceania,3343922,1827164,285,52,6687952,461518,203068,7.98,2
Feb-2024,Apex Legends,Oceania,3660131,1782411,277,47,5842957,335362,239245,15.05,0
Feb-2024,Apex Legends,Oceania,3183792,1703551,288,48,5605406,250553,194231,23.2,0
Feb-2024,Apex Legends,Oceania,3465827,1921807,269,48,7446150,377737,158326,8.78,5
Feb-2024,Apex Legends,Oceania,3010876,1725166,288,49,6779968,415227,107277,21.26,0
Feb-2024,Apex Legends,Oceania,3567969,1630415,279,48,7434524,408393,196398,13.49,4
Feb-2024,Apex Legends,Oceania,3396359,1795917,300,49,6542957,458477,197859,17.3,3
Feb-2024,Apex Legends,Oceania,3628347,1751712,269,53,6199823,204642,209064,9.25,4
Feb-2024,Apex Legends,Oceania,3331342,1838829,286,50,7563073,392636,170558,16.29,1
Feb-2024,Apex Legends,Oceania,3174877,1791810,279,51,5010061,316988,160378,17.51,0
Mar-2024,Apex Legends,NA,3428791,1715302,280,52,8312549,261902,195873,7.12,2
Mar-2024,Apex Legends,NA,3503492,1812548,259,51,7666980,285900,165517,23.58,2
Mar-2024,Apex Legends,NA,3194424,1706248,302,47,6344255,344103,127381,7.78,1
Mar-2024,Apex Legends,NA,3356204,1713663,292,53,5794334,435127,146507,12.44,0
Mar-2024,Apex Legends,NA,3503054,1783437,288,50,6755627,330136,191800,19.48,4
Mar-2024,Apex Legends,NA,3384417,1701329,315,47,7119093,203129,209624,16.43,5
Mar-2024,Apex Legends,NA,3079615,1671549,259,50,4712917,157101,101573,22.82,0
Mar-2024,Apex Legends,NA,3665477,1766851,260,41,8208487,307962,157075,17.08,5
Mar-2024,Apex Legends,NA,3457659,1747279,289,56,7820749,387901,151434,20.16,1
Mar-2024,Apex Legends,NA,3287101,1667803,282,51,5295916,284682,162436,18.7,0
Mar-2024,Apex Legends,NA,3275488,1731676,287,51,7226823,265023,88318,6.69,4
Mar-2024,Apex Legends,NA,3239759,1723762,266,52,6678764,353182,165663,15.64,0
Mar-2024,Apex Legends,NA,3243007,1695586,274,48,5552625,207541,191435,17.79,2
Mar-2024,Apex Legends,NA,3589517,1608819,277,51,6445550,290799,182149,14.68,0
Mar-2024,Apex Legends,NA,3366570,1742639,298,49,7115448,343526,134869,14.18,4
Mar-2024,Apex Legends,NA,3242413,1802148,284,52,5180400,324713,175859,5.94,5
Mar-2024,Apex Legends,NA,3252276,1786812,265,51,7344708,372580,154143,12.85,4
Mar-2024,Apex Legends,NA,3499236,1700945,271,46,6844127,460384,209516,23.65,2
Mar-2024,Apex Legends,NA,3594601,1841585,274,48,6561625,276746,216720,21.61,1
Mar-2024,Apex Legends,NA,3481800,1634701,289,51,5819428,183315,138654,6.91,4
Mar-2024,Apex Legends,EU,3523228,1707644,289,48,7818821,330978,186617,6.96,0
Mar-2024,Apex Legends,EU,3807985,1715963,278,49,9379185,373461,133445,22.23,3
Mar-2024,Apex Legends,EU,3701570,1542760,272,50,7200776,394098,143103,9.32,4
Mar-2024,Apex Legends,EU,3305915,1684327,322,48,6614458,392482,144605,23.66,5
Mar-2024,Apex Legends,EU,3395322,1835318,262,41,8188015,384797,171008,7.62,5
Mar-2024,Apex Legends,EU,3505112,1688744,280,47,8671753,173164,200395,10.29,5
Mar-2024,Apex Legends,EU,3389872,1618691,268,50,7767363,391676,187807,13.43,5
Mar-2024,Apex Legends,EU,3090083,1710055,283,48,7004825,310332,173507,23.93,1
Mar-2024,Apex Legends,EU,3729979,1673245,293,48,8374865,275463,159304,20.01,0
Mar-2024,Apex Legends,EU,3615329,1800370,297,47,7378890,380939,205641,7.95,1
Mar-2024,Apex Legends,EU,3137549,1751677,264,53,6727317,375479,199095,7.57,4
Mar-2024,Apex Legends,EU,3477325,1732332,267,51,5439386,365848,162087,18.21,2
Mar-2024,Apex Legends,EU,3315769,1762623,260,51,7820526,378099,125825,10.06,3
Mar-2024,Apex Legends,EU,3299580,1605319,267,49,6269698,277719,98817,12.38,2
Mar-2024,Apex Legends,EU,3565315,1814358,291,47,6665333,237621,221690,7.36,3
Mar-2024,Apex Legends,EU,3503773,1838644,283,50,6604339,363091,190387,18.85,1
Mar-2024,Apex Legends,EU,3544931,1668670,315,50,6434851,305252,212323,5.87,0
Mar-2024,Apex Legends,EU,3556375,1821631,283,49,6718460,448425,203406,15.32,3
Mar-2024,Apex Legends,EU,3722364,1731649,310,53,5767933,289699,154197,11.58,2
Mar-2024,Apex Legends,EU,3407382,1715188,288,53,7319074,341821,195400,15.2,5
Mar-2024,Apex Legends,Asia,3589601,1787157,291,52,5526074,374780,202030,22.81,3
Mar-2024,Apex Legends,Asia,3479457,1709935,297,49,7172864,422427,246986,6.97,4
Mar-2024,Apex Legends,Asia,3533186,1890205,278,49,8776941,358390,211554,10.38,4
Mar-2024,Apex Legends,Asia,3670545,1861781,316,50,8136829,260969,167859,12.94,1
Mar-2024,Apex Legends,Asia,3629566,1761067,307,53,6804346,402251,254568,21.7,3
Mar-2024,Apex Legends,Asia,3392459,1619958,293,48,6629265,259980,187402,5.56,0
Mar-2024,Apex Legends,Asia,3403034,1758949,280,55,5581176,364872,169173,12.91,0
Mar-2024,Apex Legends,Asia,3469589,1652475,281,47,5272919,367617,186376,14.68,1
Mar-2024,Apex Legends,Asia,3387789,1681048,292,51,6033672,446645,164499,11.59,3
Mar-2024,Apex Legends,Asia,3380343,1733064,295,48,8089890,248719,149508,7.8,0
Mar-2024,Apex Legends,Asia,3269460,1725183,272,46,4935487,287510,193288,20.5,0
Mar-2024,Apex Legends,Asia,3379114,1808482,255,50,7053038,396268,173793,19.28,3
Mar-2024,Apex Legends,Asia,3551629,1801945,279,53,8217611,362134,167297,13.39,1
Mar-2024,Apex Legends,Asia,3645867,1706439,273,50,7928905,350399,205295,7.16,4
Mar-2024,Apex Legends,Asia,3051804,1838158,262,45,5881189,190626,153670,23.2,2
Mar-2024,Apex Legends,Asia,3192315,1706125,301,51,7806860,319861,159216,13.39,1
Mar-2024,Apex Legends,Asia,3633475,1771721,271,50,6436073,409105,111573,16.51,0
Mar-2024,Apex Legends,Asia,3211961,1829064,282,54,6988073,431047,192746,7.42,5
Mar-2024,Apex Legends,Asia,3635357,1751984,296,48,5973581,225057,168480,21.75,1
Mar-2024,Apex Legends,Asia,3175800,1659297,283,53,5542046,356912,187008,6.94,4
Mar-2024,Apex Legends,South America,3760987,1777722,290,53,7684440,388841,185136,17.48,2
Mar-2024,Apex Legends,South America,3437886,1851972,271,51,6067008,327047,198227,18.76,1
Mar-2024,Apex Legends,South America,3307999,1739417,274,52,6302692,341885,188273,19.18,5
Mar-2024,Apex Legends,South America,3373251,1767564,273,55,8214478,365929,134349,20.83,4
Mar-2024,Apex Legends,South America,3744770,1700329,257,46,7331676,402184,186071,10.13,5
Mar-2024,Apex Legends,South America,3375402,1675290,274,48,7929135,355201,197433,15.56,4
Mar-2024,Apex Legends,South America,3363415,1637360,309,47,5069845,353142,183372,11.85,4
Mar-2024,Apex Legends,South America,3534555,1762915,294,53,8683080,420378,186263,22.12,2
Mar-2024,Apex Legends,South America,3461694,1835567,286,48,5792024,368885,147041,12.43,1
Mar-2024,Apex Legends,South America,3509922,1894289,261,51,8078672,440623,172757,13.2,2
Mar-2024,Apex Legends,South America,3351674,1751908,282,51,6582443,296594,179280,24.89,1
Mar-2024,Apex Legends,South America,3719021,1728186,268,52,9030565,382626,146779,12.2,4
Mar-2024,Apex Legends,South America,3612435,1574284,272,56,8808532,363421,151993,15.94,2
Mar-2024,Apex Legends,South America,3202747,1767634,256,50,5064372,373884,103982,18.78,2
Mar-2024,Apex Legends,South America,3724404,1594147,286,51,9138773,508178,207405,9.91,0
Mar-2024,Apex Legends,South America,3359311,1877474,285,49,5734308,294756,150253,14.96,5
Mar-2024,Apex Legends,South America,3123174,1726621,277,46,4951919,257669,156666,11.1,2
Mar-2024,Apex Legends,South America,3286985,1744247,290,48,7828765,274020,197586,15.79,0
Mar-2024,Apex Legends,South America,3548340,1777162,252,45,7425436,347166,165559,11.56,3
Mar-2024,Apex Legends,South America,3693589,1798725,306,50,7304571,452259,149657,6.75,3
Mar-2024,Apex Legends,Africa,3639539,1798837,265,54,5892305,404749,194385,16.24,1
Mar-2024,Apex Legends,Africa,3094960,1742549,292,49,4848309,325722,204083,8.05,4
Mar-2024,Apex Legends,Africa,3567671,1836316,282,43,7063146,434883,192369,15.73,4
Mar-2024,Apex Legends,Africa,3234580,1869598,289,50,6795569,327190,147075,15.36,5
Mar-2024,Apex Legends,Africa,3276396,1731845,294,52,6216941,319512,139180,18.78,2
Mar-2024,Apex Legends,Africa,3539621,1757041,275,47,6550863,430442,226110,17.45,3
Mar-2024,Apex Legends,Africa,3787046,1873857,287,49,6529811,400078,197581,17.51,1
Mar-2024,Apex Legends,Africa,3418993,1718166,297,48,5830722,183591,100748,12.7,3
Mar-2024,Apex Legends,Africa,3363045,1704430,264,49,8042558,230200,117187,14.85,5
Mar-2024,Apex Legends,Africa,3621022,1656080,284,50,6373408,420875,201134,22.05,2
Mar-2024,Apex Legends,Africa,3019536,1712514,291,53,5883699,492726,100402,13.91,3
Mar-2024,Apex Legends,Africa,3485281,1594401,254,53,7429047,430656,118353,19.03,1
Mar-2024,Apex Legends,Africa,3502750,1729498,290,49,6706354,265654,159261,16.63,3
Mar-2024,Apex Legends,Africa,3342414,1873516,291,44,6593182,364465,144099,14.45,3
Mar-2024,Apex Legends,Africa,3601928,1695150,267,55,8101270,457499,230329,6.78,0
Mar-2024,Apex Legends,Africa,3352351,1740047,288,49,5196830,361488,138933,17.76,5
Mar-2024,Apex Legends,Africa,3359976,1757688,259,48,6042131,392283,121600,7.16,3
Mar-2024,Apex Legends,Africa,3480613,1621479,280,46,8420597,290876,217742,22.62,2
Mar-2024,Apex Legends,Africa,3641462,1905585,273,51,5778103,339048,244903,6.57,4
Mar-2024,Apex Legends,Africa,3310764,1634297,299,53,7419801,285294,111729,21.17,0
Mar-2024,Apex Legends,Oceania,3307105,1864989,282,49,6076022,247387,125528,18.93,0
Mar-2024,Apex Legends,Oceania,3646492,1688855,276,51,6014242,304539,163465,7.08,5
Mar-2024,Apex Legends,Oceania,3541701,1711300,288,47,6564385,297249,147734,21.23,3
Mar-2024,Apex Legends,Oceania,3185714,1785649,312,49,7818855,274152,167414,8.03,5
Mar-2024,Apex Legends,Oceania,3575279,1795016,261,48,8577783,502621,230099,6.75,4
Mar-2024,Apex Legends,Oceania,3869434,1744984,274,47,6214852,389576,229276,6.24,0
Mar-2024,Apex Legends,Oceania,3413224,1639008,283,45,5251389,281668,196778,5.83,0
Mar-2024,Apex Legends,Oceania,3492960,1769819,295,56,6605021,291792,216660,5.93,5
Mar-2024,Apex Legends,Oceania,3366021,1774545,266,54,7079757,408697,214079,6.38,3
Mar-2024,Apex Legends,Oceania,3162430,1759432,247,53,5388096,312495,169803,15.49,1
Mar-2024,Apex Legends,Oceania,3351117,1726627,285,48,6909639,419206,135635,15.6,5
Mar-2024,Apex Legends,Oceania,3336715,1877363,280,46,5708104,236040,170851,7.56,1
Mar-2024,Apex Legends,Oceania,3528031,1716079,326,41,6405249,361147,177110,8.91,2
Mar-2024,Apex Legends,Oceania,3642903,1660334,298,51,5522190,408246,174392,19.14,0
Mar-2024,Apex Legends,Oceania,3724167,1645819,301,49,7847910,352670,185569,8.08,2
Mar-2024,Apex Legends,Oceania,3087515,1923924,299,52,7494885,368041,179467,7.26,3
Mar-2024,Apex Legends,Oceania,3506113,1634573,311,50,7940751,336884,182746,21.89,0
Mar-2024,Apex Legends,Oceania,3773266,1682243,298,52,8968565,385184,262108,7.07,4
Mar-2024,Apex Legends,Oceania,3706418,1840463,297,52,6297274,237986,218124,13.57,3
Mar-2024,Apex Legends,Oceania,3325685,1760312,292,50,6636595,328194,176952,5.77,2
Apr-2024,Apex Legends,NA,3132035,1709092,265,49,6395753,308856,150692,6.75,3
Apr-2024,Apex Legends,NA,3417265,1714831,271,50,7666612,337068,164724,19.01,1
Apr-2024,Apex Legends,NA,3592875,1809696,275,46,6567074,288891,254121,23.69,2
Apr-2024,Apex Legends,NA,3419703,1711933,287,47,6083143,522384,185131,5.95,1
Apr-2024,Apex Legends,NA,3266387,1806961,276,54,5975863,307855,164316,18.71,3
Apr-2024,Apex Legends,NA,3713662,1692275,285,50,5972859,490190,173574,8.44,5
Apr-2024,Apex Legends,NA,3397920,1883290,268,47,7385580,383215,136592,20.53,0
Apr-2024,Apex Legends,NA,3296473,1709009,276,50,6035290,234859,130904,8.82,4
Apr-2024,Apex Legends,NA,3288466,1742818,280,47,6774729,326580,204377,16.44,1
Apr-2024,Apex Legends,NA,3282525,1772582,299,46,4984759,297299,221498,20.94,1
Apr-2024,Apex Legends,NA,3531573,1698362,297,47,5627617,402797,155438,15.45,2
Apr-2024,Apex Legends,NA,3180842,1686042,283,48,6565458,298866,147448,5.06,1
Apr-2024,Apex Legends,NA,3517125,1671954,249,44,7649843,312409,156554,10.11,3
Apr-2024,Apex Legends,NA,3507549,1766166,298,45,6299718,443985,195698,7.43,2
Apr-2024,Apex Legends,NA,3103470,1670552,266,49,7461958,235178,141783,22.41,5
Apr-2024,Apex Legends,NA,3633403,1846337,287,51,6252111,412015,134494,11.4,5
Apr-2024,Apex Legends,NA,3674506,1824391,276,48,7371028,363506,236246,5.23,3
Apr-2024,Apex Legends,NA,3367616,1696054,299,49,7354713,349366,213037,19.32,1
Apr-2024,Apex Legends,NA,3015584,1710439,281,53,5362036,225374,147136,11.44,1
Apr-2024,Apex Legends,NA,3180421,1834521,305,51,5525990,288466,139570,6.64,4
Apr-2024,Apex Legends,EU,3425550,1798237,258,43,7881956,206964,186990,11.22,1
Apr-2024,Apex Legends,EU,3625459,1621812,283,50,8255833,345053,171133,12.47,1
Apr-2024,Apex Legends,EU,3547481,1727007,274,52,7410827,297392,202938,13.44,3
Apr-2024,Apex Legends,EU,3418112,1744206,288,47,7420173,298719,220913,15.91,1
Apr-2024,Apex Legends,EU,3582094,1752312,298,53,8534055,417805,138216,18.82,4
Apr-2024,Apex Legends,EU,3497672,1863880,308,48,5363766,309905,120168,5.29,3
Apr-2024,Apex Legends,EU,3284850,1638506,293,51,7383972,316392,204813,9.0,2
Apr-2024,Apex Legends,EU,3647373,1571968,275,51,6515588,394168,204905,14.16,4
Apr-2024,Apex Legends,EU,3553514,1756920,274,51,5379308,401273,162000,17.22,0
Apr-2024,Apex Legends,EU,3198792,1678920,268,48,5028915,350110,196267,8.01,4
Apr-2024,Apex Legends,EU,3721715,1601972,292,46,8874127,369453,257195,7.05,0
Apr-2024,Apex Legends,EU,3253998,1652179,271,52,7510087,337367,101085,21.71,4
Apr-2024,Apex Legends,EU,3401289,1802138,313,48,7205887,323685,245916,12.93,4
Apr-2024,Apex Legends,EU,3525325,1762999,262,48,5945162,335138,115196,22.05,3
Apr-2024,Apex Legends,EU,3490416,1702793,267,42,5943478,398082,204429,14.7,1
Apr-2024,Apex Legends,EU,3470133,1743555,292,47,6194172,410763,156444,14.04,4
Apr-2024,Apex Legends,EU,3550637,1758429,288,51,6051062,289491,184865,13.01,2
Apr-2024,Apex Legends,EU,3351636,1607222,276,53,8274331,311946,197052,6.21,5
Apr-2024,Apex Legends,EU,3496901,1893520,300,54,5359829,275157,162336,20.74,0
Apr-2024,Apex Legends,EU,3281637,1689038,286,52,8137727,341282,150119,10.03,5
Apr-2024,Apex Legends,Asia,3417709,1821991,301,48,5345280,335099,141775,14.93,2
Apr-2024,Apex Legends,Asia,3073139,1690609,283,47,7121653,270831,94511,22.89,0
Apr-2024,Apex Legends,Asia,3592247,1847285,316,57,6868680,413846,133107,6.37,5
Apr-2024,Apex Legends,Asia,3429699,1700237,282,50,7066154,365987,132765,10.17,2
Apr-2024,Apex Legends,Asia,3519453,1847064,279,55,8088847,265133,152151,6.2,1
Apr-2024,Apex Legends,Asia,3456400,1706974,295,45,6079737,335735,189613,19.27,5
Apr-2024,Apex Legends,Asia,3362280,1702180,297,47,5872430,382234,181721,18.59,0
Apr-2024,Apex Legends,Asia,3184502,1639721,307,47,6189811,328286,183354,12.58,0
Apr-2024,Apex Legends,Asia,3358660,1694114,299,48,6046032,343022,181990,15.17,4
Apr-2024,Apex Legends,Asia,3386095,1803712,277,47,5540085,346034,221592,6.19,1
Apr-2024,Apex Legends,Asia,3223768,1889101,264,45,4951401,345769,181341,19.11,5
Apr-2024,Apex Legends,Asia,3647703,1646522,274,46,8362918,329206,107327,20.0,0
Apr-2024,Apex Legends,Asia,3741053,1753670,273,55,6129050,405077,235530,9.66,4
Apr-2024,Apex Legends,Asia,3364697,1747825,296,45,7992974,280327,192649,9.44,5
Apr-2024,Apex Legends,Asia,3199214,1752408,286,52,6186320,357578,145447,18.34,0
Apr-2024,Apex Legends,Asia,3389610,1680319,279,54,7824006,468105,165927,12.35,2
Apr-2024,Apex Legends,Asia,3575051,1670894,297,46,5987741,370285,145796,23.7,4
Apr-2024,Apex Legends,Asia,3555849,1679473,282,45,6685660,416759,201910,17.05,5
Apr-2024,Apex Legends,Asia,3801036,1695757,266,52,6135008,272116,193154,19.36,1
Apr-2024,Apex Legends,Asia,3429658,1593813,261,55,8389696,296554,189238,7.66,4
Apr-2024,Apex Legends,South America,3403246,1764544,273,51,6410568,422207,176417,22.27,0
Apr-2024,Apex Legends,South America,3442768,1753513,307,46,6400152,239544,136101,7.87,5
Apr-2024,Apex Legends,South America,3482370,1813330,288,55,6344452,313273,170029,24.64,1
Apr-2024,Apex Legends,South America,3332096,1650917,277,52,5901778,311202,147598,10.67,0
Apr-2024,Apex Legends,South America,3593754,1766372,284,47,8287996,344180,163137,24.46,4
Apr-2024,Apex Legends,South America,3118773,1652013,288,47,6141881,354223,175628,10.75,3
Apr-2024,Apex Legends,South America,3724824,1749775,265,47,5818659,345673,157564,17.32,3
Apr-2024,Apex Legends,South America,3223710,1716694,281,53,6815010,379873,125193,21.94,4
Apr-2024,Apex Legends,South America,3459328,1872003,293,53,8483935,323520,180012,13.27,5
Apr-2024,Apex Legends,South America,3676273,1963910,276,51,8166756,241716,194599,14.64,2
Apr-2024,Apex Legends,South America,3249071,1627396,286,52,7401503,320078,194591,10.4,5
Apr-2024,Apex Legends,South America,3494336,1649622,271,49,7385847,412492,214051,14.65,5
Apr-2024,Apex Legends,South America,3480948,1604056,277,52,6762406,326373,214460,16.87,3
Apr-2024,Apex Legends,South America,3348552,1717347,291,51,7082143,252209,156501,9.03,3
Apr-2024,Apex Legends,South America,3359438,1716661,278,54,6155307,266193,165408,14.78,3
Apr-2024,Apex Legends,South America,3359900,1766116,306,50,7781995,400868,153343,14.18,3
Apr-2024,Apex Legends,South America,3454490,1722132,295,49,8612940,293870,232450,11.5,0
Apr-2024,Apex Legends,South America,3270821,1691197,317,54,6663628,445102,190143,19.86,2
Apr-2024,Apex Legends,South America,3198623,1631558,263,46,4941362,320981,174920,13.2,5
Apr-2024,Apex Legends,South America,3345995,1783280,293,50,7184132,363018,181430,13.37,4
Apr-2024,Apex Legends,Africa,3476728,1857027,306,54,7324380,436621,189925,5.65,3
Apr-2024,Apex Legends,Africa,3440097,1559029,295,45,5898915,274080,213875,16.41,0
Apr-2024,Apex Legends,Africa,3551078,1767249,281,46,6690873,345904,231244,17.79,0
Apr-2024,Apex Legends,Africa,3720464,1745270,270,46,9099402,364361,182526,21.6,0
Apr-2024,Apex Legends,Africa,3486493,1748973,307,50,5852200,344507,225841,7.94,5
Apr-2024,Apex Legends,Africa,3372009,1666344,294,46,5484063,298966,129065,19.1,0
Apr-2024,Apex Legends,Africa,3387619,1714351,297,54,6678053,289627,136498,6.48,4
Apr-2024,Apex Legends,Africa,3523237,1617664,247,45,6188412,320888,127385,7.05,0
Apr-2024,Apex Legends,Africa,3778926,1722535,279,51,8735253,378216,201503,20.05,3
Apr-2024,Apex Legends,Africa,3466477,1721908,274,46,7470417,369782,116448,18.39,1
Apr-2024,Apex Legends,Africa,3316913,1677135,283,50,6516988,412111,203276,18.07,2
Apr-2024,Apex Legends,Africa,3398644,1898162,298,51,7867345,315784,241998,9.81,5
Apr-2024,Apex Legends,Africa,3283647,1715993,296,53,6962636,268275,171446,14.81,5
Apr-2024,Apex Legends,Africa,3534401,1859799,289,50,6616751,286062,124722,11.13,4
Apr-2024,Apex Legends,Africa,3486836,1867165,284,50,6920536,298576,197545,23.51,2
Apr-2024,Apex Legends,Africa,3191916,1691534,298,53,5520834,291331,164288,24.17,1
Apr-2024,Apex Legends,Africa,3499695,1789927,298,55,8494461,292081,177951,18.15,3
Apr-2024,Apex Legends,Africa,3522138,1637624,299,48,6258455,455549,142494,21.45,5
Apr-2024,Apex Legends,Africa,3527454,1878532,286,48,8023309,340949,121393,9.72,5
Apr-2024,Apex Legends,Africa,3558094,1679663,282,54,6115920,258684,142298,21.8,0
Apr-2024,Apex Legends,Oceania,3614389,1727333,294,50,6223067,447043,123544,14.6,0
Apr-2024,Apex Legends,Oceania,3554792,1997504,308,53,5502500,335576,155899,6.6,5
Apr-2024,Apex Legends,Oceania,3483604,1760983,307,45,5817880,349701,145239,5.17,3
Apr-2024,Apex Legends,Oceania,3371636,1871690,299,47,6142486,286178,108458,19.0,2
Apr-2024,Apex Legends,Oceania,3211295,1693100,281,44,7906337,424917,207288,16.19,2
Apr-2024,Apex Legends,Oceania,3450950,1696661,311,47,8140950,317719,119198,6.65,4
Apr-2024,Apex Legends,Oceania,3387589,1729422,288,54,6270734,278782,167734,8.47,0
Apr-2024,Apex Legends,Oceania,3432888,1763494,278,50,6761064,238117,173917,12.58,3
Apr-2024,Apex Legends,Oceania,3188063,1738150,287,51,5945246,401661,127742,21.95,0
Apr-2024,Apex Legends,Oceania,3331575,1685640,277,46,5603942,272826,81920,8.69,3
Apr-2024,Apex Legends,Oceania,3562759,1703108,272,53,7418801,327627,266121,23.6,5
Apr-2024,Apex Legends,Oceania,3313384,1784855,282,44,6348761,196323,212175,17.64,0
Apr-2024,Apex Legends,Oceania,3368947,1733563,303,56,6376721,347276,170060,20.23,1
Apr-2024,Apex Legends,Oceania,3049451,1823720,256,50,7554337,271114,198471,24.02,4
Apr-2024,Apex Legends,Oceania,3437826,1728795,292,48,5185607,285366,148435,8.87,5
Apr-2024,Apex Legends,Oceania,3596895,1750928,293,47,5861431,278207,158502,11.06,2
Apr-2024,Apex Legends,Oceania,3445873,1635908,284,47,7233359,389871,140950,16.11,4
Apr-2024,Apex Legends,Oceania,3535527,1666102,289,52,6556556,242886,184405,6.38,1
Apr-2024,Apex Legends,Oceania,3777395,1672863,286,47,6972431,318014,175994,17.09,1
Apr-2024,Apex Legends,Oceania,3671590,1802477,284,46,8251119,314590,113207,6.27,0
May-2024,Apex Legends,NA,3601634,1648171,280,50,6089578,436087,172341,17.11,3
May-2024,Apex Legends,NA,3410160,1596349,305,48,8420435,320315,198726,6.06,0
May-2024,Apex Legends,NA,3214473,1811484,308,51,7822807,257217,108724,19.45,5
May-2024,Apex Legends,NA,3535985,1759884,265,46,8720120,326597,133381,6.31,0
May-2024,Apex Legends,NA,3789624,1615809,263,50,8753339,333159,195190,15.71,3
May-2024,Apex Legends,NA,3185493,1715674,301,51,5244930,239119,195262,17.69,5
May-2024,Apex Legends,NA,3200075,1684846,296,51,5070310,313962,158232,5.12,5
May-2024,Apex Legends,NA,3212011,1748377,280,46,6346616,457905,136344,24.15,5
May-2024,Apex Legends,NA,3578465,1672274,291,50,7957188,375308,187694,5.18,4
May-2024,Apex Legends,NA,3662513,1684606,295,55,5889609,298109,220410,19.85,0
May-2024,Apex Legends,NA,3612991,1669834,271,51,5499778,432797,139445,10.85,2
May-2024,Apex Legends,NA,3314211,1769318,283,48,5758432,322264,111784,8.5,0
May-2024,Apex Legends,NA,3178136,1505118,278,45,6375328,293946,169965,8.76,5
May-2024,Apex Legends,NA,3511469,1634267,304,48,8454923,398323,157051,7.32,2
May-2024,Apex Legends,NA,3338552,1820249,305,46,7518863,341932,176951,19.69,3
May-2024,Apex Legends,NA,3261083,1721243,244,53,7003606,400500,138289,20.11,4
May-2024,Apex Legends,NA,3187786,1766601,270,48,6986870,257365,206932,20.49,5
May-2024,Apex Legends,NA,3341506,1633870,287,49,5689725,431139,184329,22.0,5
May-2024,Apex Legends,NA,3305777,1693589,307,44,8066334,267573,162684,22.81,0
May-2024,Apex Legends,NA,3611338,1793095,278,52,8875855,372059,170111,22.67,4
May-2024,Apex Legends,EU,3320329,1729939,262,50,7513473,309647,197319,18.44,5
May-2024,Apex Legends,EU,3482489,1839005,281,51,8126702,392030,128375,18.56,5
May-2024,Apex Legends,EU,3818386,1791305,286,52,8057107,435092,195484,23.41,3
May-2024,Apex Legends,EU,3214187,1699982,290,50,6956319,203519,140075,5.6,2
May-2024,Apex Legends,EU,3337547,1710219,281,45,8243252,246400,152382,9.25,4
May-2024,Apex Legends,EU,3352779,1603525,274,50,5952623,341529,172535,23.85,2
May-2024,Apex Legends,EU,3619604,1786576,261,58,5692258,469055,186857,23.01,2
May-2024,Apex Legends,EU,3472292,1768775,299,49,7999345,254685,182732,10.16,2
May-2024,Apex Legends,EU,3278961,1662128,262,52,7586168,282454,188628,18.53,1
May-2024,Apex Legends,EU,3501476,1742545,290,54,6834252,342576,230232,10.86,2
May-2024,Apex Legends,EU,3461292,1579026,264,49,5439035,396440,139206,8.61,1
May-2024,Apex Legends,EU,3245258,1711066,296,51,7646878,349079,211841,5.21,0
May-2024,Apex Legends,EU,3459951,1801890,304,47,6711033,397960,153472,22.39,2
May-2024,Apex Legends,EU,3517174,1886966,247,49,6035808,420030,171956,19.94,4
May-2024,Apex Legends,EU,3267072,1682417,303,45,6017273,290509,149897,7.29,0
May-2024,Apex Legends,EU,3550983,1687915,287,44,5493496,456616,185415,21.18,3
May-2024,Apex Legends,EU,3480673,1744846,292,53,7539005,253844,183320,12.77,0
May-2024,Apex Legends,EU,3774349,1684273,291,46,8306711,526687,218944,9.92,3
May-2024,Apex Legends,EU,3476851,1754596,287,50,7238704,332944,168451,8.47,4
May-2024,Apex Legends,EU,3678477,1697987,297,51,8446273,303615,145296,20.23,4
May-2024,Apex Legends,Asia,3602853,1711246,265,51,6069172,263979,130880,22.57,5
May-2024,Apex Legends,Asia,3146084,1584404,294,48,6467686,381434,172880,17.29,3
May-2024,Apex Legends,Asia,3455624,1764791,261,49,7206347,382499,117378,8.16,4
May-2024,Apex Legends,Asia,3383618,1718662,282,51,5803511,302180,178116,8.16,4
May-2024,Apex Legends,Asia,3524273,1725977,283,48,7175016,404976,123974,13.44,2
May-2024,Apex Legends,Asia,3496234,1723333,295,54,7583272,240174,166712,18.0,2
May-2024,Apex Legends,Asia,3547820,1743562,258,45,7458456,431229,122009,13.05,2
May-2024,Apex Legends,Asia,3539385,1760773,270,49,6078321,348344,175164,7.09,5
May-2024,Apex Legends,Asia,3534462,1785270,286,55,8184849,408093,150246,15.6,5
May-2024,Apex Legends,Asia,3502314,1637924,262,45,8357272,293617,158946,12.95,2
May-2024,Apex Legends,Asia,3165685,1719875,260,45,6085205,469459,166410,15.65,0
May-2024,Apex Legends,Asia,3631454,1731501,270,44,9022973,337919,212603,6.65,4
May-2024,Apex Legends,Asia,3268569,1645742,271,51,8007705,299070,112559,10.06,1
May-2024,Apex Legends,Asia,3633053,1643186,299,49,6972486,302504,260678,11.39,0
May-2024,Apex Legends,Asia,3189289,1663888,280,48,6852641,243122,215746,16.02,1
May-2024,Apex Legends,Asia,3405192,1640315,290,44,6566361,272867,149120,14.72,3
May-2024,Apex Legends,Asia,3550417,1643587,288,48,6115871,339198,148143,23.57,0
May-2024,Apex Legends,Asia,3699087,1706396,288,51,8497438,392359,232977,13.71,0
May-2024,Apex Legends,Asia,3616887,1477261,297,42,7622459,392400,189877,14.5,3
May-2024,Apex Legends,Asia,3512808,1830753,267,45,6551941,344133,183912,11.74,2
May-2024,Apex Legends,South America,3427569,1928511,282,48,6042685,310131,115313,18.45,0
May-2024,Apex Legends,South America,3147680,1792920,275,54,5398395,250002,193882,8.13,4
May-2024,Apex Legends,South America,3275713,1755192,304,45,6199718,222698,131849,7.89,3
May-2024,Apex Legends,South America,3631712,1810998,277,51,5475250,355792,223922,5.19,3
May-2024,Apex Legends,South America,3568104,1682444,294,48,8655151,299621,206587,8.33,5
May-2024,Apex Legends,South America,3233419,1949625,278,44,6648435,250411,147720,17.73,1
May-2024,Apex Legends,South America,3606985,1670484,272,51,5775662,482605,236787,17.67,0
May-2024,Apex Legends,South America,3802997,1841473,268,50,6702240,488284,204184,9.46,1
May-2024,Apex Legends,South America,3250462,1770769,283,46,5904580,150410,117049,8.44,1
May-2024,Apex Legends,South America,3293572,1765003,297,49,7886273,299955,149291,14.69,2
May-2024,Apex Legends,South America,3412994,1769384,267,53,6261160,441062,161262,12.62,3
May-2024,Apex Legends,South America,3018984,1728030,279,44,6252995,328043,148761,24.01,1
May-2024,Apex Legends,South America,3863726,1687924,267,50,6573779,419644,142697,19.96,5
May-2024,Apex Legends,South America,3263554,1708239,286,50,6329090,323884,194570,10.17,5
May-2024,Apex Legends,South America,3516332,1837704,297,50,7069117,392465,156306,22.87,1
May-2024,Apex Legends,South America,3275192,1763867,263,50,6720365,299253,168141,10.24,5
May-2024,Apex Legends,South America,3542155,1677478,278,46,7852544,389534,151105,5.2,4
May-2024,Apex Legends,South America,3445513,1575869,304,49,5915637,390471,144947,12.33,0
May-2024,Apex Legends,South America,3451172,1831847,268,51,5380096,363021,183187,7.93,4
May-2024,Apex Legends,South America,3389448,1531568,304,49,7919217,312564,187550,23.08,2
May-2024,Apex Legends,Africa,3410630,1822831,291,48,6883637,501800,102155,18.09,2
May-2024,Apex Legends,Africa,3450213,1794185,302,49,6656463,251173,206045,14.96,2
May-2024,Apex Legends,Africa,3605766,1616098,272,48,6686893,495440,105206,19.14,5
May-2024,Apex Legends,Africa,3311093,1799802,265,45,5454362,480248,145844,19.93,0
May-2024,Apex Legends,Africa,3281872,1766246,303,49,5204344,294868,196814,15.22,3
May-2024,Apex Legends,Africa,3420944,1720182,297,49,7429516,374964,163146,15.18,0
May-2024,Apex Legends,Africa,3500515,1762319,269,50,6317344,251523,90635,22.37,2
May-2024,Apex Legends,Africa,3081802,1641074,272,55,6587916,396978,129879,18.44,0
May-2024,Apex Legends,Africa,3527341,1857169,263,51,7030220,376696,184325,8.88,4
May-2024,Apex Legends,Africa,3569764,1894158,285,47,8572300,446065,177522,23.83,2
May-2024,Apex Legends,Africa,3276870,1890124,307,44,5601111,260905,185785,23.57,3
May-2024,Apex Legends,Africa,3436259,1730507,274,49,7175120,412420,160106,23.82,3
May-2024,Apex Legends,Africa,3472777,1666428,294,52,8438977,420484,222473,12.62,3
May-2024,Apex Legends,Africa,3209318,1609816,275,53,6332825,281229,194293,6.45,0
May-2024,Apex Legends,Africa,3447447,1765926,292,45,7998235,362083,103109,12.01,1
May-2024,Apex Legends,Africa,3522892,1530473,274,48,7865252,256301,196980,19.79,1
May-2024,Apex Legends,Africa,3341584,1760831,281,51,5410016,439644,164373,7.77,4
May-2024,Apex Legends,Africa,3011616,1745770,300,52,6664110,287583,140435,10.36,3
May-2024,Apex Legends,Africa,3488926,1778323,295,50,6155838,362610,153556,14.3,5
May-2024,Apex Legends,Africa,3431153,1666398,275,55,7004763,323634,113790,18.43,3
May-2024,Apex Legends,Oceania,3555877,1769803,270,48,8210106,284234,258807,22.21,2
May-2024,Apex Legends,Oceania,3575440,1841495,278,53,6851613,329168,144944,8.79,2
May-2024,Apex Legends,Oceania,3445047,1786377,302,48,7732776,317318,192363,20.29,1
May-2024,Apex Legends,Oceania,3501726,1704758,288,44,6786371,326825,199712,18.59,5
May-2024,Apex Legends,Oceania,3418548,1802112,291,51,8033711,381131,163566,11.12,2
May-2024,Apex Legends,Oceania,3345466,1745242,284,48,7026053,388292,178698,21.07,3
May-2024,Apex Legends,Oceania,3316160,1636701,283,51,5557342,256567,168435,9.22,5
May-2024,Apex Legends,Oceania,3162177,1695581,299,58,5868351,334173,172596,11.65,2
May-2024,Apex Legends,Oceania,3118623,1838827,291,52,5605691,382043,153887,24.54,1
May-2024,Apex Legends,Oceania,3398992,1726420,279,51,7217122,377850,168338,21.69,0
May-2024,Apex Legends,Oceania,3662231,1616804,277,50,6091699,393401,168747,22.4,2
May-2024,Apex Legends,Oceania,3533394,1744647,276,46,7109833,347819,168172,13.64,3
May-2024,Apex Legends,Oceania,3482470,1674111,247,49,5467810,413096,151537,16.09,5
May-2024,Apex Legends,Oceania,3421063,1733727,272,49,7534810,418313,208774,19.44,4
May-2024,Apex Legends,Oceania,3585425,1754888,284,49,8788948,370668,230768,20.0,1
May-2024,Apex Legends,Oceania,3685366,1591319,298,50,6934930,379682,198824,5.35,1
May-2024,Apex Legends,Oceania,3319785,1745866,268,45,7838912,327427,148298,9.49,5
May-2024,Apex Legends,Oceania,3472827,1734162,284,51,7153704,320868,176414,12.12,5
May-2024,Apex Legends,Oceania,3484726,1808176,279,51,7738227,287698,145372,7.86,4
May-2024,Apex Legends,Oceania,3376633,1910933,276,46,5825243,385164,175277,5.12,4
Jun-2024,Apex Legends,NA,3366896,1859373,287,50,7186736,253017,164617,9.56,3
Jun-2024,Apex Legends,NA,3545652,1866075,252,52,8209710,286810,125865,17.27,5
Jun-2024,Apex Legends,NA,3658381,1723135,278,53,8165342,479237,169500,14.32,4
Jun-2024,Apex Legends,NA,3568723,1671260,278,50,7188478,312591,209788,12.44,4
Jun-2024,Apex Legends,NA,3466374,1870247,300,47,7570705,351081,165930,13.88,2
Jun-2024,Apex Legends,NA,3258114,1595191,270,48,6991469,329427,106614,19.22,1
Jun-2024,Apex Legends,NA,3371912,1829116,302,44,6927304,265196,118135,10.07,3
Jun-2024,Apex Legends,NA,3392439,1843793,263,52,6914730,251576,242802,9.74,4
Jun-2024,Apex Legends,NA,3408941,1637101,292,46,5261200,456233,177833,22.12,2
Jun-2024,Apex Legends,NA,2990654,1778615,263,50,5165187,245328,168763,13.91,4
Jun-2024,Apex Legends,NA,3192486,1760337,297,54,5355068,306266,98977,15.43,3
Jun-2024,Apex Legends,NA,3513083,1669560,288,47,6531504,361435,200644,15.51,0
Jun-2024,Apex Legends,NA,3152159,1808925,285,50,5609156,305230,160306,14.16,1
Jun-2024,Apex Legends,NA,3317524,1592644,295,52,6609092,393813,104454,6.92,5
Jun-2024,Apex Legends,NA,3220625,1671967,263,48,5575666,403623,136341,13.33,5
Jun-2024,Apex Legends,NA,3438561,1642673,275,48,5534188,348835,195259,7.92,3
Jun-2024,Apex Legends,NA,3368180,1790320,289,51,5151982,372951,188303,18.37,3
Jun-2024,Apex Legends,NA,3529448,1712383,265,44,7816111,474778,182235,5.45,3
Jun-2024,Apex Legends,NA,3289033,1719500,295,47,5019403,327596,149062,8.53,5
Jun-2024,Apex Legends,NA,3493616,1740806,271,49,6587339,342301,213362,17.33,0
Jun-2024,Apex Legends,EU,3641448,1609904,282,51,8845076,360596,199710,11.41,2
Jun-2024,Apex Legends,EU,3518702,1821632,311,51,6656984,457400,211485,24.23,5
Jun-2024,Apex Legends,EU,3570246,1795298,296,53,7027315,247496,212191,6.21,5
Jun-2024,Apex Legends,EU,3398284,1781326,274,48,7525781,265663,167798,13.3,4
Jun-2024,Apex Legends,EU,3296463,1761082,287,47,7303282,364737,207183,7.26,5
Jun-2024,Apex Legends,EU,3230513,1655963,287,51,5968728,295660,190588,5.62,3
Jun-2024,Apex Legends,EU,3589397,1907970,288,44,5886605,341847,133772,18.97,5
Jun-2024,Apex Legends,EU,3190268,1830552,261,47,6287251,189495,161180,12.75,4
Jun-2024,Apex Legends,EU,3231517,1737544,271,48,4855616,381955,173822,7.82,3
Jun-2024,Apex Legends,EU,3506145,1617440,279,47,5768363,312867,198188,8.61,3
Jun-2024,Apex Legends,EU,3456593,1769065,273,47,7148350,392839,157252,14.22,4
Jun-2024,Apex Legends,EU,3129329,1587034,282,52,5516988,267556,196519,12.98,5
Jun-2024,Apex Legends,EU,3365772,1837659,287,44,5436650,373500,146591,6.02,5
Jun-2024,Apex Legends,EU,3366212,1715491,282,45,7049541,240061,143510,12.73,2
Jun-2024,Apex Legends,EU,3231213,1774732,291,50,6682767,317868,106229,10.33,2
Jun-2024,Apex Legends,EU,3528932,1644321,272,41,8522012,430115,185177,17.15,5
Jun-2024,Apex Legends,EU,3509301,1806320,294,51,6056254,421526,197111,18.56,1
Jun-2024,Apex Legends,EU,3496895,1680407,280,53,5859523,340787,107904,14.93,5
Jun-2024,Apex Legends,EU,3654930,1703394,303,49,5856539,370563,161471,22.19,2
Jun-2024,Apex Legends,EU,3664751,1722892,301,45,6760198,314447,259193,6.63,4
Jun-2024,Apex Legends,Asia,3128806,1883548,280,53,7797725,333193,185015,7.66,2
Jun-2024,Apex Legends,Asia,3459734,1787370,279,48,6859598,296330,146535,8.98,4
Jun-2024,Apex Legends,Asia,3404128,1675131,294,46,8155483,326984,126047,10.76,0
Jun-2024,Apex Legends,Asia,3372376,1707898,288,52,5981519,387558,152480,20.04,0
Jun-2024,Apex Legends,Asia,3164623,1657578,285,51,5670806,323116,212613,14.63,5
Jun-2024,Apex Legends,Asia,3392317,1819815,296,49,7938513,451274,171658,7.81,3
Jun-2024,Apex Legends,Asia,3413610,1795928,285,51,7930079,259069,129576,24.4,0
Jun-2024,Apex Legends,Asia,3455277,1719209,293,50,5656032,329995,151630,17.71,0
Jun-2024,Apex Legends,Asia,3746067,1758620,280,47,7309693,367263,127800,21.01,3
Jun-2024,Apex Legends,Asia,3391760,1704200,268,54,7763855,277520,127088,9.99,5
Jun-2024,Apex Legends,Asia,3303340,1736465,291,49,7208294,339194,183699,19.08,4
Jun-2024,Apex Legends,Asia,3292567,1823676,248,55,8143258,318113,203740,20.11,3
Jun-2024,Apex Legends,Asia,3508945,1817282,283,53,7912831,449527,185359,16.18,3
Jun-2024,Apex Legends,Asia,3594247,1677052,286,46,5920280,357040,124457,15.13,2
Jun-2024,Apex Legends,Asia,3580683,1711412,287,48,7001211,325261,159453,20.35,5
Jun-2024,Apex Legends,Asia,3259387,1658089,305,53,5428758,325958,177478,15.87,2
Jun-2024,Apex Legends,Asia,3581749,1837785,262,51,5983568,293853,180979,21.45,1
Jun-2024,Apex Legends,Asia,3334822,1632092,276,51,5258008,334357,198809,16.17,5
Jun-2024,Apex Legends,Asia,3572224,1691701,281,51,8339668,308679,167189,15.93,5
Jun-2024,Apex Legends,Asia,3443457,1732986,292,52,6480836,268105,145094,11.04,2
Jun-2024,Apex Legends,South America,3170812,1796368,294,49,5561199,347276,203031,14.62,2
Jun-2024,Apex Legends,South America,3388850,1710870,316,49,5429523,408234,135707,5.96,0
Jun-2024,Apex Legends,South America,3612424,1775224,263,52,6204137,336180,132989,7.05,1
Jun-2024,Apex Legends,South America,3232760,1621713,292,49,7933337,324325,124166,7.48,1
Jun-2024,Apex Legends,South America,3305380,1534855,285,49,8059102,370447,136411,8.83,3
Jun-2024,Apex Legends,South America,3556841,1759105,304,45,7124888,381980,161096,12.64,5
Jun-2024,Apex Legends,South America,3637990,1899489,265,48,7111479,425237,156794,5.16,3
Jun-2024,Apex Legends,South America,3233197,1703893,287,49,7920893,435596,220741,24.6,4
Jun-2024,Apex Legends,South America,3411005,1732872,295,50,6605307,355228,173864,15.96,4
Jun-2024,Apex Legends,South America,3338527,1802719,285,42,5999160,356877,141762,6.33,4
Jun-2024,Apex Legends,South America,3262806,1720780,286,53,6299667,402012,173165,14.51,1
Jun-2024,Apex Legends,South America,3668607,1682530,269,49,6518812,308705,122762,19.89,5
Jun-2024,Apex Legends,South America,3195453,1646042,300,49,5890223,378253,164590,18.99,2
Jun-2024,Apex Legends,South America,3360006,1647077,279,48,7887398,294131,146772,8.7,4
Jun-2024,Apex Legends,South America,3610751,1796632,266,51,8627122,382129,112739,7.14,4
Jun-2024,Apex Legends,South America,3341260,1728454,283,52,7118784,360905,165604,13.11,3
Jun-2024,Apex Legends,South America,3338549,1732337,260,44,5707802,332635,157228,19.61,3
Jun-2024,Apex Legends,South America,3501482,1797198,280,45,7387112,362376,243829,5.59,5
Jun-2024,Apex Legends,South America,3223201,1717858,277,51,7079258,381435,104443,11.16,0
Jun-2024,Apex Legends,South America,3326090,1734826,264,45,6882609,425447,202461,22.98,5
Jun-2024,Apex Legends,Africa,3387516,1857078,301,49,8043779,273849,119204,18.12,3
Jun-2024,Apex Legends,Africa,3396868,1776250,275,50,7601465,387686,197899,12.93,4
Jun-2024,Apex Legends,Africa,3462312,1694053,270,47,8461310,352535,155542,24.43,4
Jun-2024,Apex Legends,Africa,3347027,1787055,294,51,7885427,378588,192783,13.35,4
Jun-2024,Apex Legends,Africa,3141034,1824001,307,53,5591330,319422,188204,13.07,5
Jun-2024,Apex Legends,Africa,3222393,1922398,274,48,4984901,189384,199209,9.55,1
Jun-2024,Apex Legends,Africa,3493068,1722743,262,48,6948609,314052,188776,11.85,4
Jun-2024,Apex Legends,Africa,3204781,1734393,266,48,7997398,352861,184196,16.78,1
Jun-2024,Apex Legends,Africa,3515885,1779440,285,48,5395024,351760,204022,7.97,5
Jun-2024,Apex Legends,Africa,3187952,1718107,327,51,5582627,237108,173961,9.31,4
Jun-2024,Apex Legends,Africa,3453281,1844214,289,48,7931178,312119,191387,6.75,3
Jun-2024,Apex Legends,Africa,3292500,1618559,304,53,8212421,368926,159331,11.27,5
Jun-2024,Apex Legends,Africa,3335858,1757047,278,48,5429908,297235,178487,6.65,0
Jun-2024,Apex Legends,Africa,3490476,1761552,259,41,6139412,407117,173843,17.45,2
Jun-2024,Apex Legends,Africa,3712010,1842607,257,47,7813981,238655,117095,13.44,1
Jun-2024,Apex Legends,Africa,3319298,1778669,305,53,5076817,381462,133733,7.35,4
Jun-2024,Apex Legends,Africa,3542510,1779812,308,50,6189134,379872,168468,12.0,4
Jun-2024,Apex Legends,Africa,3330381,1576219,320,50,5669208,355307,211008,21.36,3
Jun-2024,Apex Legends,Africa,3670461,1846713,277,44,9043314,345327,225107,8.76,1
Jun-2024,Apex Legends,Africa,3665961,1798149,291,44,7660247,494973,193430,5.05,5
Jun-2024,Apex Legends,Oceania,3415840,1850850,279,49,8377770,293969,158573,9.67,5
Jun-2024,Apex Legends,Oceania,3420344,1738824,280,52,5228130,351651,129015,17.48,4
Jun-2024,Apex Legends,Oceania,3758946,1778207,300,52,7522747,363377,175090,12.56,1
Jun-2024,Apex Legends,Oceania,3536299,1835717,297,54,5715260,311095,146047,18.58,0
Jun-2024,Apex Legends,Oceania,3424134,1700066,292,55,6135300,355215,159759,5.19,0
Jun-2024,Apex Legends,Oceania,3230088,1652299,281,48,6202534,304996,167121,21.21,5
Jun-2024,Apex Legends,Oceania,3526013,1694304,263,52,5615323,305860,181245,23.27,5
Jun-2024,Apex Legends,Oceania,3338086,1589317,272,54,5804798,304606,137806,6.95,4
Jun-2024,Apex Legends,Oceania,3582948,1618025,283,50,8459910,430174,193272,21.24,0
Jun-2024,Apex Legends,Oceania,3624672,1659077,271,55,7381688,446285,171525,7.44,1
Jun-2024,Apex Legends,Oceania,3463539,1796076,278,51,7167102,337902,204731,20.35,5
Jun-2024,Apex Legends,Oceania,3117848,1857900,280,51,5058197,348947,145807,19.16,3
Jun-2024,Apex Legends,Oceania,3481199,1586999,282,49,5977253,308743,152109,22.35,0
Jun-2024,Apex Legends,Oceania,3273531,1691757,293,55,8134883,145043,134836,21.79,4
Jun-2024,Apex Legends,Oceania,3373364,1901987,296,53,5830074,215621,165581,9.23,0
Jun-2024,Apex Legends,Oceania,3258212,1711459,290,50,6226848,361539,129493,11.68,0
Jun-2024,Apex Legends,Oceania,3732277,1816249,283,51,8151862,330576,170304,13.59,3
Jun-2024,Apex Legends,Oceania,3420853,1830153,286,49,8305206,304869,190777,11.0,2
Jun-2024,Apex Legends,Oceania,3404504,1772920,293,50,8466968,248854,180732,13.81,3
Jun-2024,Apex Legends,Oceania,3704862,1649247,268,48,6954750,424736,177777,15.42,5
Jul-2024,Apex Legends,NA,3253225,1504108,313,50,7202951,256466,143629,17.65,3
Jul-2024,Apex Legends,NA,3544733,1691036,287,48,7693774,219533,155623,13.08,4
Jul-2024,Apex Legends,NA,3555266,1794813,278,48,5966004,276768,103868,22.88,2
Jul-2024,Apex Legends,NA,3088793,1707337,299,55,5544331,435247,186047,12.0,5
Jul-2024,Apex Legends,NA,3634489,1657342,256,49,8868278,434317,267713,7.09,5
Jul-2024,Apex Legends,NA,3292975,1781113,294,50,6140086,309527,80422,15.57,2
Jul-2024,Apex Legends,NA,3157800,1711091,286,50,5864204,309927,161634,11.6,3
Jul-2024,Apex Legends,NA,3428119,1727498,264,52,5709625,358049,214174,12.52,3
Jul-2024,Apex Legends,NA,3635242,1659531,279,50,7872820,334652,194193,24.84,0
Jul-2024,Apex Legends,NA,3577742,1610987,269,46,8775667,374889,202739,6.27,4
Jul-2024,Apex Legends,NA,3416653,1947273,291,49,6382120,344325,176040,17.11,0
Jul-2024,Apex Legends,NA,3747082,1748297,270,52,8255308,361352,149076,17.35,0
Jul-2024,Apex Legends,NA,3423805,1716962,280,51,6192872,378757,166646,16.0,5
Jul-2024,Apex Legends,NA,3175335,1688603,268,50,7164073,357340,189062,11.89,0
Jul-2024,Apex Legends,NA,3623354,1886708,313,50,6635888,319169,172116,24.11,3
Jul-2024,Apex Legends,NA,3489106,1786825,271,53,5766516,368088,265666,10.33,3
Jul-2024,Apex Legends,NA,3316988,1818355,295,55,6528748,231208,110839,16.82,4
Jul-2024,Apex Legends,NA,3470585,1584818,286,49,8130103,462123,188923,11.2,0
Jul-2024,Apex Legends,NA,3248279,1690302,283,48,5103182,309983,167567,9.09,1
Jul-2024,Apex Legends,NA,3741179,1806179,267,48,7015727,327636,220937,8.18,1
Jul-2024,Apex Legends,EU,3353824,1703997,284,50,7683552,217319,118377,18.1,5
Jul-2024,Apex Legends,EU,3423528,1789654,314,52,7817001,398114,137077,9.85,3
Jul-2024,Apex Legends,EU,3375193,1715312,265,52,8181110,296448,180852,13.07,0
Jul-2024,Apex Legends,EU,3262417,1775623,275,50,5188043,344749,143701,7.9,5
Jul-2024,Apex Legends,EU,3300909,1756061,267,51,5051984,281769,159979,11.54,1
Jul-2024,Apex Legends,EU,3616397,1796414,284,44,6335440,305942,213053,17.58,3
Jul-2024,Apex Legends,EU,3491487,1847589,306,48,8112806,341690,282230,18.8,5
Jul-2024,Apex Legends,EU,3559376,1609869,309,51,5371731,334271,161318,24.82,4
Jul-2024,Apex Legends,EU,3439460,1552141,293,54,5188911,349790,153739,7.74,3
Jul-2024,Apex Legends,EU,3330529,1560413,278,51,5274727,245892,196692,5.03,2
Jul-2024,Apex Legends,EU,3361302,1764135,282,48,7155693,283960,104850,21.68,4
Jul-2024,Apex Legends,EU,3676549,1631262,294,52,7603322,294477,112484,23.39,0
Jul-2024,Apex Legends,EU,3576082,1877418,269,51,5699426,358025,159681,22.05,2
Jul-2024,Apex Legends,EU,3635568,1536713,281,50,8115901,212957,218598,20.67,5
Jul-2024,Apex Legends,EU,3605711,1618037,278,53,6299956,481740,222330,23.88,4
Jul-2024,Apex Legends,EU,3689090,1780240,280,50,8296293,457390,188068,15.48,5
Jul-2024,Apex Legends,EU,3302602,1737370,252,49,6133532,159180,181930,22.65,2
Jul-2024,Apex Legends,EU,3339508,1709634,276,57,6885570,199015,149380,24.93,0
Jul-2024,Apex Legends,EU,3389907,1777775,265,48,6026347,181020,266662,10.09,0
Jul-2024,Apex Legends,EU,3435397,1641445,276,49,7645503,347700,204877,7.56,2
Jul-2024,Apex Legends,Asia,3462994,1628051,258,52,6505658,300609,253901,13.72,4
Jul-2024,Apex Legends,Asia,3623936,1716399,276,54,7898088,233767,114741,19.5,3
Jul-2024,Apex Legends,Asia,3659597,1699886,317,44,6265318,440221,172672,13.44,1
Jul-2024,Apex Legends,Asia,3486706,1647813,296,52,5595666,270844,155482,20.45,2
Jul-2024,Apex Legends,Asia,3605416,1738532,308,54,6890870,276757,170208,20.26,1
Jul-2024,Apex Legends,Asia,3415748,1782935,291,47,5434538,323250,136592,20.72,0
Jul-2024,Apex Legends,Asia,3172000,1740407,297,53,6455214,271036,140480,20.93,1
Jul-2024,Apex Legends,Asia,3232911,1733146,263,50,6057027,230205,171108,22.04,2
Jul-2024,Apex Legends,Asia,3342422,1782436,268,53,6095199,258499,153609,15.68,3
Jul-2024,Apex Legends,Asia,3517579,1673210,281,50,7809317,320805,194733,17.77,5
Jul-2024,Apex Legends,Asia,3233034,1744819,283,49,7507448,333520,213025,8.07,2
Jul-2024,Apex Legends,Asia,3339408,1914935,294,49,8286892,384346,208228,16.03,1
Jul-2024,Apex Legends,Asia,3086579,1822031,293,47,4662548,181090,119246,21.61,5
Jul-2024,Apex Legends,Asia,3579536,1725076,280,47,5855405,275901,170960,12.83,1
Jul-2024,Apex Legends,Asia,3489421,1829162,301,53,7102151,302542,187457,9.59,4
Jul-2024,Apex Legends,Asia,3666794,1759764,289,47,5738721,427027,235929,8.2,4
Jul-2024,Apex Legends,Asia,3683265,1669607,282,50,5750123,442008,208682,16.36,0
Jul-2024,Apex Legends,Asia,3639102,1749461,282,49,8404367,457185,196874,17.66,0
Jul-2024,Apex Legends,Asia,3472548,1557098,322,53,8249950,401556,175691,18.62,5
Jul-2024,Apex Legends,Asia,3361400,1740474,275,52,7271242,330719,130203,8.82,0
Jul-2024,Apex Legends,South America,3356438,1612576,270,48,8330379,447349,188541,14.12,5
Jul-2024,Apex Legends,South America,3382131,1814355,272,46,5520449,426787,265216,6.99,0
Jul-2024,Apex Legends,South America,3246358,1818329,315,45,5455305,288358,179416,8.94,1
Jul-2024,Apex Legends,South America,3808975,1842442,257,53,6456095,375174,125163,11.8,0
Jul-2024,Apex Legends,South America,3614652,1810693,297,45,6000321,447009,194203,11.92,5
Jul-2024,Apex Legends,South America,3421370,1685279,260,51,6533538,279302,180205,8.48,5
Jul-2024,Apex Legends,South America,3445759,1624385,289,49,7348776,390298,127132,11.84,1
Jul-2024,Apex Legends,South America,3339399,1694210,275,51,7282777,369949,150178,15.68,0
Jul-2024,Apex Legends,South America,3539587,1821779,285,50,7451669,323439,144541,20.62,5
Jul-2024,Apex Legends,South America,3524827,1693282,260,43,6905067,330826,199516,5.62,5
Jul-2024,Apex Legends,South America,3303464,1670611,263,48,7945692,416740,150636,22.97,0
Jul-2024,Apex Legends,South America,3306202,1810781,269,49,5256957,396118,124905,13.64,1
Jul-2024,Apex Legends,South America,3475386,1798164,280,47,8511416,334125,200213,17.94,0
Jul-2024,Apex Legends,South America,3395031,1673681,288,46,6757962,308219,235482,7.1,5
Jul-2024,Apex Legends,South America,3432695,1804006,282,51,5924155,191403,159377,7.03,4
Jul-2024,Apex Legends,South America,3729353,1636559,279,48,6555392,367802,203082,6.26,4
Jul-2024,Apex Legends,South America,3570559,1834142,297,50,8647061,350780,184876,6.48,5
Jul-2024,Apex Legends,South America,3626805,1743804,315,46,8603470,329474,190778,12.54,5
Jul-2024,Apex Legends,South America,3497355,1662622,282,52,6241589,392698,151317,23.76,4
Jul-2024,Apex Legends,South America,3369491,1854024,280,47,7513663,348677,159531,23.73,4
Jul-2024,Apex Legends,Africa,3727665,1659176,274,55,8975044,462607,190482,19.62,4
Jul-2024,Apex Legends,Africa,3221535,1618831,291,44,7283598,324321,146266,17.77,0
Jul-2024,Apex Legends,Africa,3742241,1525439,277,52,8398242,499138,130650,9.37,3
Jul-2024,Apex Legends,Africa,3497077,1753883,294,50,6274325,396652,133100,12.53,2
Jul-2024,Apex Legends,Africa,3551805,1791851,249,52,5426677,318629,194888,10.07,2
Jul-2024,Apex Legends,Africa,3568119,1808415,303,53,8124216,369262,179636,19.23,3
Jul-2024,Apex Legends,Africa,3266979,1694992,279,46,8064736,340372,169353,13.15,5
Jul-2024,Apex Legends,Africa,3262116,1592754,292,47,6023429,327191,154640,22.26,2
Jul-2024,Apex Legends,Africa,3543306,1726915,295,48,8114864,367832,185414,18.38,5
Jul-2024,Apex Legends,Africa,3495965,1758481,301,52,8203902,350634,158514,21.09,5
Jul-2024,Apex Legends,Africa,3464635,1819519,297,52,6883957,380374,186566,24.73,0
Jul-2024,Apex Legends,Africa,3426879,1658927,309,48,7740187,267543,164545,23.75,3
Jul-2024,Apex Legends,Africa,3503997,1826064,265,50,6919874,368133,190812,16.71,1
Jul-2024,Apex Legends,Africa,3384706,1773502,271,51,6191537,426991,203286,6.73,1
Jul-2024,Apex Legends,Africa,3276637,1665792,271,49,5045632,164763,156534,17.19,4
Jul-2024,Apex Legends,Africa,3560993,1814698,281,55,6732168,460564,197812,19.85,2
Jul-2024,Apex Legends,Africa,3458075,1886726,294,43,6567909,360388,135556,22.16,0
Jul-2024,Apex Legends,Africa,3517366,1939357,285,50,7863317,359254,186155,7.94,5
Jul-2024,Apex Legends,Africa,3596026,1906243,279,55,6874812,453884,182803,18.67,5
Jul-2024,Apex Legends,Africa,3443372,1628537,286,49,7166435,392309,177384,8.49,1
Jul-2024,Apex Legends,Oceania,3601718,1792049,274,47,6930932,277548,187289,24.57,1
Jul-2024,Apex Legends,Oceania,3538076,1731672,260,49,8136287,357719,189730,11.97,3
Jul-2024,Apex Legends,Oceania,3416614,1707623,273,50,8000274,354087,145789,11.1,5
Jul-2024,Apex Legends,Oceania,3201389,1876437,283,53,7976686,441228,184577,23.33,1
Jul-2024,Apex Legends,Oceania,3021479,1767011,275,49,6997493,309034,205833,18.81,4
Jul-2024,Apex Legends,Oceania,3472020,1773476,254,50,6716202,380365,147970,24.21,1
Jul-2024,Apex Legends,Oceania,3646127,1726576,272,50,7143126,328395,187514,17.86,4
Jul-2024,Apex Legends,Oceania,3169981,1788495,282,50,5118285,314921,183317,17.57,1
Jul-2024,Apex Legends,Oceania,3226986,1652313,278,49,5608226,340038,191463,22.42,4
Jul-2024,Apex Legends,Oceania,3630552,1846550,304,51,6288307,375413,272087,5.54,5
Jul-2024,Apex Legends,Oceania,3183709,1911070,277,49,7198094,218462,192687,23.17,1
Jul-2024,Apex Legends,Oceania,3430112,1661348,291,49,7301544,291050,105675,15.61,5
Jul-2024,Apex Legends,Oceania,3062993,1564804,261,53,6970062,332855,169049,16.55,1
Jul-2024,Apex Legends,Oceania,3569728,1787457,271,47,5943283,398598,222983,21.92,0
Jul-2024,Apex Legends,Oceania,3377626,1758507,274,55,7171803,357676,195532,13.96,5
Jul-2024,Apex Legends,Oceania,3614011,1719849,267,53,8670584,409993,156769,15.9,1
Jul-2024,Apex Legends,Oceania,3480277,1690010,259,52,6789649,383945,151123,9.62,2
Jul-2024,Apex Legends,Oceania,3280635,1787805,289,45,6412513,363146,188568,5.15,1
Jul-2024,Apex Legends,Oceania,3848630,1758412,279,48,9031077,290838,225623,8.11,4
Jul-2024,Apex Legends,Oceania,3735622,1661279,280,53,8905339,433236,132626,9.38,4
Aug-2024,Apex Legends,NA,3414417,1756067,276,49,6080674,248533,192538,11.43,0
Aug-2024,Apex Legends,NA,3531044,1572532,303,47,7862379,469183,225750,5.73,5
Aug-2024,Apex Legends,NA,3541176,1637470,274,46,6999248,397326,172304,12.78,3
Aug-2024,Apex Legends,NA,3451374,1880179,281,43,7202496,263210,242290,9.7,0
Aug-2024,Apex Legends,NA,3114129,1734804,272,47,6512984,247114,95165,20.96,2
Aug-2024,Apex Legends,NA,3814555,1722948,287,54,7839013,326780,161952,12.08,2
Aug-2024,Apex Legends,NA,3402103,1751235,295,49,5297252,401564,154348,14.79,1
Aug-2024,Apex Legends,NA,2987571,1801985,297,45,5722561,265857,147978,18.98,3
Aug-2024,Apex Legends,NA,3441143,1723365,272,52,5917728,425931,236835,21.55,1
Aug-2024,Apex Legends,NA,3270193,1828856,252,45,8116052,300657,141989,5.93,5
Aug-2024,Apex Legends,NA,3329216,1726131,286,51,8147214,395388,169198,18.92,1
Aug-2024,Apex Legends,NA,3402897,1754273,258,49,7959795,326484,161226,13.53,1
Aug-2024,Apex Legends,NA,3363752,1744109,274,48,5129733,375523,197208,24.87,4
Aug-2024,Apex Legends,NA,3254466,1731920,291,47,6050213,254099,144441,19.49,3
Aug-2024,Apex Legends,NA,3282977,1670042,287,49,7884923,429050,171437,11.89,2
Aug-2024,Apex Legends,NA,3263576,1732326,294,51,6844788,291240,91489,9.54,2
Aug-2024,Apex Legends,NA,3135069,1781316,272,54,7027066,177546,117087,10.62,1
Aug-2024,Apex Legends,NA,3497115,1861899,264,49,5525608,392835,128814,15.66,5
Aug-2024,Apex Legends,NA,3479798,1810126,303,46,8151546,251569,194296,17.77,0
Aug-2024,Apex Legends,NA,3377068,1827430,245,51,7706324,393624,171248,17.59,1
Aug-2024,Apex Legends,EU,3354260,1708384,301,53,7212762,349163,176488,9.3,2
Aug-2024,Apex Legends,EU,3665563,1688920,271,50,9162756,432974,204785,11.43,5
Aug-2024,Apex Legends,EU,3308483,1721866,287,52,6254960,317730,184509,14.51,1
Aug-2024,Apex Legends,EU,3657652,1849213,254,50,8999386,365512,205904,22.43,3
Aug-2024,Apex Legends,EU,3494535,1634863,275,44,7817141,397305,151237,22.71,0
Aug-2024,Apex Legends,EU,3514374,1721342,298,49,8026912,303057,208102,11.71,0
Aug-2024,Apex Legends,EU,3160575,1711742,293,48,7205559,275349,146220,7.76,1
Aug-2024,Apex Legends,EU,3790211,1857903,309,49,5949039,457534,235453,20.15,2
Aug-2024,Apex Legends,EU,3443031,1693645,259,50,5604349,420332,215816,19.74,0
Aug-2024,Apex Legends,EU,3272577,1700082,301,54,5129594,353158,138513,16.07,3
Aug-2024,Apex Legends,EU,3891189,1614545,277,48,8295944,271836,202914,7.1,1
Aug-2024,Apex Legends,EU,3217544,1690923,296,49,5848572,285622,78265,19.82,5
Aug-2024,Apex Legends,EU,3163114,1755092,278,50,6654248,250778,188439,24.38,1
Aug-2024,Apex Legends,EU,3110561,1703288,305,48,6735952,184083,120942,23.6,5
Aug-2024,Apex Legends,EU,3016691,1783375,288,47,5166682,319271,175300,19.55,5
Aug-2024,Apex Legends,EU,3252014,1808823,302,52,7637115,293233,98379,5.17,1
Aug-2024,Apex Legends,EU,3597891,1672530,273,54,6597716,350147,147719,6.26,4
Aug-2024,Apex Legends,EU,3422362,1669442,285,47,6374535,396815,229645,23.56,1
Aug-2024,Apex Legends,EU,3335749,1775035,301,49,7047344,397617,114760,5.96,3
Aug-2024,Apex Legends,EU,3629168,1838700,270,51,7038639,306159,135855,14.63,0
Aug-2024,Apex Legends,Asia,3704848,1902403,306,46,8491455,354482,218072,15.2,2
Aug-2024,Apex Legends,Asia,3651311,1840585,290,52,7263643,360874,153433,24.27,0
Aug-2024,Apex Legends,Asia,3103654,1816417,276,52,7611672,266676,153023,11.93,5
Aug-2024,Apex Legends,Asia,3176337,1850385,281,54,6521630,318231,144664,6.07,0
Aug-2024,Apex Legends,Asia,3550600,1836225,293,50,5529329,365966,150775,24.98,3
Aug-2024,Apex Legends,Asia,3070527,1792797,300,51,7116661,313059,185342,17.23,0
Aug-2024,Apex Legends,Asia,3610759,1752224,241,49,6144165,235750,163015,18.78,5
Aug-2024,Apex Legends,Asia,3619362,1707456,297,47,8095040,385130,166071,15.27,1
Aug-2024,Apex Legends,Asia,3454695,1717435,297,52,6191645,334675,170254,5.34,0
Aug-2024,Apex Legends,Asia,3649682,1744909,284,50,8263011,405218,234306,24.74,1
Aug-2024,Apex Legends,Asia,3562964,1725896,289,49,5666828,158947,192753,23.29,2
Aug-2024,Apex Legends,Asia,3443862,1760975,263,45,6310964,384052,162983,18.27,4
Aug-2024,Apex Legends,Asia,3432555,1796966,286,52,5829673,394065,142233,20.88,0
Aug-2024,Apex Legends,Asia,3606656,1723023,280,47,7601356,423330,198541,12.12,0
Aug-2024,Apex Legends,Asia,3459866,1640778,290,47,5400299,292623,172320,15.02,4
Aug-2024,Apex Legends,Asia,3269032,1852103,237,49,5118421,395568,109407,11.48,2
Aug-2024,Apex Legends,Asia,3330298,1766136,292,48,5802161,343695,156116,18.17,5
Aug-2024,Apex Legends,Asia,3532355,1822360,269,48,6610137,408982,167865,19.77,0
Aug-2024,Apex Legends,Asia,3318560,1594917,238,50,5066743,351985,174918,9.94,0
Aug-2024,Apex Legends,Asia,3365703,1649343,304,48,5208203,380269,188915,12.19,2
Aug-2024,Apex Legends,South America,3066014,1614967,272,56,5224530,432847,150245,14.1,4
Aug-2024,Apex Legends,South America,3317793,1664554,293,46,5562254,305830,130282,18.19,1
Aug-2024,Apex Legends,South America,3383172,1850357,316,47,5715636,362687,160032,5.15,1
Aug-2024,Apex Legends,South America,3067164,1866233,258,52,7185346,251277,163630,22.93,2
Aug-2024,Apex Legends,South America,3185937,1677367,319,47,7249705,353139,165200,12.68,1
Aug-2024,Apex Legends,South America,3336024,1631379,267,51,5122786,495378,217507,22.19,2
Aug-2024,Apex Legends,South America,3279394,1789795,274,47,7292335,355506,132630,24.22,5
Aug-2024,Apex Legends,South America,3446028,1694174,285,54,8233044,368009,132689,8.8,5
Aug-2024,Apex Legends,South America,3377422,1713186,304,50,6210918,379353,185464,8.0,0
Aug-2024,Apex Legends,South America,3573273,1717832,287,49,8146369,352112,165799,22.34,5
Aug-2024,Apex Legends,South America,2857464,1686305,292,54,6771944,385585,190343,19.05,2
Aug-2024,Apex Legends,South America,3321498,1674444,290,51,5462013,391911,128114,15.76,2
Aug-2024,Apex Legends,South America,3320153,1662263,286,51,8103656,434901,141929,17.63,5
Aug-2024,Apex Legends,South America,3621936,1749755,271,52,5890418,354707,168139,15.35,1
Aug-2024,Apex Legends,South America,3185737,1808403,295,51,7393976,255440,210222,9.16,1
Aug-2024,Apex Legends,South America,2920658,1747383,284,50,5683720,298014,127266,10.2,3
Aug-2024,Apex Legends,South America,3293594,1718153,288,56,6225598,282990,101742,20.89,2
Aug-2024,Apex Legends,South America,3561049,1721185,291,47,6998924,304793,172375,20.8,3
Aug-2024,Apex Legends,South America,3357772,1721323,280,50,7372940,472227,133584,7.9,0
Aug-2024,Apex Legends,South America,3189624,1525166,291,54,6246898,178005,87385,18.92,4
Aug-2024,Apex Legends,Africa,3829188,1764989,282,50,6862856,490032,154747,13.65,1
Aug-2024,Apex Legends,Africa,3038947,1646917,292,50,6274201,324161,146650,7.65,4
Aug-2024,Apex Legends,Africa,3479788,1553082,308,50,7193076,332254,110602,16.82,5
Aug-2024,Apex Legends,Africa,3358212,1712606,295,46,6513032,391458,115104,8.19,5
Aug-2024,Apex Legends,Africa,3271282,1724590,261,45,4996289,420035,142050,21.11,0
Aug-2024,Apex Legends,Africa,3720386,1798010,261,53,8444508,402065,163514,20.2,0
Aug-2024,Apex Legends,Africa,3575003,1747574,286,45,6618576,266671,193720,21.83,2
Aug-2024,Apex Legends,Africa,3819364,1833446,278,54,6957930,314448,224538,6.16,2
Aug-2024,Apex Legends,Africa,3472136,1802768,282,53,8470592,273620,152618,16.8,4
Aug-2024,Apex Legends,Africa,3462635,1896874,294,47,6281362,277591,189355,16.36,0
Aug-2024,Apex Legends,Africa,3348525,1703417,264,47,5977231,380009,213202,17.06,1
Aug-2024,Apex Legends,Africa,3648730,1696307,295,54,6765305,412031,153020,20.95,2
Aug-2024,Apex Legends,Africa,3539144,1799869,289,50,8479720,363966,157366,15.11,5
Aug-2024,Apex Legends,Africa,3617418,1756255,275,49,8879270,321729,156399,19.48,3
Aug-2024,Apex Legends,Africa,3347882,1695476,278,54,6347744,226329,122104,15.08,3
Aug-2024,Apex Legends,Africa,3555134,1692375,272,51,7182512,326000,185112,12.59,4
Aug-2024,Apex Legends,Africa,3483920,1918210,301,53,6875681,268761,163344,11.66,0
Aug-2024,Apex Legends,Africa,3580404,1749301,281,57,6289849,286469,199604,9.8,0
Aug-2024,Apex Legends,Africa,3433881,1631674,277,46,5741378,437055,162191,6.68,5
Aug-2024,Apex Legends,Africa,3472126,1734873,291,51,6470667,275100,170063,22.61,4
Aug-2024,Apex Legends,Oceania,3562425,1687108,302,43,8361661,290539,180897,12.33,5
Aug-2024,Apex Legends,Oceania,3449603,1750149,280,51,7560107,442185,195877,23.68,0
Aug-2024,Apex Legends,Oceania,3612222,1769446,288,51,8056359,356730,237704,5.26,3
Aug-2024,Apex Legends,Oceania,3720085,1835948,282,45,8588554,418959,129309,17.81,0
Aug-2024,Apex Legends,Oceania,2826794,1733030,287,52,5914556,213158,159048,13.42,1
Aug-2024,Apex Legends,Oceania,3666262,1732629,272,48,6720827,331060,194051,13.05,2
Aug-2024,Apex Legends,Oceania,3728938,1849923,308,48,8006393,467850,248218,24.2,4
Aug-2024,Apex Legends,Oceania,3436894,1891331,273,52,8360368,379038,213156,16.97,1
Aug-2024,Apex Legends,Oceania,3519860,1855995,291,49,6186034,317380,183878,7.9,4
Aug-2024,Apex Legends,Oceania,3394154,1706944,276,51,5730402,224116,133390,14.1,1
Aug-2024,Apex Legends,Oceania,3518451,1688199,280,48,5707055,401621,150969,6.51,5
Aug-2024,Apex Legends,Oceania,3579723,1661925,296,46,7654665,374843,219650,14.97,5
Aug-2024,Apex Legends,Oceania,3450513,1733186,286,45,5277361,386951,137128,15.85,0
Aug-2024,Apex Legends,Oceania,3192513,1724125,286,45,5960942,242357,181647,21.07,5
Aug-2024,Apex Legends,Oceania,3266152,1840684,294,48,7040662,363978,161661,5.32,4
Aug-2024,Apex Legends,Oceania,3072312,1671398,281,50,6581495,215847,130629,21.22,1
Aug-2024,Apex Legends,Oceania,3460584,1688869,270,52,5491189,390466,140019,18.92,1
Aug-2024,Apex Legends,Oceania,3608465,1865407,285,48,7054315,365075,225793,22.02,5
Aug-2024,Apex Legends,Oceania,3295848,1677852,292,49,7237605,271038,203732,19.18,2
Aug-2024,Apex Legends,Oceania,3466865,1669910,297,52,6888087,458672,184053,23.11,1
Sep-2024,Apex Legends,NA,3548675,1683595,270,49,5745008,591298,156118,15.36,1
Sep-2024,Apex Legends,NA,3383583,1625623,284,46,5573970,354567,127095,10.98,5
Sep-2024,Apex Legends,NA,3558661,1736290,274,51,8641924,371111,124075,9.32,5
Sep-2024,Apex Legends,NA,3205756,1684818,272,48,7994224,303572,151333,5.76,5
Sep-2024,Apex Legends,NA,3764981,1794665,276,47,9345921,321307,189458,16.43,1
Sep-2024,Apex Legends,NA,3760179,1676237,292,45,7875835,376380,162615,21.12,5
Sep-2024,Apex Legends,NA,3261089,1767895,280,51,5567849,349261,202992,7.24,0
Sep-2024,Apex Legends,NA,3492348,1850923,303,46,7671165,446853,221938,12.37,1
Sep-2024,Apex Legends,NA,3375464,1800826,296,54,5493153,249472,196898,17.19,2
Sep-2024,Apex Legends,NA,3266761,1668551,271,44,5721965,262158,186723,16.58,3
Sep-2024,Apex Legends,NA,3268807,1837697,248,50,6628075,399626,124157,24.68,5
Sep-2024,Apex Legends,NA,3588557,1823376,327,55,6990197,346023,110025,10.34,4
Sep-2024,Apex Legends,NA,3524268,1800015,281,46,7399734,402559,140112,9.02,5
Sep-2024,Apex Legends,NA,3454050,1780109,263,46,6788303,309762,200706,17.6,0
Sep-2024,Apex Legends,NA,3410967,1799326,305,47,5219429,231606,149728,10.58,4
Sep-2024,Apex Legends,NA,3375411,1759145,296,54,5640179,356079,180957,17.78,3
Sep-2024,Apex Legends,NA,3224529,1639948,259,45,5618737,446622,98162,19.23,4
Sep-2024,Apex Legends,NA,3385514,1688336,290,48,5373137,464591,165440,10.32,1
Sep-2024,Apex Legends,NA,3519439,1780106,283,53,5520079,469521,119943,12.02,4
Sep-2024,Apex Legends,NA,3438780,1776455,257,55,7937956,376006,180820,8.25,0
Sep-2024,Apex Legends,EU,3270065,1650195,310,49,6667615,289404,157799,10.04,5
Sep-2024,Apex Legends,EU,3373439,1776598,313,54,7951233,325627,135882,10.26,3
Sep-2024,Apex Legends,EU,3752464,1754635,289,47,6740795,327480,193929,8.41,2
Sep-2024,Apex Legends,EU,3287869,1711599,297,46,6976980,375186,185558,8.99,2
Sep-2024,Apex Legends,EU,3444525,1683674,276,49,8434973,326375,206520,9.89,4
Sep-2024,Apex Legends,EU,3550321,1643407,272,51,7598910,336234,166536,18.62,3
Sep-2024,Apex Legends,EU,3546106,1722712,289,49,8317287,320708,153648,5.23,3
Sep-2024,Apex Legends,EU,3276585,1774952,270,50,7943021,267776,164290,10.33,2
Sep-2024,Apex Legends,EU,3576197,1552689,287,45,6951746,285919,199385,13.02,0
Sep-2024,Apex Legends,EU,3491890,1718593,273,54,6167810,377910,225042,24.7,3
Sep-2024,Apex Legends,EU,3367914,1875538,287,49,7141192,312613,212502,20.25,1
Sep-2024,Apex Legends,EU,3596960,1726278,293,46,8156015,393224,208703,21.3,5
Sep-2024,Apex Legends,EU,3416943,1646118,271,49,6837197,395795,185274,24.08,0
Sep-2024,Apex Legends,EU,3139696,1685103,281,43,7719023,433081,213042,18.08,2
Sep-2024,Apex Legends,EU,3480352,1701155,311,45,6487818,348541,174139,21.22,3
Sep-2024,Apex Legends,EU,3581774,1799626,285,43,5747315,276871,179146,23.11,5
Sep-2024,Apex Legends,EU,3328497,1845840,278,47,7866742,227996,162400,8.63,1
Sep-2024,Apex Legends,EU,3163549,1855604,302,53,5416698,308151,174895,18.9,0
Sep-2024,Apex Legends,EU,3668182,1636020,284,52,6952119,462470,196183,15.56,5
Sep-2024,Apex Legends,EU,3387876,1715976,284,48,6000139,303305,152111,17.38,1
Sep-2024,Apex Legends,Asia,3517498,1740575,272,48,6182130,299745,148873,5.24,4
Sep-2024,Apex Legends,Asia,3316913,1778768,301,52,5925339,333635,208970,9.75,3
Sep-2024,Apex Legends,Asia,3236673,1813386,288,49,5269045,240748,89729,10.76,0
Sep-2024,Apex Legends,Asia,3246614,1860321,274,56,7832501,362549,90403,24.45,0
Sep-2024,Apex Legends,Asia,3159018,1947502,281,54,4844973,273778,166759,14.59,2
Sep-2024,Apex Legends,Asia,3589778,1803125,311,52,8006366,373056,149920,19.67,2
Sep-2024,Apex Legends,Asia,3347432,1838583,290,50,7717781,418939,184452,20.23,5
Sep-2024,Apex Legends,Asia,3563207,1735918,270,49,7802945,373616,192193,24.78,4
Sep-2024,Apex Legends,Asia,3347189,1612675,305,46,5031059,366569,125238,15.64,5
Sep-2024,Apex Legends,Asia,3443859,1633917,249,49,5610589,253106,145690,15.04,0
Sep-2024,Apex Legends,Asia,3214393,1806242,263,54,4948876,311393,98261,18.6,3
Sep-2024,Apex Legends,Asia,3103479,1735820,275,49,6891958,296175,146589,23.72,3
Sep-2024,Apex Legends,Asia,3474570,1612697,316,44,6306061,444072,236625,13.56,1
Sep-2024,Apex Legends,Asia,3430516,1547278,279,48,6358808,334844,172980,13.29,5
Sep-2024,Apex Legends,Asia,3738452,1769938,279,44,8997498,439758,157261,17.84,4
Sep-2024,Apex Legends,Asia,3506895,1714191,307,47,8383969,307187,136095,19.38,2
Sep-2024,Apex Legends,Asia,3657987,1587647,283,50,6479603,343743,182667,18.4,5
Sep-2024,Apex Legends,Asia,3407985,1787205,274,49,8143074,301312,176799,7.05,5
Sep-2024,Apex Legends,Asia,3414453,1719217,314,53,6987182,359806,223505,12.93,0
Sep-2024,Apex Legends,Asia,3207115,1674959,282,49,7584410,271614,121609,20.14,3
Sep-2024,Apex Legends,South America,3387688,1763298,287,51,6587095,343830,141703,10.23,2
Sep-2024,Apex Legends,South America,3402639,1709327,289,47,6239810,207490,199269,14.85,3
Sep-2024,Apex Legends,South America,3257623,1637611,270,49,5649565,320852,147055,18.71,1
Sep-2024,Apex Legends,South America,3619596,1806327,284,49,7368285,220065,169835,13.85,2
Sep-2024,Apex Legends,South America,3626140,1594671,278,48,6078025,366475,153326,9.14,0
Sep-2024,Apex Legends,South America,3362322,1787068,292,48,5286800,245178,172593,21.23,5
Sep-2024,Apex Legends,South America,3436512,1536048,283,52,8087062,299944,147982,13.98,1
Sep-2024,Apex Legends,South America,3135016,1964730,301,49,4705299,341176,172038,12.04,2
Sep-2024,Apex Legends,South America,3104692,1669837,313,48,6183392,166632,173072,17.02,3
Sep-2024,Apex Legends,South America,3264939,1823815,287,51,7927948,397054,146089,11.22,5
Sep-2024,Apex Legends,South America,3377697,1737881,276,50,6368320,402584,154139,22.42,0
Sep-2024,Apex Legends,South America,3557645,1646695,280,51,6714327,383600,215110,24.71,2
Sep-2024,Apex Legends,South America,3749745,1761417,300,45,8805291,462793,232425,24.09,0
Sep-2024,Apex Legends,South America,3616946,1908851,272,50,6769413,421643,101694,15.91,1
Sep-2024,Apex Legends,South America,3678791,1764573,284,51,7440772,319143,221619,23.95,5
Sep-2024,Apex Legends,South America,3392831,1740364,278,51,5880712,204453,106428,19.03,5
Sep-2024,Apex Legends,South America,3554833,1785033,284,48,6111181,290162,169675,23.53,1
Sep-2024,Apex Legends,South America,3410279,1686864,280,52,5908819,319262,248291,20.76,2
Sep-2024,Apex Legends,South America,3456821,1670649,267,48,6914205,387618,173861,11.06,1
Sep-2024,Apex Legends,South America,3517032,1752814,266,49,5526934,354765,180861,5.67,0
Sep-2024,Apex Legends,Africa,3579527,1694994,307,49,6049123,437816,157286,14.7,5
Sep-2024,Apex Legends,Africa,3083431,1653621,290,49,4906045,391551,150544,5.36,1
Sep-2024,Apex Legends,Africa,3223921,1641571,264,47,6005154,205496,135023,17.53,5
Sep-2024,Apex Legends,Africa,3678854,1628716,308,51,9010415,381985,243531,8.29,5
Sep-2024,Apex Legends,Africa,3311941,1911826,257,56,6611590,320692,131827,23.67,1
Sep-2024,Apex Legends,Africa,3480606,1688701,286,45,8367286,446829,211962,8.33,5
Sep-2024,Apex Legends,Africa,3456047,1785149,293,50,6475183,190831,129597,7.83,0
Sep-2024,Apex Legends,Africa,3402985,1809152,287,53,8419177,309880,158133,12.82,1
Sep-2024,Apex Legends,Africa,3742890,1615117,271,48,8367707,376783,193940,15.74,5
Sep-2024,Apex Legends,Africa,3626876,1793767,289,49,8604454,349485,192108,21.82,4
Sep-2024,Apex Legends,Africa,3330731,1723985,288,47,5375290,433380,264814,5.34,4
Sep-2024,Apex Legends,Africa,3547157,1686068,289,51,5382776,155894,205484,23.11,0
Sep-2024,Apex Legends,Africa,3289494,1579554,287,48,5103170,236030,164387,8.21,3
Sep-2024,Apex Legends,Africa,3517858,1675470,312,48,6093787,336728,216147,10.3,1
Sep-2024,Apex Legends,Africa,3190802,1874215,270,51,5899177,346678,147134,23.95,3
Sep-2024,Apex Legends,Africa,3500271,1686902,308,50,7649538,331010,241748,22.74,4
Sep-2024,Apex Legends,Africa,3505104,1755473,269,52,8066695,371998,141431,15.44,0
Sep-2024,Apex Legends,Africa,3227356,1770473,289,48,5008405,289550,177632,10.01,1
Sep-2024,Apex Legends,Africa,3698955,1767169,298,47,5770885,404955,187857,12.94,2
Sep-2024,Apex Legends,Africa,2997130,1651111,288,47,7137265,304004,182878,5.21,1
Sep-2024,Apex Legends,Oceania,3252921,1740473,274,53,7809955,275222,104524,15.56,3
Sep-2024,Apex Legends,Oceania,3611791,1612361,287,51,7815183,361658,200391,6.54,1
Sep-2024,Apex Legends,Oceania,3499360,1759518,287,52,7771447,313231,136262,16.8,4
Sep-2024,Apex Legends,Oceania,3381148,1825267,266,51,8147378,295313,108376,15.54,3
Sep-2024,Apex Legends,Oceania,3733159,1833373,245,50,8086324,455774,92820,14.01,1
Sep-2024,Apex Legends,Oceania,3490432,1767778,288,51,8301990,182440,204920,18.17,3
Sep-2024,Apex Legends,Oceania,3609975,1708536,288,50,7566888,401724,130068,10.18,5
Sep-2024,Apex Legends,Oceania,3129645,1765031,272,49,5585620,238569,106227,24.07,4
Sep-2024,Apex Legends,Oceania,3723057,1771157,281,49,5688815,423175,213860,23.18,0
Sep-2024,Apex Legends,Oceania,3297949,1780972,284,50,8236606,417013,176062,11.64,5
Sep-2024,Apex Legends,Oceania,3425413,1722104,273,46,6188278,310691,237819,21.21,2
Sep-2024,Apex Legends,Oceania,3656509,1575335,304,52,6672139,399796,128163,11.14,0
Sep-2024,Apex Legends,Oceania,3850551,1773158,267,50,9364041,468520,192924,24.08,4
Sep-2024,Apex Legends,Oceania,3393336,1621604,278,50,5602332,195539,256094,12.2,2
Sep-2024,Apex Legends,Oceania,3562578,1845964,310,53,5502754,403849,162809,5.92,2
Sep-2024,Apex Legends,Oceania,3461837,1793405,277,47,8236969,458884,152210,18.42,0
Sep-2024,Apex Legends,Oceania,3279305,1895406,304,46,5307265,286965,235956,23.67,4
Sep-2024,Apex Legends,Oceania,3267445,1831959,286,48,7261602,388988,159470,12.1,3
Sep-2024,Apex Legends,Oceania,3411990,1699493,257,53,7922465,418181,243521,13.68,2
Sep-2024,Apex Legends,Oceania,3405941,1765727,286,52,5157991,224851,228752,18.44,0
Oct-2024,Apex Legends,NA,3553813,1820056,281,49,5578811,488683,222787,24.28,0
Oct-2024,Apex Legends,NA,3494737,1644071,275,52,6308836,417554,112646,7.28,4
Oct-2024,Apex Legends,NA,3224155,1765839,266,49,7367690,274584,199166,22.17,3
Oct-2024,Apex Legends,NA,3200443,1754633,283,51,5002827,401161,155236,10.83,1
Oct-2024,Apex Legends,NA,3624339,1738470,290,49,8277274,363394,134589,24.69,4
Oct-2024,Apex Legends,NA,3479312,1720355,289,49,6054079,451225,229813,15.37,3
Oct-2024,Apex Legends,NA,3473176,1800054,283,47,8493395,406873,170129,16.93,4
Oct-2024,Apex Legends,NA,3839005,1672113,276,50,7661403,323740,184598,6.1,3
Oct-2024,Apex Legends,NA,3405154,1681009,276,51,6648216,312640,176113,10.94,5
Oct-2024,Apex Legends,NA,3379795,1787127,285,52,7768420,433780,127076,13.01,0
Oct-2024,Apex Legends,NA,3214071,1781436,291,55,5566072,343342,151835,10.57,4
Oct-2024,Apex Legends,NA,3224257,1907241,278,49,5078759,258932,125021,13.8,4
Oct-2024,Apex Legends,NA,3323830,1686464,290,49,7011233,226982,140948,23.26,1
Oct-2024,Apex Legends,NA,3240258,1826537,292,53,5747026,344415,179571,12.91,4
Oct-2024,Apex Legends,NA,3690330,1681986,293,51,8930758,342185,193157,21.92,3
Oct-2024,Apex Legends,NA,3321911,1512630,291,50,5265637,489164,133647,7.11,5
Oct-2024,Apex Legends,NA,3582536,1661226,284,50,5963294,346138,158922,5.34,5
Oct-2024,Apex Legends,NA,3190293,1602762,279,54,6612796,228619,139380,21.45,2
Oct-2024,Apex Legends,NA,3401246,1764011,276,46,5264507,273740,223120,12.44,5
Oct-2024,Apex Legends,NA,3326785,1794016,283,44,6073465,319521,140404,5.72,0
Oct-2024,Apex Legends,EU,3392029,1784127,278,52,5209729,297120,129958,17.49,5
Oct-2024,Apex Legends,EU,3539294,1709609,281,54,6195010,358281,146667,7.55,5
Oct-2024,Apex Legends,EU,3260730,1738328,308,54,5312113,286907,120609,16.09,1
Oct-2024,Apex Legends,EU,3557332,1879809,278,48,6266897,334574,134580,18.49,0
Oct-2024,Apex Legends,EU,3379463,1859691,284,44,6244345,212857,269305,6.01,1
Oct-2024,Apex Legends,EU,3718154,1684281,285,48,8809018,482527,122818,9.06,5
Oct-2024,Apex Legends,EU,3110034,1699938,283,43,7046575,327058,200556,14.98,2
Oct-2024,Apex Legends,EU,3499344,1929630,308,52,5582502,251932,164102,14.91,1
Oct-2024,Apex Legends,EU,3457631,1715189,275,49,8038224,266740,178110,9.77,5
Oct-2024,Apex Legends,EU,3599383,1547839,273,51,7057078,437375,200200,5.29,5
Oct-2024,Apex Legends,EU,3602936,1793157,286,51,8614714,227060,171342,19.12,2
Oct-2024,Apex Legends,EU,3329763,1810859,288,49,6827191,206300,124210,10.44,4
Oct-2024,Apex Legends,EU,3576956,1680298,267,55,6535608,339020,220279,23.22,3
Oct-2024,Apex Legends,EU,3428891,1896459,264,52,7100686,235377,217240,12.82,0
Oct-2024,Apex Legends,EU,3395152,1828566,300,46,6943817,365740,133234,10.68,2
Oct-2024,Apex Legends,EU,3187413,1697017,284,54,7719230,368988,156128,15.66,1
Oct-2024,Apex Legends,EU,3604830,1719204,257,48,7433610,362194,191664,6.06,0
Oct-2024,Apex Legends,EU,3332089,1834366,281,50,7782800,250416,138760,10.84,3
Oct-2024,Apex Legends,EU,3326921,1664583,266,51,8235146,375222,144410,15.7,3
Oct-2024,Apex Legends,EU,3495715,1676476,284,57,5637498,374545,107911,13.61,3
Oct-2024,Apex Legends,Asia,3345058,1594256,274,44,8355162,410230,185388,5.59,0
Oct-2024,Apex Legends,Asia,3407952,1681943,284,52,5396293,297721,184293,20.3,4
Oct-2024,Apex Legends,Asia,3474305,1747655,281,50,6191029,141039,128855,16.55,3
Oct-2024,Apex Legends,Asia,3374168,1816712,266,50,8011680,417586,187394,22.29,0
Oct-2024,Apex Legends,Asia,3458103,1649997,300,46,5490706,266754,212969,23.42,2
Oct-2024,Apex Legends,Asia,3175178,1745571,278,49,7354966,282731,178464,6.17,4
Oct-2024,Apex Legends,Asia,3670835,1603184,301,48,7298382,452931,132743,12.65,0
Oct-2024,Apex Legends,Asia,3571272,1664598,267,48,8585456,376466,202426,14.06,2
Oct-2024,Apex Legends,Asia,3403194,1614173,288,46,6439243,354705,132613,7.64,2
Oct-2024,Apex Legends,Asia,3542301,1715067,270,53,6687354,260865,159020,17.89,2
Oct-2024,Apex Legends,Asia,3359623,1851086,257,50,6965778,282934,171538,23.44,5
Oct-2024,Apex Legends,Asia,3364738,1805505,284,49,7982259,296484,123098,18.86,5
Oct-2024,Apex Legends,Asia,3343695,1814429,284,47,5402480,381161,144251,16.81,5
Oct-2024,Apex Legends,Asia,3558103,1687550,298,52,6622843,375056,131739,20.95,5
Oct-2024,Apex Legends,Asia,3057917,1772780,264,45,5382835,214161,163128,9.67,0
Oct-2024,Apex Legends,Asia,3665573,1872926,252,50,6650803,430588,169504,15.55,5
Oct-2024,Apex Legends,Asia,3565468,1780332,289,52,8415667,328125,184005,14.35,0
Oct-2024,Apex Legends,Asia,3494359,1804201,291,51,8068009,405273,197265,24.7,2
Oct-2024,Apex Legends,Asia,3634269,1715257,282,47,8054298,446650,273323,12.4,4
Oct-2024,Apex Legends,Asia,3499369,1577027,310,46,7746243,348392,120631,21.96,1
Oct-2024,Apex Legends,South America,3202256,1699027,273,53,7650435,470121,186373,17.86,3
Oct-2024,Apex Legends,South America,3655967,1687881,283,53,7556238,359739,165106,11.61,3
Oct-2024,Apex Legends,South America,3567626,1787056,289,48,8195347,403705,201724,17.97,1
Oct-2024,Apex Legends,South America,3468864,1626583,275,46,7022255,398622,201042,21.65,2
Oct-2024,Apex Legends,South America,3368119,1854121,297,50,6445748,304891,209362,6.07,0
Oct-2024,Apex Legends,South America,3578586,1740343,303,49,8200704,403321,216450,18.49,0
Oct-2024,Apex Legends,South America,3493802,1633989,281,56,5304875,346230,255259,11.06,3
Oct-2024,Apex Legends,South America,3068627,1808209,258,54,7068683,238686,183860,15.47,0
Oct-2024,Apex Legends,South America,3209979,1621070,297,51,7023875,321652,130569,13.63,1
Oct-2024,Apex Legends,South America,3366231,1865839,297,50,8046296,356814,184526,10.68,0
Oct-2024,Apex Legends,South America,3870611,1809175,299,48,8047276,409236,200779,15.92,1
Oct-2024,Apex Legends,South America,3496959,1932459,279,53,5562882,330959,203468,13.95,1
Oct-2024,Apex Legends,South America,3432278,1783301,283,48,7866318,462162,166348,22.03,5
Oct-2024,Apex Legends,South America,3362009,1942140,283,55,6260134,300182,142120,15.08,3
Oct-2024,Apex Legends,South America,3267845,1702015,251,48,5000714,277234,129310,13.79,1
Oct-2024,Apex Legends,South America,3617497,1682702,293,52,7558129,499690,180785,9.59,2
Oct-2024,Apex Legends,South America,3248677,1632839,293,48,7845794,308550,176571,20.07,5
Oct-2024,Apex Legends,South America,3577965,1689562,298,52,8750564,463862,135488,23.34,2
Oct-2024,Apex Legends,South America,3586244,1611439,281,48,6826738,294135,144843,21.72,0
Oct-2024,Apex Legends,South America,3349644,1821861,291,44,7012440,293896,182482,22.49,3
Oct-2024,Apex Legends,Africa,3424194,1654123,272,51,6916562,403538,142811,16.33,3
Oct-2024,Apex Legends,Africa,3247558,1711155,299,49,7873991,376427,181845,11.45,1
Oct-2024,Apex Legends,Africa,3494464,1851790,269,48,6434475,208134,209742,13.9,4
Oct-2024,Apex Legends,Africa,3413688,1613884,282,53,8297615,263634,124075,22.95,4
Oct-2024,Apex Legends,Africa,3512153,1779525,285,49,7254751,310590,212250,6.48,0
Oct-2024,Apex Legends,Africa,3278850,1774975,321,50,6436230,253751,169257,13.78,3
Oct-2024,Apex Legends,Africa,3612842,1654526,277,48,6706588,514294,184342,24.58,2
Oct-2024,Apex Legends,Africa,3952413,1656171,302,46,9481962,353464,112381,8.15,2
Oct-2024,Apex Legends,Africa,3172823,1770865,291,56,5878623,276833,202181,15.61,0
Oct-2024,Apex Legends,Africa,3417077,1599791,295,46,7932511,346446,247422,13.35,1
Oct-2024,Apex Legends,Africa,3411925,1702419,304,57,5931578,454152,188953,24.16,5
Oct-2024,Apex Legends,Africa,3515265,1848054,294,48,7694671,510598,157336,15.32,3
Oct-2024,Apex Legends,Africa,3264643,1861873,263,53,4917446,277013,74703,17.34,3
Oct-2024,Apex Legends,Africa,3539142,1905631,281,48,7540585,248762,155398,19.31,2
Oct-2024,Apex Legends,Africa,3661420,1529865,281,46,6317694,393165,140629,10.31,0
Oct-2024,Apex Legends,Africa,3257629,1730403,302,52,6898271,319371,214489,9.32,4
Oct-2024,Apex Legends,Africa,3169073,1870239,242,50,5431065,367079,99798,18.95,2
Oct-2024,Apex Legends,Africa,3374198,1923472,276,51,5419054,439049,227002,10.83,5
Oct-2024,Apex Legends,Africa,3535789,1726343,289,49,6967481,351617,112943,24.59,1
Oct-2024,Apex Legends,Africa,3358369,1788374,292,53,5620315,344804,131435,5.93,2
Oct-2024,Apex Legends,Oceania,3236509,1749762,305,47,5242946,433400,152831,9.1,4
Oct-2024,Apex Legends,Oceania,3341073,1677365,274,50,6756871,334026,173678,9.41,1
Oct-2024,Apex Legends,Oceania,3699844,1648765,294,54,9093795,441534,147527,8.21,0
Oct-2024,Apex Legends,Oceania,3242400,1679207,282,49,6365728,434195,182876,11.82,3
Oct-2024,Apex Legends,Oceania,3582253,1760813,265,47,8033874,303740,203198,15.53,5
Oct-2024,Apex Legends,Oceania,3190032,1706623,286,53,4874093,282135,193696,7.71,3
Oct-2024,Apex Legends,Oceania,3449325,1722025,286,51,6172801,494525,168210,19.3,2
Oct-2024,Apex Legends,Oceania,3536211,1646510,269,51,6939707,306247,178773,16.84,0
Oct-2024,Apex Legends,Oceania,3529677,1686428,300,51,7004255,279013,209369,18.32,1
Oct-2024,Apex Legends,Oceania,3393919,1824057,274,50,5459354,313643,156690,12.23,5
Oct-2024,Apex Legends,Oceania,3393129,1808903,283,49,8119446,361391,140230,11.31,1
Oct-2024,Apex Legends,Oceania,3591043,1657546,280,48,7312326,497357,237970,21.21,2
Oct-2024,Apex Legends,Oceania,3374482,1854550,279,46,5593299,226632,213931,20.24,1
Oct-2024,Apex Legends,Oceania,3513751,1792574,289,46,6617813,311779,139057,17.12,2
Oct-2024,Apex Legends,Oceania,3403939,1655589,264,55,6487558,506792,173614,13.52,0
Oct-2024,Apex Legends,Oceania,3212167,1680680,282,50,6422306,495826,210360,9.88,3
Oct-2024,Apex Legends,Oceania,3534668,1805480,281,48,6527672,265202,156326,9.11,1
Oct-2024,Apex Legends,Oceania,3540434,1643907,285,53,8465434,343276,168255,11.6,1
Oct-2024,Apex Legends,Oceania,3633441,1630484,306,46,7052139,250378,171422,5.19,5
Oct-2024,Apex Legends,Oceania,3358775,1735638,271,49,5245938,301537,126426,16.09,4
Nov-2024,Apex Legends,NA,3349958,1797923,292,47,5373233,332415,148106,19.91,2
Nov-2024,Apex Legends,NA,3625869,1895599,280,54,7206953,407245,229437,17.73,2
Nov-2024,Apex Legends,NA,3348273,1724831,287,48,7962059,362264,146539,9.74,1
Nov-2024,Apex Legends,NA,3591925,1752577,279,40,7116918,317413,197294,19.34,4
Nov-2024,Apex Legends,NA,3718769,1651645,308,47,8904357,385339,213208,18.2,3
Nov-2024,Apex Legends,NA,3410655,1781417,308,49,7687106,360065,113326,11.02,0
Nov-2024,Apex Legends,NA,3376597,1758751,281,51,7567364,377078,195418,24.32,0
Nov-2024,Apex Legends,NA,3013913,1777652,270,52,4997260,257872,162689,24.85,3
Nov-2024,Apex Legends,NA,3403287,1769986,270,45,6059482,370352,221335,24.32,2
Nov-2024,Apex Legends,NA,3576369,1723969,271,52,5953614,395949,215802,17.49,1
Nov-2024,Apex Legends,NA,3680987,1598966,288,48,7197532,347020,200232,8.7,1
Nov-2024,Apex Legends,NA,3256102,1664483,308,51,6205227,418191,136253,17.33,4
Nov-2024,Apex Legends,NA,3289532,1726164,283,45,7426194,308506,212094,17.8,0
Nov-2024,Apex Legends,NA,3617929,1613305,264,51,8862500,318767,170262,18.01,2
Nov-2024,Apex Legends,NA,3396972,1681865,279,44,5248607,275446,189884,5.71,3
Nov-2024,Apex Legends,NA,3445221,1676960,264,52,5714003,346124,232221,10.33,4
Nov-2024,Apex Legends,NA,3713037,1712842,297,47,8761465,326593,164194,14.57,1
Nov-2024,Apex Legends,NA,3217992,1807399,305,49,7224513,281210,149483,13.82,3
Nov-2024,Apex Legends,NA,3073076,1712830,298,56,5872128,312732,156946,20.68,3
Nov-2024,Apex Legends,NA,3881443,1666493,270,52,6312654,325512,194594,19.84,3
Nov-2024,Apex Legends,EU,3729053,1731769,283,51,6223220,448657,269575,21.51,1
Nov-2024,Apex Legends,EU,3427376,1894828,282,49,6205834,263774,169657,10.15,3
Nov-2024,Apex Legends,EU,3352299,1813950,264,49,7123410,332180,154495,18.38,1
Nov-2024,Apex Legends,EU,3599470,1829549,280,48,6610932,369013,208776,10.07,1
Nov-2024,Apex Legends,EU,3642235,1884918,274,48,6508078,294584,205491,22.46,1
Nov-2024,Apex Legends,EU,3441208,1707871,274,46,6052687,365614,189659,19.31,1
Nov-2024,Apex Legends,EU,3488621,1696713,275,50,5544859,285634,161955,14.67,4
Nov-2024,Apex Legends,EU,3254565,1649263,275,49,5754415,389097,152254,21.83,0
Nov-2024,Apex Legends,EU,3824251,1596520,291,48,8865586,553323,194601,16.03,4
Nov-2024,Apex Legends,EU,3587143,1800648,291,45,6986121,232419,167736,7.05,5
Nov-2024,Apex Legends,EU,3497875,1714532,267,52,7568272,339668,138678,16.33,4
Nov-2024,Apex Legends,EU,3498655,1708176,268,49,5625041,327797,235031,11.39,2
Nov-2024,Apex Legends,EU,3763902,1726352,285,49,6955742,432102,246916,13.14,2
Nov-2024,Apex Legends,EU,3859366,1881166,296,45,8330208,432800,171939,20.06,4
Nov-2024,Apex Legends,EU,3476116,1615145,279,47,8534005,311159,202053,19.08,2
Nov-2024,Apex Legends,EU,3474520,1834176,289,49,6407636,389433,186402,18.8,1
Nov-2024,Apex Legends,EU,3560899,1656284,303,51,8638378,479855,202107,16.25,0
Nov-2024,Apex Legends,EU,3375514,1765864,304,51,7147457,437903,105038,24.98,4
Nov-2024,Apex Legends,EU,3386177,1694227,285,50,6492837,326074,204145,19.65,2
Nov-2024,Apex Legends,EU,3525271,1573976,306,47,7960814,367106,109190,12.19,0
Nov-2024,Apex Legends,Asia,3461287,1851269,285,45,8352255,214984,152014,21.9,3
Nov-2024,Apex Legends,Asia,3393615,1511194,283,50,6590977,267176,150591,13.78,5
Nov-2024,Apex Legends,Asia,3253999,1871482,286,48,7653049,397348,116071,10.65,0
Nov-2024,Apex Legends,Asia,3375565,1774968,312,52,6823536,217708,118186,6.98,4
Nov-2024,Apex Legends,Asia,3582865,1585025,283,49,8486047,501561,254263,12.92,1
Nov-2024,Apex Legends,Asia,3381568,1780766,289,47,7124641,333430,192068,11.87,2
Nov-2024,Apex Legends,Asia,3517517,1760318,287,47,8393390,437415,181897,8.82,3
Nov-2024,Apex Legends,Asia,3008951,1731492,307,48,7234008,271346,241396,20.33,2
Nov-2024,Apex Legends,Asia,3698546,1785453,289,46,6940039,250381,127218,14.69,3
Nov-2024,Apex Legends,Asia,3730683,1695399,276,47,8956122,530789,138373,19.63,2
Nov-2024,Apex Legends,Asia,3432711,1891806,287,52,8342434,344257,162847,12.71,3
Nov-2024,Apex Legends,Asia,3586301,1714874,295,53,6108231,391594,198267,19.01,5
Nov-2024,Apex Legends,Asia,3177380,1712505,276,51,6528033,367696,188050,6.03,5
Nov-2024,Apex Legends,Asia,3269679,1831519,291,48,7950953,298279,156220,13.33,3
Nov-2024,Apex Legends,Asia,3263663,1644893,278,52,7137790,301103,148363,19.77,3
Nov-2024,Apex Legends,Asia,3375102,1706621,291,51,6394192,382160,200007,24.23,5
Nov-2024,Apex Legends,Asia,3414732,1711352,287,41,7587851,421440,192817,12.1,1
Nov-2024,Apex Legends,Asia,3476780,1679708,299,50,7102419,216653,136540,8.08,3
Nov-2024,Apex Legends,Asia,3513067,1813481,273,51,6379821,366725,103853,6.98,3
Nov-2024,Apex Legends,Asia,3750452,1550249,287,52,9213464,496565,252460,5.97,4
Nov-2024,Apex Legends,South America,3420725,1836646,293,51,7730972,326089,165492,11.59,3
Nov-2024,Apex Legends,South America,3157274,1689608,307,50,6682938,254005,134109,24.67,5
Nov-2024,Apex Legends,South America,3533203,1839792,252,49,5849711,404795,152251,21.2,0
Nov-2024,Apex Legends,South America,3164735,1825832,298,49,7814562,426770,110017,19.61,4
Nov-2024,Apex Legends,South America,3304226,1725650,290,46,6676150,387791,165451,17.32,5
Nov-2024,Apex Legends,South America,3732274,1897181,290,52,8817319,343248,212261,10.13,5
Nov-2024,Apex Legends,South America,3524206,1780116,269,47,6268720,289106,147047,23.41,4
Nov-2024,Apex Legends,South America,3533798,1815943,269,46,7344139,302530,115218,13.3,2
Nov-2024,Apex Legends,South America,3517133,1643101,281,54,7227590,308657,193934,20.5,1
Nov-2024,Apex Legends,South America,3464503,1768287,290,51,7215954,412808,241423,14.36,1
Nov-2024,Apex Legends,South America,3341948,1684181,256,53,7631455,302083,151071,10.46,2
Nov-2024,Apex Legends,South America,3747862,1715078,284,44,6094416,288191,181578,7.99,0
Nov-2024,Apex Legends,South America,3520674,1735060,301,49,6738630,384887,138512,14.6,1
Nov-2024,Apex Legends,South America,3353998,1663284,289,45,5149260,443802,137992,18.07,5
Nov-2024,Apex Legends,South America,3380472,1908730,323,49,7275013,358259,206505,11.88,3
Nov-2024,Apex Legends,South America,3491122,1687305,260,51,6752765,327041,186964,14.05,3
Nov-2024,Apex Legends,South America,3343406,1757133,285,47,6257951,371760,185769,15.81,3
Nov-2024,Apex Legends,South America,3361010,1668288,288,50,5782473,263161,155430,17.57,4
Nov-2024,Apex Legends,South America,3470917,1674623,267,49,7644168,378409,117552,20.05,1
Nov-2024,Apex Legends,South America,3414276,1819222,278,48,8462007,251153,188775,17.88,5
Nov-2024,Apex Legends,Africa,3182958,1588485,287,51,5906430,315436,194696,12.83,3
Nov-2024,Apex Legends,Africa,3493116,1664398,279,52,8015633,333885,152445,24.17,3
Nov-2024,Apex Legends,Africa,3324568,1782101,286,51,5888346,372156,144468,9.58,5
Nov-2024,Apex Legends,Africa,3552929,1711288,284,51,8563088,257562,183612,17.57,4
Nov-2024,Apex Legends,Africa,3446393,1805759,280,46,7994344,286557,167944,23.83,4
Nov-2024,Apex Legends,Africa,3613669,1666351,270,49,8699459,381844,168428,6.74,4
Nov-2024,Apex Legends,Africa,3480601,1808440,271,48,6111772,391991,187299,19.67,1
Nov-2024,Apex Legends,Africa,3650765,1834163,303,48,5804437,417517,151819,15.33,5
Nov-2024,Apex Legends,Africa,3346697,1772737,268,53,8324814,288871,119224,13.78,3
Nov-2024,Apex Legends,Africa,3253043,1740605,259,52,7763753,187104,205090,7.15,4
Nov-2024,Apex Legends,Africa,3103587,1660532,299,46,5200793,448022,154823,16.56,2
Nov-2024,Apex Legends,Africa,3443034,1584770,264,52,6267701,367996,147805,14.38,5
Nov-2024,Apex Legends,Africa,3252426,1644485,285,46,6397459,345079,171130,18.41,2
Nov-2024,Apex Legends,Africa,3722043,1803392,289,50,8967332,358033,257577,23.06,3
Nov-2024,Apex Legends,Africa,3648693,1802458,267,45,7854004,338718,272679,8.89,3
Nov-2024,Apex Legends,Africa,3291802,1766186,292,49,7800607,323169,167051,11.42,3
Nov-2024,Apex Legends,Africa,3511550,1507486,287,54,8356269,460177,204611,22.84,0
Nov-2024,Apex Legends,Africa,3556217,1829535,255,55,8063721,348461,156099,9.81,2
Nov-2024,Apex Legends,Africa,3494102,1686403,297,52,8567276,336128,162110,19.24,5
Nov-2024,Apex Legends,Africa,3448663,1714549,266,52,6216303,293853,151370,24.39,3
Nov-2024,Apex Legends,Oceania,3377421,1748663,300,47,6474272,375379,212489,12.16,0
Nov-2024,Apex Legends,Oceania,3383307,1716374,275,49,7213666,375517,168160,10.83,4
Nov-2024,Apex Legends,Oceania,3669544,1710138,269,56,5802670,471112,180000,12.1,3
Nov-2024,Apex Legends,Oceania,3231166,1542386,275,47,6632938,377994,202367,18.74,3
Nov-2024,Apex Legends,Oceania,3055974,1725574,285,54,6656192,201515,172077,19.22,4
Nov-2024,Apex Legends,Oceania,3402908,1774066,292,43,8284574,449927,174152,17.57,3
Nov-2024,Apex Legends,Oceania,3625867,1678941,277,50,7460377,445211,152256,10.04,2
Nov-2024,Apex Legends,Oceania,3596336,1740856,276,53,6154627,373765,222610,22.96,0
Nov-2024,Apex Legends,Oceania,3405568,1627330,261,44,6565899,432619,193480,6.99,1
Nov-2024,Apex Legends,Oceania,3346107,1783375,288,52,6972892,328940,196686,22.06,0
Nov-2024,Apex Legends,Oceania,3652074,1777753,254,51,7160208,392741,184343,12.77,4
Nov-2024,Apex Legends,Oceania,3677964,1796886,314,49,6347740,409118,224029,7.12,5
Nov-2024,Apex Legends,Oceania,3449461,1689408,273,44,6242726,368100,200427,8.47,0
Nov-2024,Apex Legends,Oceania,3656593,1698121,268,54,6430014,431453,160786,15.27,5
Nov-2024,Apex Legends,Oceania,3722985,1732147,294,50,8143760,332335,163311,13.93,0
Nov-2024,Apex Legends,Oceania,3505928,1852549,277,50,7393874,244814,145874,9.82,1
Nov-2024,Apex Legends,Oceania,3291837,1540862,295,52,5277762,351257,186963,12.3,2
Nov-2024,Apex Legends,Oceania,3646703,1742200,275,50,5870225,379596,147617,12.17,5
Nov-2024,Apex Legends,Oceania,3495273,1628923,285,45,5429388,260209,134483,18.0,5
Nov-2024,Apex Legends,Oceania,3616028,1693064,280,53,5658066,373424,181826,10.76,3
Dec-2024,Apex Legends,NA,3390856,1825190,311,45,8091284,382335,153010,16.66,2
Dec-2024,Apex Legends,NA,3446904,1671736,309,49,7173507,555310,150117,11.43,5
Dec-2024,Apex Legends,NA,3602795,1680087,318,48,7618755,371263,195746,12.57,3
Dec-2024,Apex Legends,NA,3504517,1819904,286,56,8533655,325354,208719,12.46,1
Dec-2024,Apex Legends,NA,3479107,1693912,305,48,6930089,398041,208026,19.44,0
Dec-2024,Apex Legends,NA,3633457,1857129,288,46,8940458,365132,171902,24.59,2
Dec-2024,Apex Legends,NA,3266947,1780900,277,47,7757703,508107,134786,7.76,0
Dec-2024,Apex Legends,NA,3430885,1688054,273,50,5813555,392385,122235,9.9,0
Dec-2024,Apex Legends,NA,3332642,1649911,291,53,7427035,393300,156644,8.77,0
Dec-2024,Apex Legends,NA,3315260,1840720,277,47,7857807,365832,188306,14.0,5
Dec-2024,Apex Legends,NA,3538139,1798016,289,51,7552620,373241,190739,8.84,3
Dec-2024,Apex Legends,NA,3462949,1764582,276,49,6544993,377860,203435,5.34,0
Dec-2024,Apex Legends,NA,3651002,1631058,276,46,6442016,453727,171176,21.9,3
Dec-2024,Apex Legends,NA,3451125,1798309,274,50,5562904,343224,204939,12.61,0
Dec-2024,Apex Legends,NA,3349110,1726801,269,50,5388244,334850,126221,5.63,1
Dec-2024,Apex Legends,NA,3271766,1789178,301,49,7697839,329275,174735,20.27,2
Dec-2024,Apex Legends,NA,3406283,1734781,251,50,8259381,346480,171591,6.31,2
Dec-2024,Apex Legends,NA,3632044,1697263,279,48,7813795,215941,176133,19.89,2
Dec-2024,Apex Legends,NA,3238560,1659086,260,48,6244446,367344,176195,19.98,2
Dec-2024,Apex Legends,NA,3344331,1636778,266,46,8023712,234503,178321,23.94,1
Dec-2024,Apex Legends,EU,3429412,1698767,280,48,7756923,394447,206371,22.43,0
Dec-2024,Apex Legends,EU,3806326,1666003,283,56,8909102,375130,158574,22.95,5
Dec-2024,Apex Legends,EU,3562052,1761826,300,49,7421296,456165,209534,19.67,2
Dec-2024,Apex Legends,EU,3384651,1654417,304,46,5139762,185475,148997,23.25,2
Dec-2024,Apex Legends,EU,3382225,1696121,267,49,5713853,314965,142804,6.52,0
Dec-2024,Apex Legends,EU,3293923,1669217,273,53,6267458,343870,125063,7.28,4
Dec-2024,Apex Legends,EU,3682128,1728143,274,49,6409172,368900,134104,20.64,0
Dec-2024,Apex Legends,EU,3357898,1801561,283,51,5349922,350713,121330,11.89,5
Dec-2024,Apex Legends,EU,3261799,1787419,288,46,6275239,271699,152733,16.86,1
Dec-2024,Apex Legends,EU,3348276,1823980,293,51,5211806,288308,173650,8.41,3
Dec-2024,Apex Legends,EU,3399565,1755704,288,53,5463511,341776,215411,21.3,2
Dec-2024,Apex Legends,EU,3548026,1619769,264,49,6020337,278893,146765,17.98,1
Dec-2024,Apex Legends,EU,3499800,1675522,278,45,7992301,314822,161551,9.35,1
Dec-2024,Apex Legends,EU,3338792,1661980,262,53,5859031,302705,187939,17.88,0
Dec-2024,Apex Legends,EU,3360848,1601503,263,47,7235475,414177,135511,8.44,4
Dec-2024,Apex Legends,EU,3716170,1613440,258,47,8771794,335656,132385,9.47,5
Dec-2024,Apex Legends,EU,3458493,1933079,269,55,6312585,283402,157518,21.96,0
Dec-2024,Apex Legends,EU,3160737,1808877,262,51,4760848,196607,177243,12.31,2
Dec-2024,Apex Legends,EU,3237751,1691918,279,54,7783358,406144,175551,8.76,2
Dec-2024,Apex Legends,EU,3489904,1732723,314,48,7654163,386617,182102,22.28,2
Dec-2024,Apex Legends,Asia,3617352,1817953,284,49,7993242,395429,190125,21.36,2
Dec-2024,Apex Legends,Asia,3395772,1849857,286,52,7015480,186887,183373,15.58,2
Dec-2024,Apex Legends,Asia,3371683,1720546,286,52,5254593,280005,145162,7.31,2
Dec-2024,Apex Legends,Asia,3798288,1727316,274,51,5930555,404775,114866,10.97,0
Dec-2024,Apex Legends,Asia,3575494,1783523,283,53,6410810,435513,200696,10.1,1
Dec-2024,Apex Legends,Asia,3283901,1665457,263,49,7323701,431744,160798,10.79,2
Dec-2024,Apex Legends,Asia,3530651,1806441,283,52,7379208,458021,242698,6.22,0
Dec-2024,Apex Legends,Asia,3581398,1781352,292,48,5906623,458398,214202,20.79,3
Dec-2024,Apex Legends,Asia,3313312,1794239,281,50,7025991,248287,173968,10.82,3
Dec-2024,Apex Legends,Asia,3295994,1820020,279,46,5781362,151998,200020,10.55,3
Dec-2024,Apex Legends,Asia,3274619,1840330,268,49,5579313,374531,181313,16.96,5
Dec-2024,Apex Legends,Asia,3241932,1722365,269,54,5995347,372435,143321,14.21,1
Dec-2024,Apex Legends,Asia,3545082,1648236,292,47,7747911,387218,222760,20.1,3
Dec-2024,Apex Legends,Asia,3699187,1805422,272,51,5645625,391935,179464,11.56,3
Dec-2024,Apex Legends,Asia,3491562,1781207,285,51,6569336,280782,126711,7.15,4
Dec-2024,Apex Legends,Asia,3758792,1860973,274,48,6754305,388927,192870,19.42,5
Dec-2024,Apex Legends,Asia,3913817,1722997,268,48,9429136,404638,227086,9.41,5
Dec-2024,Apex Legends,Asia,3422342,1638907,287,53,8284788,401996,225878,18.63,0
Dec-2024,Apex Legends,Asia,3243672,1832865,288,51,6173629,372794,157254,16.31,3
Dec-2024,Apex Legends,Asia,3595458,1766134,282,50,6568684,302364,197024,14.72,3
Dec-2024,Apex Legends,South America,3316067,1743267,301,52,6955669,382856,189672,8.42,4
Dec-2024,Apex Legends,South America,3234133,1669267,291,54,7338475,385893,147747,20.97,1
Dec-2024,Apex Legends,South America,3439325,1780383,289,52,6953845,225555,180657,19.08,2
Dec-2024,Apex Legends,South America,3015435,1820640,261,49,5934429,305814,151689,14.3,0
Dec-2024,Apex Legends,South America,3681013,1847693,265,52,8541186,382121,231858,15.18,5
Dec-2024,Apex Legends,South America,3416794,1625498,265,49,6116937,390152,149018,13.93,0
Dec-2024,Apex Legends,South America,3378078,1764697,312,45,8205873,311762,211117,16.7,5
Dec-2024,Apex Legends,South America,3734298,1766503,280,47,7734800,236614,240595,17.35,5
Dec-2024,Apex Legends,South America,3718326,1830591,312,45,8868877,368680,153554,18.2,2
Dec-2024,Apex Legends,South America,3462966,1756122,291,52,5591350,298949,95010,24.13,1
Dec-2024,Apex Legends,South America,3719572,1688403,272,48,8838236,370636,199798,11.42,2
Dec-2024,Apex Legends,South America,3222662,1889173,295,52,5442027,305730,165311,5.39,5
Dec-2024,Apex Legends,South America,3613138,1703976,275,52,7849125,450952,150008,14.44,1
Dec-2024,Apex Legends,South America,3291499,1613451,300,46,6474619,372654,128337,9.32,0
Dec-2024,Apex Legends,South America,3280125,1554819,290,50,5767736,308470,152371,24.02,2
Dec-2024,Apex Legends,South America,3218480,1733914,298,51,7370368,324792,126000,21.89,4
Dec-2024,Apex Legends,South America,3529274,1772720,283,43,7702477,399291,89186,10.89,3
Dec-2024,Apex Legends,South America,3454209,1807494,277,49,5490284,346484,124458,11.35,1
Dec-2024,Apex Legends,South America,3530526,1774267,276,47,7532566,458001,193399,14.3,0
Dec-2024,Apex Legends,South America,3363125,1829285,268,46,7393674,395755,233558,19.07,0
Dec-2024,Apex Legends,Africa,3393255,1714644,308,50,6056847,360647,174331,10.24,0
Dec-2024,Apex Legends,Africa,3388873,1831599,266,52,6023824,358011,169140,16.09,1
Dec-2024,Apex Legends,Africa,3575250,1787164,285,51,7348972,331806,199964,17.74,5
Dec-2024,Apex Legends,Africa,3577644,1785784,256,49,5965157,291267,158454,13.01,2
Dec-2024,Apex Legends,Africa,3546319,1792895,298,52,6518223,281411,184388,20.22,2
Dec-2024,Apex Legends,Africa,3448258,1800519,279,45,7835431,409676,179771,11.25,2
Dec-2024,Apex Legends,Africa,3621651,1712096,297,48,6226360,331876,150259,17.29,4
Dec-2024,Apex Legends,Africa,3154019,1786464,282,49,5536979,352637,189726,22.3,3
Dec-2024,Apex Legends,Africa,3218035,1758472,292,55,6336507,361432,181968,8.64,0
Dec-2024,Apex Legends,Africa,3553397,1740803,271,54,7745802,249774,136498,13.28,1
Dec-2024,Apex Legends,Africa,3344147,1755755,290,53,6699914,398853,184046,22.09,5
Dec-2024,Apex Legends,Africa,3454495,1759948,291,46,5441568,319447,235655,23.08,2
Dec-2024,Apex Legends,Africa,3571091,1615669,271,50,8347432,294108,184043,7.22,5
Dec-2024,Apex Legends,Africa,3470108,1674316,300,48,6085957,318750,112399,8.77,1
Dec-2024,Apex Legends,Africa,3654222,1579825,293,51,6992423,303012,135127,14.47,2
Dec-2024,Apex Legends,Africa,3221567,1827527,288,53,4892206,353777,194928,6.64,0
Dec-2024,Apex Legends,Africa,3489375,1744519,316,46,6447231,359013,154242,6.38,3
Dec-2024,Apex Legends,Africa,3111525,1711181,272,47,6538294,309013,150168,15.87,0
Dec-2024,Apex Legends,Africa,3532383,1721751,269,49,8483320,472891,143463,15.27,4
Dec-2024,Apex Legends,Africa,3312414,1450176,300,44,6619746,389014,177448,21.56,0
Dec-2024,Apex Legends,Oceania,3591667,1900069,296,49,6419441,361614,203470,17.81,3
Dec-2024,Apex Legends,Oceania,3520467,1612121,252,53,7940314,454521,193984,7.17,0
Dec-2024,Apex Legends,Oceania,3466806,1831713,269,47,5918372,347109,185117,20.08,1
Dec-2024,Apex Legends,Oceania,3315002,1929661,284,47,8280851,309819,151428,23.97,4
Dec-2024,Apex Legends,Oceania,3504346,1670155,298,47,7976800,408202,262608,19.93,3
Dec-2024,Apex Legends,Oceania,3703278,1604097,314,55,8290372,235522,198385,20.28,0
Dec-2024,Apex Legends,Oceania,3576910,1802806,295,49,7095898,315768,187703,8.37,0
Dec-2024,Apex Legends,Oceania,3450512,1694347,303,56,8469088,324479,150388,22.97,5
Dec-2024,Apex Legends,Oceania,3829083,1681098,264,47,7558030,275276,181439,23.72,3
Dec-2024,Apex Legends,Oceania,3362635,1818380,296,49,5814404,273372,128300,15.89,3
Dec-2024,Apex Legends,Oceania,3463927,1781695,274,47,5319478,349003,135481,23.77,3
Dec-2024,Apex Legends,Oceania,3371016,1790189,274,54,7241038,414463,141406,13.84,4
Dec-2024,Apex Legends,Oceania,3059546,1709545,286,44,5611457,272926,155533,21.95,5
Dec-2024,Apex Legends,Oceania,3416769,1805404,293,48,8315622,392284,129480,16.91,0
Dec-2024,Apex Legends,Oceania,3274657,1625979,274,52,7710954,362676,189154,18.69,4
Dec-2024,Apex Legends,Oceania,3164506,1546569,300,49,7341523,260525,106629,19.39,5
Dec-2024,Apex Legends,Oceania,3456454,1797176,302,51,6100001,356771,113632,11.76,2
Dec-2024,Apex Legends,Oceania,3231142,1677358,294,44,6409311,314175,174897,23.97,0
Dec-2024,Apex Legends,Oceania,3283230,1852899,305,44,7374442,374880,159095,9.19,5
Dec-2024,Apex Legends,Oceania,3635198,1900981,275,50,7013611,380673,165310,9.5,4
Jan-2024,FIFA 24,NA,3860064,1789631,250,51,6527184,525272,171865,8.13,0
Jan-2024,FIFA 24,NA,3930908,1926938,265,56,8382010,416540,237971,7.22,2
Jan-2024,FIFA 24,NA,4109758,1819650,303,46,9122956,473210,220317,14.77,1
Jan-2024,FIFA 24,NA,3796356,1900203,273,52,9386155,421805,167842,7.36,0
Jan-2024,FIFA 24,NA,3936306,1819022,281,54,8577774,284640,197725,22.57,2
Jan-2024,FIFA 24,NA,3745528,1918496,277,51,9102003,263987,229375,16.91,3
Jan-2024,FIFA 24,NA,4317020,1586376,254,46,9022796,343790,172616,10.21,3
Jan-2024,FIFA 24,NA,4436363,1893361,280,46,7840278,308158,141603,17.06,4
Jan-2024,FIFA 24,NA,4397882,1798721,274,50,7033182,470868,244753,16.17,0
Jan-2024,FIFA 24,NA,4323282,1834265,268,50,10793784,500001,182357,17.96,1
Jan-2024,FIFA 24,NA,4077710,1890350,262,46,9644147,429305,174381,19.94,3
Jan-2024,FIFA 24,NA,3921486,1900807,234,50,6722260,282013,241161,10.41,4
Jan-2024,FIFA 24,NA,3886686,1863991,254,50,6826041,351172,215584,11.13,0
Jan-2024,FIFA 24,NA,4307877,1707097,269,57,9908997,356604,192743,5.45,3
Jan-2024,FIFA 24,NA,4010532,1675353,292,55,9059796,396842,172202,10.69,0
Jan-2024,FIFA 24,NA,3657326,1731341,266,54,5740614,468334,181301,24.25,0
Jan-2024,FIFA 24,NA,3946215,1760075,278,58,9809967,386032,199136,15.1,4
Jan-2024,FIFA 24,NA,4132714,1836250,273,52,6717295,317590,212695,22.94,1
Jan-2024,FIFA 24,NA,4203303,1794572,290,52,6479468,391060,216275,22.2,0
Jan-2024,FIFA 24,NA,3650354,1804950,271,51,5571981,272037,154704,21.46,0
Jan-2024,FIFA 24,EU,3665309,1750919,278,54,7195091,341647,254939,13.67,1
Jan-2024,FIFA 24,EU,3759356,1951290,262,52,7462974,280237,174224,12.11,0
Jan-2024,FIFA 24,EU,3694251,1793809,271,47,6101568,300585,186610,7.17,1
Jan-2024,FIFA 24,EU,3941701,1527216,272,50,8241578,529214,161852,21.35,5
Jan-2024,FIFA 24,EU,3849992,1809089,250,54,5953340,454235,206514,22.3,2
Jan-2024,FIFA 24,EU,3923143,1786440,287,50,8341201,254904,202458,21.24,3
Jan-2024,FIFA 24,EU,3901099,1844189,275,44,6209681,285915,176986,5.76,3
Jan-2024,FIFA 24,EU,4081386,1829708,263,51,8408054,374661,268913,10.5,0
Jan-2024,FIFA 24,EU,4355210,1850646,246,50,7267515,400972,163044,18.09,2
Jan-2024,FIFA 24,EU,4065980,1697598,249,51,8857925,312425,172437,21.64,0
Jan-2024,FIFA 24,EU,3956624,1839330,285,51,5979869,418546,211675,23.37,0
Jan-2024,FIFA 24,EU,3962134,1781618,293,45,9462574,433707,210180,5.26,2
Jan-2024,FIFA 24,EU,4133635,1598569,277,52,7833800,456409,254173,18.34,3
Jan-2024,FIFA 24,EU,3855378,1898562,258,56,8255594,388742,176021,6.21,1
Jan-2024,FIFA 24,EU,3947670,1977442,291,54,8156700,472289,188785,22.43,4
Jan-2024,FIFA 24,EU,3878974,1784385,240,56,8129918,406583,142842,24.71,5
Jan-2024,FIFA 24,EU,4007460,1694744,284,51,7835927,351525,232825,10.26,0
Jan-2024,FIFA 24,EU,4226157,1747556,252,55,6674137,561812,150730,13.43,5
Jan-2024,FIFA 24,EU,4177614,1684509,291,52,7746320,505520,218921,14.14,4
Jan-2024,FIFA 24,EU,4014068,1801181,244,47,6629643,292914,254811,14.24,0
Jan-2024,FIFA 24,Asia,4015638,1661947,274,47,6624709,594796,200528,19.16,3
Jan-2024,FIFA 24,Asia,4040452,1845556,281,52,8698263,453784,254547,24.21,3
Jan-2024,FIFA 24,Asia,4040196,1842836,256,53,9147405,369640,276013,14.8,3
Jan-2024,FIFA 24,Asia,3978464,1954578,256,51,6699950,415529,247282,21.4,2
Jan-2024,FIFA 24,Asia,4035479,1829222,302,47,9709752,434288,141079,11.77,0
Jan-2024,FIFA 24,Asia,4010185,1739520,293,49,8396337,501256,203848,13.34,0
Jan-2024,FIFA 24,Asia,3887787,1804157,285,54,8670211,422399,146250,14.21,5
Jan-2024,FIFA 24,Asia,4495223,1775238,272,53,8772458,437071,198911,5.34,2
Jan-2024,FIFA 24,Asia,4019709,1844026,274,48,6296544,493314,192168,16.26,1
Jan-2024,FIFA 24,Asia,3953575,1855882,258,53,7852222,398994,234328,16.68,4
Jan-2024,FIFA 24,Asia,4268753,1763428,224,57,10566641,467431,241069,20.59,4
Jan-2024,FIFA 24,Asia,4396254,1806077,259,48,7419754,484168,203506,19.56,3
Jan-2024,FIFA 24,Asia,4300504,1892613,271,52,8707361,436715,230889,19.12,0
Jan-2024,FIFA 24,Asia,4074683,1615765,242,51,6351473,384150,193904,15.74,4
Jan-2024,FIFA 24,Asia,3699093,1992703,283,53,8127049,395035,173881,16.8,1
Jan-2024,FIFA 24,Asia,4207667,1944903,269,51,10355742,370552,234232,5.23,1
Jan-2024,FIFA 24,Asia,4107601,1692115,250,54,8469105,317717,172905,18.86,1
Jan-2024,FIFA 24,Asia,3871709,1819261,253,51,7273674,367707,182036,18.04,0
Jan-2024,FIFA 24,Asia,3873405,1786427,256,52,6059618,568899,181328,16.01,2
Jan-2024,FIFA 24,Asia,4271755,1669472,304,53,7667799,512321,133345,10.58,4
Jan-2024,FIFA 24,South America,3824895,1724396,259,54,8881580,419924,200936,14.1,4
Jan-2024,FIFA 24,South America,3806326,1900116,271,54,8667759,367057,201125,13.58,5
Jan-2024,FIFA 24,South America,4295442,1857853,269,53,6684395,448889,181322,13.83,0
Jan-2024,FIFA 24,South America,3983267,1800487,278,53,9626694,310034,164174,21.24,0
Jan-2024,FIFA 24,South America,3865303,1662330,265,53,9549446,457367,174053,14.63,2
Jan-2024,FIFA 24,South America,4134433,1911902,273,50,10068947,454741,231588,16.19,1
Jan-2024,FIFA 24,South America,4083791,1814122,270,51,6534764,285197,260447,15.22,2
Jan-2024,FIFA 24,South America,4088445,1865784,271,53,7866761,367515,189143,14.35,3
Jan-2024,FIFA 24,South America,4087850,1904106,257,54,10201970,270790,118191,10.98,1
Jan-2024,FIFA 24,South America,4072702,1775550,271,48,6716315,312646,223717,23.57,2
Jan-2024,FIFA 24,South America,4050181,1704973,255,50,8751559,440840,207315,6.22,3
Jan-2024,FIFA 24,South America,3665700,1817051,260,50,8600102,341677,160296,19.35,0
Jan-2024,FIFA 24,South America,3944679,1938593,263,54,9054272,283363,158051,21.51,4
Jan-2024,FIFA 24,South America,3829781,1910483,272,49,7068678,494539,201556,24.47,1
Jan-2024,FIFA 24,South America,4200708,1826507,259,52,7619061,395435,256461,22.83,4
Jan-2024,FIFA 24,South America,3907107,1889329,255,51,9608908,466407,125632,17.91,1
Jan-2024,FIFA 24,South America,4084817,1701048,263,52,6677702,504458,135914,21.51,1
Jan-2024,FIFA 24,South America,3953641,1764540,248,53,7972021,341796,239189,11.7,1
Jan-2024,FIFA 24,South America,3848226,1902819,239,53,6217331,273165,188691,12.71,4
Jan-2024,FIFA 24,South America,4133818,1742360,240,52,8441049,511908,259628,6.88,2
Jan-2024,FIFA 24,Africa,4039959,1817205,281,56,7772641,427107,180129,16.76,5
Jan-2024,FIFA 24,Africa,4255357,1650180,290,45,9706660,455858,229485,20.56,5
Jan-2024,FIFA 24,Africa,4142792,1857873,278,52,6239607,340768,222509,21.48,2
Jan-2024,FIFA 24,Africa,4389371,1853515,263,52,9406344,587126,135679,14.87,4
Jan-2024,FIFA 24,Africa,3717872,1957363,267,46,7126332,321163,156470,6.5,2
Jan-2024,FIFA 24,Africa,4084932,1919062,293,48,7668021,528451,234988,6.97,5
Jan-2024,FIFA 24,Africa,4323089,1738261,272,51,8986102,392149,172867,16.32,0
Jan-2024,FIFA 24,Africa,4049141,1866646,276,48,7269180,171934,175746,11.73,5
Jan-2024,FIFA 24,Africa,4305062,1871953,274,54,7316680,427128,127132,23.35,5
Jan-2024,FIFA 24,Africa,3853663,1784661,257,50,7864874,461396,179360,12.41,5
Jan-2024,FIFA 24,Africa,3890979,1823693,269,50,5842334,423200,223948,8.4,5
Jan-2024,FIFA 24,Africa,4088741,1685365,269,49,7155070,364756,192600,21.32,5
Jan-2024,FIFA 24,Africa,4251699,1743331,261,60,8738007,426485,214837,24.01,1
Jan-2024,FIFA 24,Africa,3972085,1925634,278,49,8912377,383342,255267,8.34,3
Jan-2024,FIFA 24,Africa,3992441,1799742,258,52,7201431,335915,149761,19.29,0
Jan-2024,FIFA 24,Africa,3949902,1681588,253,48,8442819,450765,175654,9.13,4
Jan-2024,FIFA 24,Africa,4135640,1881658,256,52,8183555,367551,187835,10.26,0
Jan-2024,FIFA 24,Africa,4276639,1806393,270,44,8863838,396787,194349,6.07,2
Jan-2024,FIFA 24,Africa,4084331,1783379,257,52,7326404,395115,180505,23.05,3
Jan-2024,FIFA 24,Africa,4084163,1922638,272,48,7006354,388753,242311,9.94,2
Jan-2024,FIFA 24,Oceania,4210636,1840214,269,53,9786883,381970,204965,22.86,3
Jan-2024,FIFA 24,Oceania,3934425,1755001,240,49,7764169,367423,121564,16.52,3
Jan-2024,FIFA 24,Oceania,3985421,1704606,264,55,7646628,357896,132561,22.31,4
Jan-2024,FIFA 24,Oceania,4199647,1905512,241,49,8526556,427869,181404,5.77,2
Jan-2024,FIFA 24,Oceania,3872669,1771820,260,51,6529269,465760,212118,23.98,4
Jan-2024,FIFA 24,Oceania,4127589,1967344,233,54,8979137,422569,224035,16.88,5
Jan-2024,FIFA 24,Oceania,3586584,1835089,264,47,7704901,433993,170885,6.99,0
Jan-2024,FIFA 24,Oceania,3937411,1861234,250,56,5978613,332904,239735,12.43,0
Jan-2024,FIFA 24,Oceania,4433185,1922666,279,49,7789621,302294,205568,7.93,4
Jan-2024,FIFA 24,Oceania,3993502,1882581,252,52,7057004,418927,201497,6.33,3
Jan-2024,FIFA 24,Oceania,4106406,1831457,260,54,8814668,494358,169038,24.31,2
Jan-2024,FIFA 24,Oceania,4281626,1968649,257,51,6897886,465402,268035,10.42,1
Jan-2024,FIFA 24,Oceania,4021822,1738266,265,49,6420763,557968,249711,20.74,2
Jan-2024,FIFA 24,Oceania,3866852,1692981,263,54,7456822,391195,236399,7.25,3
Jan-2024,FIFA 24,Oceania,4236552,1800679,291,51,8062591,417119,157195,5.19,0
Jan-2024,FIFA 24,Oceania,3781381,1996022,260,52,6070821,262258,183980,17.14,0
Jan-2024,FIFA 24,Oceania,4050338,1860118,262,51,8499799,283910,257904,22.24,0
Jan-2024,FIFA 24,Oceania,3967650,1796450,283,53,7987758,312533,163064,7.66,4
Jan-2024,FIFA 24,Oceania,3779107,1827470,266,52,6157552,403542,186668,24.36,2
Jan-2024,FIFA 24,Oceania,3975238,1977630,290,49,6142472,407872,96903,17.1,0
Feb-2024,FIFA 24,NA,4163080,1758651,254,53,9350583,268777,178599,23.7,5
Feb-2024,FIFA 24,NA,3882084,1768459,268,53,9036358,410327,140827,16.98,0
Feb-2024,FIFA 24,NA,3872715,1807130,259,59,9528255,245095,211181,7.7,5
Feb-2024,FIFA 24,NA,3928912,1951461,281,54,7423298,297797,201551,17.97,2
Feb-2024,FIFA 24,NA,4330190,1915430,265,47,10494328,367795,289448,20.83,0
Feb-2024,FIFA 24,NA,3842772,1775257,259,53,8210357,439325,246623,5.47,5
Feb-2024,FIFA 24,NA,4002767,1858170,284,43,7606257,450870,267713,22.59,4
Feb-2024,FIFA 24,NA,3971422,1708135,288,55,8394802,381007,140948,22.11,3
Feb-2024,FIFA 24,NA,3969933,1812073,257,46,6960288,327065,188928,24.39,3
Feb-2024,FIFA 24,NA,4392724,1770509,265,51,10519311,472710,350380,12.1,3
Feb-2024,FIFA 24,NA,3606191,1875659,275,52,8789515,279226,152281,24.35,5
Feb-2024,FIFA 24,NA,4015213,1763330,289,54,9868081,364787,193472,13.55,2
Feb-2024,FIFA 24,NA,4228260,1899183,283,54,7084151,411459,204961,5.93,2
Feb-2024,FIFA 24,NA,3994506,1780171,262,49,7413658,428090,198258,20.78,4
Feb-2024,FIFA 24,NA,3940905,1577240,275,59,8378656,329475,239965,13.72,1
Feb-2024,FIFA 24,NA,4175903,1869785,284,53,6548667,339578,213683,7.73,3
Feb-2024,FIFA 24,NA,3836267,1750015,264,49,7149771,338585,151715,21.37,0
Feb-2024,FIFA 24,NA,4164028,1893926,250,49,6529097,480145,177026,17.03,5
Feb-2024,FIFA 24,NA,4003008,1680002,292,55,9144222,354394,218979,14.0,4
Feb-2024,FIFA 24,NA,4008844,1757127,234,50,6916908,494150,209521,13.94,3
Feb-2024,FIFA 24,EU,3919510,1715411,289,53,7750995,336594,238382,5.78,5
Feb-2024,FIFA 24,EU,4171873,1865411,259,53,7376451,407491,144324,8.72,5
Feb-2024,FIFA 24,EU,4169009,1853596,265,52,6541168,496723,159590,15.86,3
Feb-2024,FIFA 24,EU,4025639,1747556,272,54,7276894,317450,220474,22.37,4
Feb-2024,FIFA 24,EU,3911401,1779070,245,44,8386502,404611,216793,24.92,4
Feb-2024,FIFA 24,EU,3719771,1586096,294,51,8012957,341386,195239,14.81,5
Feb-2024,FIFA 24,EU,3948320,1870822,236,56,7725210,415852,90989,6.7,3
Feb-2024,FIFA 24,EU,3695960,1803909,276,50,7483176,307394,236893,24.63,1
Feb-2024,FIFA 24,EU,3637283,1848172,279,47,6710707,426051,181527,24.58,4
Feb-2024,FIFA 24,EU,4084277,1817722,247,52,7552084,485514,163308,14.07,1
Feb-2024,FIFA 24,EU,4092578,1766778,255,51,7824387,512863,145684,13.6,5
Feb-2024,FIFA 24,EU,4231470,1862942,271,51,10394372,508245,222130,10.12,2
Feb-2024,FIFA 24,EU,3900283,1633306,258,49,8483467,504240,201606,6.06,2
Feb-2024,FIFA 24,EU,4130493,1959393,278,52,6981872,466348,144790,17.53,1
Feb-2024,FIFA 24,EU,3848490,1888238,277,47,7973316,358466,206079,19.47,2
Feb-2024,FIFA 24,EU,4293056,1871180,264,51,9381359,382612,172069,15.6,5
Feb-2024,FIFA 24,EU,3904143,1826005,286,49,5859314,385971,212244,24.69,3
Feb-2024,FIFA 24,EU,4099359,1802071,274,53,8769525,362070,199781,20.45,3
Feb-2024,FIFA 24,EU,3814124,1856968,274,49,7908457,429461,210697,15.18,2
Feb-2024,FIFA 24,EU,4094921,1922632,270,50,6523191,389605,137407,8.45,5
Feb-2024,FIFA 24,Asia,4051725,1789042,267,54,8270054,387045,181922,14.75,2
Feb-2024,FIFA 24,Asia,3653999,1680780,276,49,8594950,431488,242796,14.75,3
Feb-2024,FIFA 24,Asia,4021461,1839211,249,55,6077285,386367,186957,8.02,0
Feb-2024,FIFA 24,Asia,4203622,1944862,266,51,6464137,437306,107534,23.81,2
Feb-2024,FIFA 24,Asia,3654395,1713431,253,52,8620328,339276,167883,21.15,5
Feb-2024,FIFA 24,Asia,4004302,1835448,267,48,9129599,446229,145645,18.05,0
Feb-2024,FIFA 24,Asia,3886593,1769264,215,58,8932078,443265,167704,12.72,4
Feb-2024,FIFA 24,Asia,3901437,1891152,251,50,7874686,236231,189731,7.6,3
Feb-2024,FIFA 24,Asia,4101875,1957393,277,51,8128626,293275,173196,20.91,1
Feb-2024,FIFA 24,Asia,4083472,1845097,224,49,8204348,282944,207644,11.02,3
Feb-2024,FIFA 24,Asia,4291375,1770418,271,51,10115370,449973,195703,20.83,0
Feb-2024,FIFA 24,Asia,4248148,2076431,282,53,7268183,415211,211652,9.56,2
Feb-2024,FIFA 24,Asia,4089875,1694629,234,49,9296190,536041,221403,14.65,5
Feb-2024,FIFA 24,Asia,3931992,1742006,248,50,7547781,411575,201924,6.43,1
Feb-2024,FIFA 24,Asia,3749831,1800876,282,55,7607415,494746,166938,16.32,1
Feb-2024,FIFA 24,Asia,4333346,1822025,288,50,8233253,386548,138367,19.02,3
Feb-2024,FIFA 24,Asia,3981364,1758044,265,54,8705749,518509,225139,9.98,3
Feb-2024,FIFA 24,Asia,4141614,1825246,300,55,7896859,401268,181473,10.44,1
Feb-2024,FIFA 24,Asia,4049430,1957337,275,51,9554012,394899,251299,8.32,1
Feb-2024,FIFA 24,Asia,3819993,1676579,258,52,8737880,440694,144635,7.22,3
Feb-2024,FIFA 24,South America,3969346,1805412,275,59,6813524,421935,152210,21.17,2
Feb-2024,FIFA 24,South America,3871849,1638045,278,50,6874077,349608,215076,15.21,5
Feb-2024,FIFA 24,South America,3836599,1925083,258,54,9434130,450845,147025,23.08,0
Feb-2024,FIFA 24,South America,3694075,1681645,247,55,7364554,387243,174259,15.5,4
Feb-2024,FIFA 24,South America,4093081,1890108,267,54,6996986,367778,234078,23.9,1
Feb-2024,FIFA 24,South America,4100368,1794406,275,48,6495574,387624,176120,17.26,1
Feb-2024,FIFA 24,South America,3745379,1656827,246,56,9341951,291338,163203,24.13,5
Feb-2024,FIFA 24,South America,3714421,1928670,264,49,8135056,413670,198303,19.66,4
Feb-2024,FIFA 24,South America,3777508,1806940,256,46,8288711,411310,161653,18.79,1
Feb-2024,FIFA 24,South America,4147550,1872975,228,55,7484109,451108,187261,22.53,1
Feb-2024,FIFA 24,South America,3984800,1718700,252,54,8598583,314765,184024,9.39,0
Feb-2024,FIFA 24,South America,3701811,2043111,247,55,7697487,348646,234271,5.26,2
Feb-2024,FIFA 24,South America,3933345,1862768,273,46,7739822,351759,167765,6.6,1
Feb-2024,FIFA 24,South America,3875701,1776096,270,50,7800972,315697,164619,13.47,2
Feb-2024,FIFA 24,South America,3812861,1848093,276,52,5821610,345916,255919,5.34,0
Feb-2024,FIFA 24,South America,4047431,1762796,282,52,7030092,383264,202110,8.7,3
Feb-2024,FIFA 24,South America,3832063,1806711,283,53,5797142,374307,182359,12.12,5
Feb-2024,FIFA 24,South America,3855287,1933764,253,52,6491561,411247,201873,24.1,2
Feb-2024,FIFA 24,South America,4251121,1879948,283,53,10249517,415481,232744,15.01,0
Feb-2024,FIFA 24,South America,4023482,1831525,257,58,9993368,549541,274300,8.12,3
Feb-2024,FIFA 24,Africa,3957061,1785830,270,55,6300375,330104,218993,11.77,5
Feb-2024,FIFA 24,Africa,4087418,1930953,240,58,7213939,527593,306879,23.82,3
Feb-2024,FIFA 24,Africa,3905216,1850246,267,46,7508561,407993,202089,16.37,3
Feb-2024,FIFA 24,Africa,3798578,1755755,254,55,9328188,426338,213032,10.02,4
Feb-2024,FIFA 24,Africa,3831633,1861134,270,50,7606335,244433,252529,7.61,0
Feb-2024,FIFA 24,Africa,3921390,1836103,282,53,6254040,181352,250434,8.24,1
Feb-2024,FIFA 24,Africa,4032728,1913334,289,53,8815509,267906,256097,12.62,4
Feb-2024,FIFA 24,Africa,3861756,1844704,260,53,5973500,459426,173993,17.24,4
Feb-2024,FIFA 24,Africa,3901192,1747470,272,47,9023937,391316,158045,5.82,4
Feb-2024,FIFA 24,Africa,4197905,1619757,253,50,10293954,512819,225484,13.67,4
Feb-2024,FIFA 24,Africa,3701941,1747488,267,56,7692006,261423,161853,13.01,0
Feb-2024,FIFA 24,Africa,3502122,1882141,260,51,7171889,290830,186723,18.24,0
Feb-2024,FIFA 24,Africa,3593641,1791431,257,53,8674245,310209,229182,15.15,0
Feb-2024,FIFA 24,Africa,3958640,1945382,261,51,6720670,442319,201375,5.23,1
Feb-2024,FIFA 24,Africa,4056647,1868361,274,52,9024991,423284,227556,8.74,1
Feb-2024,FIFA 24,Africa,3846031,1619857,259,50,8451320,439870,221583,14.23,1
Feb-2024,FIFA 24,Africa,4068554,1852417,258,53,8385274,380103,221182,24.66,5
Feb-2024,FIFA 24,Africa,4064474,1685492,260,47,7744857,461770,179469,16.68,3
Feb-2024,FIFA 24,Africa,4002021,1885171,253,52,6957681,430063,133144,9.13,4
Feb-2024,FIFA 24,Africa,3836586,1733660,263,50,8842844,471385,254409,8.03,4
Feb-2024,FIFA 24,Oceania,4301834,1706013,262,51,8535434,269062,253052,17.24,2
Feb-2024,FIFA 24,Oceania,3948801,1983325,267,52,6289898,497471,226187,10.9,2
Feb-2024,FIFA 24,Oceania,3790634,1777592,251,50,8016225,334237,233254,20.9,1
Feb-2024,FIFA 24,Oceania,3793603,1657431,266,57,6740139,279908,178102,14.81,5
Feb-2024,FIFA 24,Oceania,3835059,1780528,260,46,7873781,461372,193901,22.33,4
Feb-2024,FIFA 24,Oceania,4104967,1712515,264,51,8900749,347205,262937,8.26,2
Feb-2024,FIFA 24,Oceania,4054493,1825179,268,52,7753845,330546,167752,12.21,4
Feb-2024,FIFA 24,Oceania,4242292,1884863,250,53,7908074,493762,243218,7.71,4
Feb-2024,FIFA 24,Oceania,3919794,1848445,267,53,7376909,344823,186393,13.66,2
Feb-2024,FIFA 24,Oceania,4235158,1863505,258,48,9307957,517647,135105,24.28,1
Feb-2024,FIFA 24,Oceania,4194499,1653902,273,52,6434766,511631,244089,22.9,4
Feb-2024,FIFA 24,Oceania,3997672,1653489,275,56,7055553,281191,231364,11.34,0
Feb-2024,FIFA 24,Oceania,3905207,1788856,251,52,9664830,625306,245650,24.41,1
Feb-2024,FIFA 24,Oceania,4190027,1812716,263,49,9546604,334017,216751,13.65,5
Feb-2024,FIFA 24,Oceania,3734402,1889885,255,52,8645660,320348,154265,6.79,1
Feb-2024,FIFA 24,Oceania,4218793,1790267,249,55,9556727,389932,196012,11.64,0
Feb-2024,FIFA 24,Oceania,3999843,1833492,241,46,6519248,350598,234478,7.01,2
Feb-2024,FIFA 24,Oceania,4364155,1801212,245,52,10631766,399340,210477,18.53,5
Feb-2024,FIFA 24,Oceania,4017162,1892316,267,52,7796770,428904,150359,20.11,4
Feb-2024,FIFA 24,Oceania,3952696,1859286,267,49,8556151,332328,197041,24.62,5
Mar-2024,FIFA 24,NA,3935944,1861890,249,49,9468800,524209,178013,10.29,4
Mar-2024,FIFA 24,NA,4088435,1905490,248,47,9614700,504827,129743,21.53,1
Mar-2024,FIFA 24,NA,3983910,1920201,256,52,7021940,428855,208073,12.83,1
Mar-2024,FIFA 24,NA,3872570,1990485,275,56,8915172,509615,140658,11.72,0
Mar-2024,FIFA 24,NA,4090845,1797584,273,52,8414042,573463,132453,9.63,1
Mar-2024,FIFA 24,NA,3708111,1819459,269,55,8423325,330114,212378,7.0,0
Mar-2024,FIFA 24,NA,3792406,1808558,286,49,6504744,495711,232110,17.58,2
Mar-2024,FIFA 24,NA,4479390,1862583,245,58,7364786,350303,239671,7.35,3
Mar-2024,FIFA 24,NA,4031905,1789728,309,53,8107948,439532,160819,7.79,2
Mar-2024,FIFA 24,NA,3945573,1840126,265,50,8290225,378380,258112,8.78,5
Mar-2024,FIFA 24,NA,3663163,1726730,272,51,5542806,357848,217472,23.72,5
Mar-2024,FIFA 24,NA,3849291,1848141,269,51,6649969,337488,202599,12.17,1
Mar-2024,FIFA 24,NA,3714824,1733547,269,51,7449935,347178,193720,9.13,4
Mar-2024,FIFA 24,NA,4275954,1848291,263,49,10685717,368885,261841,12.52,4
Mar-2024,FIFA 24,NA,3602956,1804117,258,52,6471369,319708,155497,5.25,3
Mar-2024,FIFA 24,NA,3984030,1996620,253,50,9734043,387026,185544,22.48,4
Mar-2024,FIFA 24,NA,4002935,1769515,268,53,8095404,477247,172042,13.18,4
Mar-2024,FIFA 24,NA,3967297,1915005,272,55,9808495,471305,245471,15.45,0
Mar-2024,FIFA 24,NA,3950458,1842907,254,52,7448906,441689,235844,7.09,4
Mar-2024,FIFA 24,NA,3889948,1665976,252,52,9679395,373723,252735,8.85,5
Mar-2024,FIFA 24,EU,4049916,1786391,273,53,9768681,311474,179815,23.08,0
Mar-2024,FIFA 24,EU,4135312,1777364,256,44,7926184,505432,209735,5.67,5
Mar-2024,FIFA 24,EU,3787908,1810468,267,48,9217381,463442,180808,10.24,2
Mar-2024,FIFA 24,EU,4004419,1758516,270,55,6123995,397479,227011,21.62,3
Mar-2024,FIFA 24,EU,3965569,1796572,246,51,7592887,382567,128963,12.52,2
Mar-2024,FIFA 24,EU,3642696,1905910,276,54,8509892,389895,253539,20.86,0
Mar-2024,FIFA 24,EU,4073089,1686764,245,53,7844274,396133,143836,21.14,1
Mar-2024,FIFA 24,EU,4071989,1642208,269,49,8333309,339723,223250,5.44,4
Mar-2024,FIFA 24,EU,4295115,1812017,258,52,9884092,473033,160919,12.48,3
Mar-2024,FIFA 24,EU,4422420,1818907,264,55,8013089,650653,205556,7.34,1
Mar-2024,FIFA 24,EU,3916752,1880704,271,51,9333302,408897,187179,24.77,2
Mar-2024,FIFA 24,EU,3917931,1888642,259,57,8089888,526108,238837,12.1,2
Mar-2024,FIFA 24,EU,3738928,1829333,252,52,7072703,370668,150834,19.14,4
Mar-2024,FIFA 24,EU,3925425,1808587,258,48,7076326,363981,215112,8.43,4
Mar-2024,FIFA 24,EU,4258885,1733055,278,49,8052847,420813,196072,19.3,5
Mar-2024,FIFA 24,EU,4106713,1807591,283,48,6350794,438280,163486,24.16,1
Mar-2024,FIFA 24,EU,4127609,1879321,275,50,8837761,434618,183730,12.22,3
Mar-2024,FIFA 24,EU,3532184,1716980,298,53,5666177,322997,195006,17.16,5
Mar-2024,FIFA 24,EU,4082000,1874953,247,51,8200934,348104,253059,23.17,3
Mar-2024,FIFA 24,EU,3936920,1833217,252,57,7806029,359935,143924,9.39,4
Mar-2024,FIFA 24,Asia,4042567,1852294,251,54,9527749,463226,215948,5.5,2
Mar-2024,FIFA 24,Asia,3792648,1870701,256,49,8033576,411769,212810,11.11,0
Mar-2024,FIFA 24,Asia,4367806,1839244,272,52,8599426,511194,207497,18.93,1
Mar-2024,FIFA 24,Asia,3876040,1827677,265,54,7443055,353836,140507,9.92,5
Mar-2024,FIFA 24,Asia,3987354,1783128,263,52,9360818,453584,186839,18.44,3
Mar-2024,FIFA 24,Asia,3845488,1809123,256,56,7581514,383323,167386,7.51,4
Mar-2024,FIFA 24,Asia,4088952,1823937,275,52,9915511,406119,239052,19.46,5
Mar-2024,FIFA 24,Asia,4094431,1842485,264,50,8986077,363375,209209,16.03,5
Mar-2024,FIFA 24,Asia,4182341,1752366,259,54,8132162,459120,202665,24.2,3
Mar-2024,FIFA 24,Asia,3948981,1739170,272,57,6869323,277031,193802,23.4,4
Mar-2024,FIFA 24,Asia,4174742,2111634,248,50,8059462,236133,220958,8.76,1
Mar-2024,FIFA 24,Asia,3962144,1884047,271,49,7883690,305140,209970,12.29,2
Mar-2024,FIFA 24,Asia,3999796,1780321,257,55,9783859,441585,208130,17.4,1
Mar-2024,FIFA 24,Asia,3925231,1928103,284,50,7815546,357884,184917,11.82,3
Mar-2024,FIFA 24,Asia,4122545,1612122,298,52,6915844,493015,171571,24.5,4
Mar-2024,FIFA 24,Asia,3972658,1910928,280,51,7193055,395195,160479,12.88,2
Mar-2024,FIFA 24,Asia,3980732,1944126,259,52,9301294,361209,148547,14.66,5
Mar-2024,FIFA 24,Asia,3965264,1886962,263,47,9245527,437865,173218,7.74,0
Mar-2024,FIFA 24,Asia,3729091,1769239,264,51,7283514,425880,146741,10.92,1
Mar-2024,FIFA 24,Asia,3830040,1835950,252,47,7404602,362808,192463,10.91,0
Mar-2024,FIFA 24,South America,3870067,1837953,280,46,6421959,327388,229986,18.81,5
Mar-2024,FIFA 24,South America,3965421,1876696,263,54,6423709,317004,307066,19.14,5
Mar-2024,FIFA 24,South America,4130448,1992631,265,53,6624013,280925,214045,18.47,4
Mar-2024,FIFA 24,South America,4026543,1954847,279,52,7165739,291585,257223,11.98,5
Mar-2024,FIFA 24,South America,4083384,1916216,263,51,6901904,583662,165123,22.57,3
Mar-2024,FIFA 24,South America,4114080,1801676,296,55,7378681,433732,156973,19.24,3
Mar-2024,FIFA 24,South America,3738125,1952658,221,54,8059937,332010,149943,22.19,2
Mar-2024,FIFA 24,South America,3996824,1826702,239,54,8600033,427836,226897,23.82,4
Mar-2024,FIFA 24,South America,3817753,1745928,257,49,5838563,378296,226034,11.59,1
Mar-2024,FIFA 24,South America,4330381,1974343,275,50,8631832,372582,236336,16.52,1
Mar-2024,FIFA 24,South America,4032810,1893532,247,46,7042624,502398,148744,23.53,5
Mar-2024,FIFA 24,South America,4083664,1646129,254,48,7068593,351728,184105,20.25,2
Mar-2024,FIFA 24,South America,3917277,1698384,272,49,6707080,290633,275105,14.5,1
Mar-2024,FIFA 24,South America,3884481,1880011,272,57,5972080,404140,165846,5.86,2
Mar-2024,FIFA 24,South America,3961983,2030846,272,53,7608924,377987,205741,5.04,5
Mar-2024,FIFA 24,South America,3809871,1631267,289,55,5783586,469063,216471,15.59,0
Mar-2024,FIFA 24,South America,4353249,1973341,245,47,9621234,449243,250991,23.47,4
Mar-2024,FIFA 24,South America,3736409,1947756,254,55,8319497,290083,240042,24.41,0
Mar-2024,FIFA 24,South America,3852454,1859390,246,46,6689182,359259,168813,24.21,5
Mar-2024,FIFA 24,South America,4130150,1926275,260,53,7325865,388335,237630,22.84,2
Mar-2024,FIFA 24,Africa,4153665,1850660,285,51,10364958,351767,190490,6.05,2
Mar-2024,FIFA 24,Africa,3952932,1857033,295,53,8907442,411484,248082,12.47,5
Mar-2024,FIFA 24,Africa,3802905,1785456,268,56,9008342,360881,175706,8.56,0
Mar-2024,FIFA 24,Africa,3883685,1600424,277,51,6920539,401758,186861,15.8,1
Mar-2024,FIFA 24,Africa,4162486,1711869,286,51,8749731,330542,319310,8.71,1
Mar-2024,FIFA 24,Africa,3932413,1790709,264,56,8746544,381061,223397,21.72,3
Mar-2024,FIFA 24,Africa,3805010,1716221,247,48,6148812,405962,208832,20.43,3
Mar-2024,FIFA 24,Africa,4285660,1949720,285,53,9467586,492585,165013,19.3,1
Mar-2024,FIFA 24,Africa,3848724,1797416,267,56,9533551,360004,192951,10.83,2
Mar-2024,FIFA 24,Africa,4019648,1751356,258,51,9825720,531705,188526,8.0,3
Mar-2024,FIFA 24,Africa,3738087,1922906,266,51,6062203,409970,224023,23.1,3
Mar-2024,FIFA 24,Africa,3950786,1758188,227,55,7618271,525954,116624,15.0,4
Mar-2024,FIFA 24,Africa,3554798,1807788,295,50,6095678,420214,205824,23.16,3
Mar-2024,FIFA 24,Africa,4352729,1799350,239,54,6738439,415518,243769,11.93,4
Mar-2024,FIFA 24,Africa,4042308,1769963,270,48,10001565,452696,242074,17.82,3
Mar-2024,FIFA 24,Africa,4446575,1812108,257,50,11075637,326986,183650,5.7,5
Mar-2024,FIFA 24,Africa,4052470,1825847,286,51,10073472,464529,203996,12.01,0
Mar-2024,FIFA 24,Africa,4148727,1769235,257,50,8208534,496673,195922,15.78,1
Mar-2024,FIFA 24,Africa,3964099,1803520,264,47,8531997,479026,224899,20.21,0
Mar-2024,FIFA 24,Africa,3981463,1809892,269,48,9322277,453633,267303,24.28,5
Mar-2024,FIFA 24,Oceania,3900793,1914015,267,56,8033294,503173,129751,6.43,5
Mar-2024,FIFA 24,Oceania,3752576,1910549,275,49,6817867,319969,201135,20.77,4
Mar-2024,FIFA 24,Oceania,3897821,1893269,277,51,6808828,419139,212911,24.01,1
Mar-2024,FIFA 24,Oceania,4094428,1890035,267,51,9594327,372129,178401,9.3,1
Mar-2024,FIFA 24,Oceania,3997626,1903689,266,51,6220673,348623,250340,12.46,0
Mar-2024,FIFA 24,Oceania,3936219,1760647,249,53,9623332,351850,139442,13.27,2
Mar-2024,FIFA 24,Oceania,4451635,1960485,234,54,7471123,288940,271981,10.23,0
Mar-2024,FIFA 24,Oceania,3824981,1949944,245,51,6343402,423034,201328,20.12,4
Mar-2024,FIFA 24,Oceania,4205251,1785853,278,54,7979547,330949,153555,7.29,5
Mar-2024,FIFA 24,Oceania,3828132,1774938,277,52,5790211,478699,192804,24.39,2
Mar-2024,FIFA 24,Oceania,4349207,1928552,267,56,7077043,407410,298821,6.31,0
Mar-2024,FIFA 24,Oceania,3809413,1861998,272,48,6812894,337273,192192,15.12,5
Mar-2024,FIFA 24,Oceania,3861386,1775300,262,55,8302259,390811,187705,22.11,5
Mar-2024,FIFA 24,Oceania,4226349,1825619,264,47,8578359,232780,199066,5.14,4
Mar-2024,FIFA 24,Oceania,4003743,1798037,264,53,8732392,292045,222961,19.55,3
Mar-2024,FIFA 24,Oceania,3979170,1860981,276,51,7145766,437320,171473,15.11,4
Mar-2024,FIFA 24,Oceania,4021408,1572825,261,55,8983412,314065,197608,20.0,4
Mar-2024,FIFA 24,Oceania,4213816,1842878,263,55,7909799,417273,262595,23.29,3
Mar-2024,FIFA 24,Oceania,3883672,1829967,274,52,6826241,391310,241416,15.62,2
Mar-2024,FIFA 24,Oceania,3963355,1737421,266,54,9749268,341766,199800,15.8,3
Apr-2024,FIFA 24,NA,3980793,1746702,268,55,6129046,412930,194968,7.6,2
Apr-2024,FIFA 24,NA,3733719,1928076,290,51,6829425,346701,169338,16.52,5
Apr-2024,FIFA 24,NA,3792787,1980139,275,52,8000245,381510,199808,24.0,2
Apr-2024,FIFA 24,NA,3985700,1704885,265,52,6779777,424617,232235,17.15,2
Apr-2024,FIFA 24,NA,4267667,1781040,281,51,6948086,492032,247077,22.35,1
Apr-2024,FIFA 24,NA,4476284,1739033,279,55,10198209,561170,202109,6.55,0
Apr-2024,FIFA 24,NA,3587593,1863004,268,47,7380068,355421,152440,15.91,3
Apr-2024,FIFA 24,NA,3838811,1811172,269,57,7768970,273871,160488,17.3,4
Apr-2024,FIFA 24,NA,4100845,1932443,250,50,8780313,289920,138323,21.35,2
Apr-2024,FIFA 24,NA,3780510,1837053,255,52,7965768,332604,164937,17.32,0
Apr-2024,FIFA 24,NA,3890804,1825906,236,55,7221295,385606,169344,21.48,1
Apr-2024,FIFA 24,NA,4168840,1751334,260,50,7913112,430520,183423,15.12,0
Apr-2024,FIFA 24,NA,4251126,1769793,260,50,10294747,407637,230150,15.21,2
Apr-2024,FIFA 24,NA,4251682,1894900,262,53,10426434,429959,200990,13.78,2
Apr-2024,FIFA 24,NA,4330059,1868151,262,51,10023279,429351,93897,7.92,4
Apr-2024,FIFA 24,NA,4408273,1928934,252,51,10325840,491936,287227,21.43,0
Apr-2024,FIFA 24,NA,4274536,1785615,277,54,8148448,416125,267395,7.65,4
Apr-2024,FIFA 24,NA,3807365,1912433,267,56,8856957,335728,180280,14.88,1
Apr-2024,FIFA 24,NA,3670794,1960714,283,51,8900667,295733,171627,18.27,5
Apr-2024,FIFA 24,NA,3892990,1886074,227,52,5873536,363540,181201,5.77,3
Apr-2024,FIFA 24,EU,3994258,1937039,281,49,9857327,367582,192047,13.3,2
Apr-2024,FIFA 24,EU,3930345,1970275,265,50,7986782,348398,235142,19.47,3
Apr-2024,FIFA 24,EU,3988355,1884551,263,56,9157685,477986,220915,24.4,2
Apr-2024,FIFA 24,EU,4674950,1800487,257,59,7089551,449307,298615,24.9,5
Apr-2024,FIFA 24,EU,3828830,1799901,240,50,6728479,383524,127571,21.48,0
Apr-2024,FIFA 24,EU,4163549,1920297,235,50,7588162,471683,192609,17.37,4
Apr-2024,FIFA 24,EU,4131325,1846024,267,52,10035788,322620,216337,20.13,1
Apr-2024,FIFA 24,EU,3445638,1883127,282,51,8345878,345641,189213,10.52,0
Apr-2024,FIFA 24,EU,4037740,1884492,270,51,8390857,416857,171373,24.16,1
Apr-2024,FIFA 24,EU,4131272,1776637,286,45,8766067,440228,236281,13.88,0
Apr-2024,FIFA 24,EU,3964598,1869767,273,52,7318854,461620,136290,12.7,5
Apr-2024,FIFA 24,EU,3992749,1942467,234,55,6692429,495590,124172,5.56,1
Apr-2024,FIFA 24,EU,4193723,1703045,255,55,6911692,324474,194648,13.17,3
Apr-2024,FIFA 24,EU,4051903,1744119,255,50,9369783,477149,215787,8.79,5
Apr-2024,FIFA 24,EU,4253771,1851385,269,53,7485863,378575,247917,17.57,5
Apr-2024,FIFA 24,EU,3786126,1765422,250,54,6435080,530575,154312,17.48,0
Apr-2024,FIFA 24,EU,3944379,1718848,265,56,8683458,360614,196416,17.84,5
Apr-2024,FIFA 24,EU,3770684,1853703,250,51,7094616,385639,189255,16.71,5
Apr-2024,FIFA 24,EU,4071644,1726967,262,58,9742559,517823,228635,13.18,5
Apr-2024,FIFA 24,EU,3724506,1848831,278,55,9214260,434936,231592,20.48,3
Apr-2024,FIFA 24,Asia,3819593,1820145,261,49,8206187,545631,178329,17.06,4
Apr-2024,FIFA 24,Asia,4085309,1668575,272,53,9735766,311197,197853,7.37,0
Apr-2024,FIFA 24,Asia,4020665,1888521,290,51,6056835,290853,246120,12.78,3
Apr-2024,FIFA 24,Asia,3718935,1844931,251,57,6586875,295771,238669,14.34,4
Apr-2024,FIFA 24,Asia,4191479,1805237,241,54,8851395,403293,187095,6.78,1
Apr-2024,FIFA 24,Asia,3950318,1840733,256,54,6229848,241143,233001,22.34,0
Apr-2024,FIFA 24,Asia,4007655,1681147,257,49,8255082,334223,162711,7.49,3
Apr-2024,FIFA 24,Asia,4050845,1996334,284,53,9237970,322919,201829,15.15,4
Apr-2024,FIFA 24,Asia,3967687,1837809,274,49,9294121,369002,147861,10.48,3
Apr-2024,FIFA 24,Asia,3992034,1898076,230,49,6466814,360262,162013,5.35,2
Apr-2024,FIFA 24,Asia,3693315,1731954,245,52,9098648,426823,267407,20.25,4
Apr-2024,FIFA 24,Asia,4100660,1757225,273,52,9042639,308677,96899,8.29,4
Apr-2024,FIFA 24,Asia,4027445,1796324,253,54,6776617,335103,243038,19.8,0
Apr-2024,FIFA 24,Asia,4184445,1745920,258,45,6754923,412753,186235,9.39,3
Apr-2024,FIFA 24,Asia,3751911,1809022,275,50,5767527,343145,192951,9.18,3
Apr-2024,FIFA 24,Asia,4140683,2004304,253,51,10347822,525142,204119,5.82,0
Apr-2024,FIFA 24,Asia,4121497,1895219,244,50,8780061,464593,190876,7.36,2
Apr-2024,FIFA 24,Asia,3991743,1944671,276,48,6091650,406609,246136,10.63,4
Apr-2024,FIFA 24,Asia,3563078,1922561,294,51,5524962,336224,156350,22.43,4
Apr-2024,FIFA 24,Asia,3820735,1857144,263,52,6840824,556055,233086,12.67,2
Apr-2024,FIFA 24,South America,4191547,1788680,272,45,8380805,326929,205355,9.08,4
Apr-2024,FIFA 24,South America,3729997,1729183,283,51,8872464,332082,190110,19.21,2
Apr-2024,FIFA 24,South America,4021144,1776984,290,51,7987016,301229,274362,9.64,5
Apr-2024,FIFA 24,South America,4065009,1870902,272,56,6868511,409822,198435,7.48,1
Apr-2024,FIFA 24,South America,3770012,1849231,250,50,9018763,441512,204812,20.51,0
Apr-2024,FIFA 24,South America,3573097,2018339,268,51,8389378,301917,202369,11.66,3
Apr-2024,FIFA 24,South America,4071001,2069955,244,48,6218431,493887,126654,12.6,5
Apr-2024,FIFA 24,South America,3760926,1775634,256,50,9381718,304698,159005,22.76,2
Apr-2024,FIFA 24,South America,4155489,1819397,258,58,9917788,468233,183543,13.66,0
Apr-2024,FIFA 24,South America,3899509,1897471,264,47,6900602,452532,187231,24.35,5
Apr-2024,FIFA 24,South America,3908226,1706755,247,56,8710756,327823,206159,5.36,1
Apr-2024,FIFA 24,South America,3846413,1834979,264,50,6977140,409792,164686,9.77,1
Apr-2024,FIFA 24,South America,3835978,1944132,269,50,6649884,408364,177111,18.78,3
Apr-2024,FIFA 24,South America,3786119,1751255,281,51,8253008,538664,232113,13.04,2
Apr-2024,FIFA 24,South America,3466494,1918174,278,48,7208299,312098,217836,5.28,3
Apr-2024,FIFA 24,South America,4172318,1850887,254,53,8270704,364510,251708,24.99,0
Apr-2024,FIFA 24,South America,4106579,1712799,252,51,10090617,492770,155014,24.1,4
Apr-2024,FIFA 24,South America,3776587,1892583,263,53,8612894,402229,210089,22.56,5
Apr-2024,FIFA 24,South America,4049106,1835119,268,51,9380973,430729,221132,15.72,5
Apr-2024,FIFA 24,South America,3841847,1807474,262,54,8423893,386142,269288,21.43,1
Apr-2024,FIFA 24,Africa,3914218,1778286,275,51,6158619,408196,154049,10.49,0
Apr-2024,FIFA 24,Africa,3348400,1907646,255,48,7705160,314230,227101,10.8,4
Apr-2024,FIFA 24,Africa,3675158,1905687,286,53,5948614,370851,152034,24.12,0
Apr-2024,FIFA 24,Africa,3742242,1833397,271,53,8617515,334705,220988,11.05,4
Apr-2024,FIFA 24,Africa,4068693,1687806,296,53,9884355,317614,156762,23.68,1
Apr-2024,FIFA 24,Africa,3756633,1643271,269,60,7838869,273829,108649,15.32,1
Apr-2024,FIFA 24,Africa,3887129,1999871,277,51,6006555,546726,159770,9.58,4
Apr-2024,FIFA 24,Africa,3802540,1675083,257,55,9104054,298935,169388,23.87,4
Apr-2024,FIFA 24,Africa,4237615,1821705,273,49,10488615,375402,131860,21.19,1
Apr-2024,FIFA 24,Africa,3904173,1808119,266,54,9718138,339106,182994,15.45,3
Apr-2024,FIFA 24,Africa,3845233,1967411,268,58,9203214,328728,196284,18.45,5
Apr-2024,FIFA 24,Africa,4071034,1927085,231,51,6933945,393190,241913,7.06,3
Apr-2024,FIFA 24,Africa,4215978,1913074,263,51,7557289,371598,220011,9.87,3
Apr-2024,FIFA 24,Africa,4228003,1791420,259,52,7794323,519169,141257,8.21,1
Apr-2024,FIFA 24,Africa,3961651,1690613,271,50,9652807,328434,153135,24.23,0
Apr-2024,FIFA 24,Africa,4197888,1996819,272,52,6494303,510182,242018,11.02,0
Apr-2024,FIFA 24,Africa,3802987,1872836,273,48,5969415,485628,219390,20.21,2
Apr-2024,FIFA 24,Africa,3554730,1818666,284,56,7162869,433340,166023,20.22,1
Apr-2024,FIFA 24,Africa,3897510,1851578,251,55,6986623,335619,124917,17.25,4
Apr-2024,FIFA 24,Africa,4319257,1873186,264,51,6764011,346385,147368,23.55,5
Apr-2024,FIFA 24,Oceania,3901320,1638300,238,50,8783999,493595,173341,17.47,2
Apr-2024,FIFA 24,Oceania,4365649,1881880,249,49,10628406,462713,199869,12.3,2
Apr-2024,FIFA 24,Oceania,4103258,1770218,259,56,8192054,348274,171835,10.71,1
Apr-2024,FIFA 24,Oceania,3905483,1832447,254,57,6982624,418894,213163,10.44,4
Apr-2024,FIFA 24,Oceania,3956703,1804279,280,47,7055836,376877,274202,23.48,3
Apr-2024,FIFA 24,Oceania,3988829,1817370,227,48,6636003,358562,261880,9.59,3
Apr-2024,FIFA 24,Oceania,4092657,1720428,273,53,8125664,427863,185660,8.81,2
Apr-2024,FIFA 24,Oceania,3768871,1910959,249,56,7851062,314127,217487,12.83,4
Apr-2024,FIFA 24,Oceania,4466668,1823676,245,48,10609748,388394,205441,24.07,4
Apr-2024,FIFA 24,Oceania,3673989,1699663,252,55,6836270,384851,146094,16.97,5
Apr-2024,FIFA 24,Oceania,3733476,1648089,246,57,8145866,358556,168048,24.01,2
Apr-2024,FIFA 24,Oceania,4077804,1604475,263,52,6867509,488534,259532,15.76,3
Apr-2024,FIFA 24,Oceania,4053913,1790343,259,52,7023116,316822,209751,19.96,0
Apr-2024,FIFA 24,Oceania,4226114,1810179,285,47,8767972,393235,164309,11.79,2
Apr-2024,FIFA 24,Oceania,4095354,1705521,252,58,10206238,396331,196478,12.26,1
Apr-2024,FIFA 24,Oceania,4353027,1770361,263,56,7960971,316879,163197,17.57,2
Apr-2024,FIFA 24,Oceania,4284729,1796067,303,52,7780480,443839,206551,7.98,5
Apr-2024,FIFA 24,Oceania,4395920,1907132,258,54,9630916,351037,234711,12.92,3
Apr-2024,FIFA 24,Oceania,4434361,1787799,251,55,9649814,316709,300215,9.99,3
Apr-2024,FIFA 24,Oceania,4300471,1778001,264,50,9772611,383497,198324,14.4,5
May-2024,FIFA 24,NA,4398048,1912455,278,50,9259568,593337,277593,24.07,4
May-2024,FIFA 24,NA,3593695,1728238,249,55,6710626,252789,195520,9.89,2
May-2024,FIFA 24,NA,4059583,1815232,272,49,9598237,450505,245620,7.38,1
May-2024,FIFA 24,NA,4095073,1835318,271,52,10133500,498265,160290,20.84,3
May-2024,FIFA 24,NA,3703865,1870667,243,56,9034587,412838,218211,20.33,2
May-2024,FIFA 24,NA,4310891,1765565,298,49,10071644,224888,214141,17.05,1
May-2024,FIFA 24,NA,3777476,1736677,274,51,7758712,428172,208618,5.3,5
May-2024,FIFA 24,NA,4424860,1829416,248,46,6858139,456525,196881,10.97,1
May-2024,FIFA 24,NA,3681066,1839965,259,51,7196028,410320,197104,5.14,5
May-2024,FIFA 24,NA,4108671,1816148,276,45,10240679,356003,169380,14.71,1
May-2024,FIFA 24,NA,3827662,1895290,275,52,7308198,329689,166533,20.21,5
May-2024,FIFA 24,NA,4034198,1877596,273,50,6491796,385977,218742,19.94,0
May-2024,FIFA 24,NA,4027227,1863414,266,49,7196360,373033,236590,8.8,2
May-2024,FIFA 24,NA,4024347,1838886,264,51,9932416,386645,217709,24.93,3
May-2024,FIFA 24,NA,4207375,1789033,274,55,6896378,317272,148782,9.7,1
May-2024,FIFA 24,NA,3889603,1791033,269,50,9700293,225402,173263,22.43,1
May-2024,FIFA 24,NA,3759788,1809846,247,51,9039942,452972,203421,15.01,3
May-2024,FIFA 24,NA,3901704,1777893,312,54,6731390,334290,207037,12.51,4
May-2024,FIFA 24,NA,3901795,1797517,271,59,9355953,610418,231765,8.82,3
May-2024,FIFA 24,NA,4257931,1768713,269,52,6978541,374400,236792,13.97,0
May-2024,FIFA 24,EU,4253789,1774682,291,51,8801730,586149,157397,12.07,5
May-2024,FIFA 24,EU,4223219,1959699,261,50,8884622,386310,219303,23.4,4
May-2024,FIFA 24,EU,3971910,1954069,285,47,9332779,297408,192357,5.63,5
May-2024,FIFA 24,EU,3554610,1885266,247,52,7714441,277759,202996,13.41,1
May-2024,FIFA 24,EU,4043700,1862892,269,50,9826705,494830,176692,6.46,0
May-2024,FIFA 24,EU,4229848,1653509,250,49,7695491,242346,252065,12.01,2
May-2024,FIFA 24,EU,3938786,1754212,260,53,6501016,381947,197575,18.1,2
May-2024,FIFA 24,EU,4117615,1956488,255,53,8259477,522563,212398,10.33,2
May-2024,FIFA 24,EU,3988452,1906850,297,54,7515741,609087,147665,20.58,4
May-2024,FIFA 24,EU,4400402,1890236,249,49,8812987,299261,273075,23.87,1
May-2024,FIFA 24,EU,4280286,1831389,277,55,7439708,395136,210386,20.44,2
May-2024,FIFA 24,EU,3820795,1919641,293,52,7425810,273577,218990,10.3,3
May-2024,FIFA 24,EU,4004336,1812003,245,51,7174121,383222,97510,24.14,1
May-2024,FIFA 24,EU,4218387,1785616,249,51,9033721,519346,223103,22.6,4
May-2024,FIFA 24,EU,3800448,1914073,266,46,6971864,244615,140565,16.92,4
May-2024,FIFA 24,EU,3909281,1929845,281,57,6782411,352115,243048,22.41,2
May-2024,FIFA 24,EU,3903945,1812975,262,50,6392028,323512,261848,11.62,5
May-2024,FIFA 24,EU,4212417,2003285,280,53,8909117,472919,206215,17.92,2
May-2024,FIFA 24,EU,3930983,1700477,248,55,6498605,387508,157762,23.84,2
May-2024,FIFA 24,EU,4414867,1820858,255,50,7109249,498520,193561,15.35,5
May-2024,FIFA 24,Asia,4200654,1818132,291,50,9721794,382320,267984,12.69,2
May-2024,FIFA 24,Asia,3969070,1716943,277,53,9910384,387663,242304,13.03,1
May-2024,FIFA 24,Asia,4215724,1954504,240,50,8921427,391415,186164,13.58,3
May-2024,FIFA 24,Asia,4270588,1809239,254,54,7369750,557701,178931,18.98,5
May-2024,FIFA 24,Asia,4138060,1723019,242,46,8608826,569322,156089,24.8,2
May-2024,FIFA 24,Asia,3939287,2037983,279,47,8078072,472270,245884,21.47,5
May-2024,FIFA 24,Asia,3872679,1716418,281,56,8425566,300279,246931,9.05,0
May-2024,FIFA 24,Asia,3976586,1899340,273,49,7219337,332124,155443,20.2,0
May-2024,FIFA 24,Asia,4062158,1876871,275,48,8595773,557366,229581,11.38,4
May-2024,FIFA 24,Asia,4378905,1944545,281,50,9360598,420533,267647,11.42,4
May-2024,FIFA 24,Asia,4195998,1844603,268,52,8068227,383830,185273,5.87,5
May-2024,FIFA 24,Asia,3885179,1733904,300,48,7019399,237596,177195,13.82,5
May-2024,FIFA 24,Asia,4008590,1809272,249,48,8971908,494346,220680,24.7,1
May-2024,FIFA 24,Asia,4022546,1711944,288,48,8359891,431769,120652,20.7,2
May-2024,FIFA 24,Asia,3889795,1830651,241,48,9165758,406028,129262,20.7,2
May-2024,FIFA 24,Asia,3987350,1805713,279,55,7985812,427997,183335,22.34,1
May-2024,FIFA 24,Asia,4175000,1789865,292,57,6906359,458160,239817,16.55,5
May-2024,FIFA 24,Asia,3666501,1970603,270,48,7080085,419735,189165,21.78,2
May-2024,FIFA 24,Asia,4137657,1842632,262,46,8069912,357240,225939,22.38,2
May-2024,FIFA 24,Asia,4235398,1816611,251,53,9962121,382310,179285,17.98,4
May-2024,FIFA 24,South America,3991787,1787283,274,53,6312398,387969,234115,17.07,5
May-2024,FIFA 24,South America,4106234,1775111,258,47,7791734,419568,202766,17.11,4
May-2024,FIFA 24,South America,3986686,1902077,258,47,9471338,411781,155936,7.02,3
May-2024,FIFA 24,South America,4233480,1826671,241,50,10452377,309633,223483,7.1,4
May-2024,FIFA 24,South America,3869223,1779961,249,49,8250203,489648,104914,7.48,4
May-2024,FIFA 24,South America,4287293,1902283,264,54,10249965,461702,189425,6.86,3
May-2024,FIFA 24,South America,4023943,1739453,253,49,6250059,342866,208447,11.71,5
May-2024,FIFA 24,South America,3764410,1748722,255,50,8335501,364059,159479,5.49,4
May-2024,FIFA 24,South America,4140379,1861260,280,52,7060881,430717,131058,7.0,0
May-2024,FIFA 24,South America,4276585,1718097,296,53,9092391,501973,196382,18.6,5
May-2024,FIFA 24,South America,3761192,1883294,261,46,6535280,507580,123031,23.23,4
May-2024,FIFA 24,South America,3840913,1928143,249,52,7522435,240994,229029,24.87,0
May-2024,FIFA 24,South America,3820651,1752976,233,52,9407833,384040,161110,18.29,1
May-2024,FIFA 24,South America,4331866,1718780,263,49,9607633,378874,227618,17.48,4
May-2024,FIFA 24,South America,3638527,1735380,268,53,6746782,282586,150972,7.48,1
May-2024,FIFA 24,South America,4367326,1912095,290,54,9042513,444095,237580,24.11,0
May-2024,FIFA 24,South America,3968378,1929446,291,54,6095599,369780,212025,13.69,3
May-2024,FIFA 24,South America,3911099,1988812,279,54,6832353,279170,291638,16.23,0
May-2024,FIFA 24,South America,4012380,2007323,259,55,8528476,428237,241398,19.83,0
May-2024,FIFA 24,South America,3938765,1852330,278,44,6189200,346693,144371,21.03,2
May-2024,FIFA 24,Africa,4152341,1815755,253,54,8781821,285099,189184,14.76,3
May-2024,FIFA 24,Africa,3774437,1897499,270,54,7752839,416461,187816,5.91,3
May-2024,FIFA 24,Africa,3847439,1751028,277,55,6058967,441680,177145,9.69,3
May-2024,FIFA 24,Africa,4135126,1754471,307,56,10147189,474042,176527,8.2,1
May-2024,FIFA 24,Africa,3895427,1926861,270,50,8032729,508967,93918,22.43,0
May-2024,FIFA 24,Africa,3985854,1773721,263,52,9616774,472487,207104,14.26,1
May-2024,FIFA 24,Africa,4143734,1877748,265,48,6773782,456120,166187,20.12,1
May-2024,FIFA 24,Africa,3963153,1735410,277,54,6612345,305320,251738,5.92,0
May-2024,FIFA 24,Africa,4090723,1819170,254,50,9529903,484453,188727,21.06,2
May-2024,FIFA 24,Africa,3719716,1815117,275,47,6167535,371049,213957,10.39,4
May-2024,FIFA 24,Africa,3836797,1788248,264,57,8407656,471963,220014,10.17,4
May-2024,FIFA 24,Africa,3719393,1973978,285,50,8019772,279052,149337,13.0,0
May-2024,FIFA 24,Africa,3753885,1948770,268,55,8078056,357549,174547,21.7,1
May-2024,FIFA 24,Africa,3993145,1714910,262,52,7933740,427675,143614,15.77,1
May-2024,FIFA 24,Africa,4091113,2006099,244,47,8967026,481133,230493,13.0,2
May-2024,FIFA 24,Africa,4282307,1816800,252,50,8587424,515312,219981,9.84,4
May-2024,FIFA 24,Africa,4161998,1768109,261,52,8513542,425886,253586,6.44,1
May-2024,FIFA 24,Africa,4215024,1810634,247,49,8906715,462741,194831,24.55,3
May-2024,FIFA 24,Africa,3962329,1613498,269,57,8914187,262275,120744,15.71,3
May-2024,FIFA 24,Africa,4216806,1849404,237,50,8389119,307572,268124,24.22,4
May-2024,FIFA 24,Oceania,4069142,1790990,250,49,7308389,380170,149480,9.99,3
May-2024,FIFA 24,Oceania,3898899,1782747,263,52,9269308,433915,216963,15.99,5
May-2024,FIFA 24,Oceania,4035803,1888775,259,53,7055994,408033,245453,16.58,1
May-2024,FIFA 24,Oceania,4431176,2056278,264,53,10610747,471105,186981,11.92,0
May-2024,FIFA 24,Oceania,3989450,1874011,274,49,8587899,397402,140388,8.81,4
May-2024,FIFA 24,Oceania,4371876,1780378,220,54,10054696,449884,225653,20.34,0
May-2024,FIFA 24,Oceania,4067778,1829495,296,52,8144234,552006,184313,16.88,5
May-2024,FIFA 24,Oceania,4081369,1694797,256,44,6499867,484549,198893,7.69,0
May-2024,FIFA 24,Oceania,3931657,1684494,262,51,8583923,304443,217800,23.41,1
May-2024,FIFA 24,Oceania,4200815,1706159,274,55,6427075,433305,222568,18.46,2
May-2024,FIFA 24,Oceania,3837931,1955289,271,52,9557578,511502,208016,9.41,1
May-2024,FIFA 24,Oceania,3940088,1980590,252,54,8666766,367226,192231,11.37,5
May-2024,FIFA 24,Oceania,4087744,1895756,249,50,7189177,454404,193227,23.39,4
May-2024,FIFA 24,Oceania,3875941,1793749,267,53,8746260,368092,182948,19.8,4
May-2024,FIFA 24,Oceania,3820938,1922891,252,52,9032455,366958,198577,6.92,0
May-2024,FIFA 24,Oceania,4041666,1802840,276,49,9418475,385056,136659,22.95,3
May-2024,FIFA 24,Oceania,4024416,1871158,275,51,6046241,498997,203798,9.01,4
May-2024,FIFA 24,Oceania,4181702,1658472,241,55,6636555,424452,187999,24.67,3
May-2024,FIFA 24,Oceania,3927549,1853801,265,48,8129851,387703,145621,7.65,3
May-2024,FIFA 24,Oceania,3919792,1801060,278,53,7013771,450117,230527,6.65,4
Jun-2024,FIFA 24,NA,3857815,1678361,277,46,6942477,321884,164650,16.26,2
Jun-2024,FIFA 24,NA,4210687,1797820,264,53,8496220,391872,175091,21.44,2
Jun-2024,FIFA 24,NA,3909608,1846116,278,46,6949554,390769,233723,16.42,1
Jun-2024,FIFA 24,NA,3582343,1778157,245,50,5711575,366933,215425,19.93,4
Jun-2024,FIFA 24,NA,4437602,1675813,265,55,10825070,413803,162895,9.57,4
Jun-2024,FIFA 24,NA,3912037,1777960,247,50,6944140,396738,202486,14.31,3
Jun-2024,FIFA 24,NA,3942818,1813497,228,52,6082150,419617,231766,6.45,4
Jun-2024,FIFA 24,NA,4003221,1963520,259,52,7207010,454907,196279,11.01,5
Jun-2024,FIFA 24,NA,3748238,1769022,285,51,8376516,372340,147122,10.91,3
Jun-2024,FIFA 24,NA,3734691,1879430,267,52,8473604,469543,183841,21.52,4
Jun-2024,FIFA 24,NA,4078495,1870968,246,54,6314067,400163,207305,23.59,3
Jun-2024,FIFA 24,NA,3615373,1727656,272,52,7601345,347969,126367,24.83,4
Jun-2024,FIFA 24,NA,4034683,1848516,246,52,8394304,289739,186168,17.26,2
Jun-2024,FIFA 24,NA,4067431,1723711,269,53,6977820,328576,205528,5.49,1
Jun-2024,FIFA 24,NA,4183944,1846702,295,51,8197408,536572,178538,12.76,1
Jun-2024,FIFA 24,NA,3967622,1705564,267,56,8743917,352253,222623,18.2,2
Jun-2024,FIFA 24,NA,4210558,1787021,247,56,8908238,319955,250475,20.99,4
Jun-2024,FIFA 24,NA,3761647,1850210,259,51,9383322,442772,161549,7.39,0
Jun-2024,FIFA 24,NA,4340161,1932454,278,52,6907367,486805,272794,24.85,2
Jun-2024,FIFA 24,NA,3715424,1703651,292,54,5823890,525164,220547,7.37,5
Jun-2024,FIFA 24,EU,4232625,1893013,248,48,6712416,390162,264746,11.84,4
Jun-2024,FIFA 24,EU,4189440,1933712,262,53,6998211,453845,229308,16.05,2
Jun-2024,FIFA 24,EU,4027393,1831894,250,51,6348941,345049,165384,18.31,0
Jun-2024,FIFA 24,EU,4174626,1808116,270,54,6930643,418990,177026,19.26,0
Jun-2024,FIFA 24,EU,3901119,1687964,275,52,8492708,464400,243799,13.6,2
Jun-2024,FIFA 24,EU,3914607,1723656,286,53,9043392,432945,167123,23.75,5
Jun-2024,FIFA 24,EU,3990920,1746423,290,50,9308174,465860,195381,6.49,3
Jun-2024,FIFA 24,EU,4193350,1866607,278,51,6843472,416081,211763,20.03,0
Jun-2024,FIFA 24,EU,3950998,1718086,251,52,9251279,458800,228462,14.43,1
Jun-2024,FIFA 24,EU,4038095,1852050,263,46,6415923,284801,230434,24.13,3
Jun-2024,FIFA 24,EU,3821165,1861814,262,52,8690601,223566,217450,22.11,0
Jun-2024,FIFA 24,EU,3724728,1645918,287,53,7420166,186856,192671,12.05,1
Jun-2024,FIFA 24,EU,3923591,1785084,268,50,8687038,371310,200758,21.65,1
Jun-2024,FIFA 24,EU,4194940,1890750,268,46,8765473,324138,166813,19.35,1
Jun-2024,FIFA 24,EU,4089970,1664753,279,53,8034715,340301,224635,15.84,3
Jun-2024,FIFA 24,EU,4358365,1846437,237,54,9714285,385892,182850,23.85,5
Jun-2024,FIFA 24,EU,4193494,1811442,280,53,6759402,319528,205152,7.14,0
Jun-2024,FIFA 24,EU,4153780,1830556,265,47,8455869,370907,214031,13.04,5
Jun-2024,FIFA 24,EU,4250695,1671974,265,50,9475081,444042,284417,23.58,1
Jun-2024,FIFA 24,EU,3801421,1889119,266,54,5739267,468978,168931,14.43,2
Jun-2024,FIFA 24,Asia,4044400,1857354,269,51,8551883,394815,243990,15.12,4
Jun-2024,FIFA 24,Asia,3990895,1814808,265,58,6448614,300975,181504,13.5,5
Jun-2024,FIFA 24,Asia,3766809,1950668,243,50,6830932,361970,172735,20.66,5
Jun-2024,FIFA 24,Asia,3705162,1752935,285,49,6980477,269190,189287,8.82,2
Jun-2024,FIFA 24,Asia,3823726,2045384,277,52,7203443,394805,187419,12.17,5
Jun-2024,FIFA 24,Asia,4073130,1927391,246,54,8095187,350985,226686,12.92,2
Jun-2024,FIFA 24,Asia,3975725,1730060,275,56,6694130,421214,218205,24.63,0
Jun-2024,FIFA 24,Asia,3987122,1903254,283,51,6457916,510461,198258,17.56,2
Jun-2024,FIFA 24,Asia,3716394,1758497,258,49,9016354,333177,189443,18.15,0
Jun-2024,FIFA 24,Asia,3964221,1732503,262,48,7468161,373135,179309,10.18,4
Jun-2024,FIFA 24,Asia,3622486,1717860,275,49,7279865,396334,122390,10.28,0
Jun-2024,FIFA 24,Asia,4099848,1751560,260,52,6475344,352927,202112,12.22,2
Jun-2024,FIFA 24,Asia,3930682,1880949,246,52,8170241,295489,228846,18.14,1
Jun-2024,FIFA 24,Asia,3659617,1771886,276,47,8747835,352838,202260,21.67,4
Jun-2024,FIFA 24,Asia,4081150,1860349,250,54,7839394,398506,198648,21.98,5
Jun-2024,FIFA 24,Asia,4020499,1719881,240,51,7966029,273351,243705,13.54,1
Jun-2024,FIFA 24,Asia,4121169,1659228,270,55,7912409,334847,264736,10.12,1
Jun-2024,FIFA 24,Asia,3775008,1946643,245,47,8011189,352565,192811,23.76,0
Jun-2024,FIFA 24,Asia,3974875,1758712,268,49,8402316,344010,214709,18.76,3
Jun-2024,FIFA 24,Asia,4247258,1719038,270,53,9382670,310963,179779,17.8,3
Jun-2024,FIFA 24,South America,4091194,1837670,270,51,7594366,269302,185216,22.77,3
Jun-2024,FIFA 24,South America,3917335,1683249,259,58,8272920,496302,161913,23.27,1
Jun-2024,FIFA 24,South America,4007846,1786342,243,51,8671554,412990,171858,7.11,3
Jun-2024,FIFA 24,South America,4110398,1793946,255,53,7271294,422520,215319,19.97,0
Jun-2024,FIFA 24,South America,4239613,1721258,271,50,8163728,394403,219792,19.17,1
Jun-2024,FIFA 24,South America,3814412,1720478,253,52,8958962,436920,277533,5.72,3
Jun-2024,FIFA 24,South America,3405590,1782862,282,51,8358717,145711,121530,5.16,0
Jun-2024,FIFA 24,South America,4212149,1856573,255,53,10461795,403895,212620,11.54,1
Jun-2024,FIFA 24,South America,4132984,1769308,259,56,7486322,307638,172294,7.49,2
Jun-2024,FIFA 24,South America,3736958,1875216,241,51,6513802,363877,200900,8.14,1
Jun-2024,FIFA 24,South America,4099378,1843501,276,50,6767711,411436,143034,17.91,5
Jun-2024,FIFA 24,South America,4141584,1916909,258,51,7352151,451734,249450,15.56,2
Jun-2024,FIFA 24,South America,3977340,1762069,248,53,8106447,293636,203587,19.31,4
Jun-2024,FIFA 24,South America,4078620,1776414,282,55,7089304,422504,238884,12.45,0
Jun-2024,FIFA 24,South America,4068030,1945377,277,50,6435401,406980,192783,9.39,5
Jun-2024,FIFA 24,South America,3858631,1652907,280,45,7911581,357941,121908,6.59,5
Jun-2024,FIFA 24,South America,3974279,1849653,253,46,6365892,302383,224414,18.11,3
Jun-2024,FIFA 24,South America,3659766,1749322,238,49,7688403,374580,201557,15.18,2
Jun-2024,FIFA 24,South America,3989570,1785368,288,56,7349739,307547,213159,12.24,5
Jun-2024,FIFA 24,South America,4072271,1745002,229,55,10108483,421164,228264,23.21,2
Jun-2024,FIFA 24,Africa,3937973,1751868,280,49,6219401,450097,189883,17.66,5
Jun-2024,FIFA 24,Africa,3920440,1791084,288,53,6416452,412646,189397,23.99,2
Jun-2024,FIFA 24,Africa,4246474,1699407,258,53,7388665,605815,282964,15.6,4
Jun-2024,FIFA 24,Africa,3953392,2008547,279,51,9821045,420448,154312,7.89,3
Jun-2024,FIFA 24,Africa,3709352,1916830,255,49,7260236,358347,184256,22.06,2
Jun-2024,FIFA 24,Africa,4215627,1842633,273,55,8327031,513481,304127,13.77,0
Jun-2024,FIFA 24,Africa,4163627,1926336,261,49,9590110,375418,237654,6.81,0
Jun-2024,FIFA 24,Africa,4419301,1662424,268,56,7729718,259357,159953,13.54,4
Jun-2024,FIFA 24,Africa,4083673,1904026,284,49,9256538,404208,222756,16.14,2
Jun-2024,FIFA 24,Africa,3851715,1890295,263,59,6842512,399592,241052,8.66,5
Jun-2024,FIFA 24,Africa,4139394,1871153,284,49,8675438,384732,251863,24.26,1
Jun-2024,FIFA 24,Africa,4109045,1907889,246,52,8829864,275011,234840,14.69,3
Jun-2024,FIFA 24,Africa,3921463,1847848,273,47,6236290,494682,208812,13.81,0
Jun-2024,FIFA 24,Africa,3237576,1792559,268,51,5916355,317329,149764,5.92,5
Jun-2024,FIFA 24,Africa,3822247,1777143,281,50,7746063,411344,152712,17.85,2
Jun-2024,FIFA 24,Africa,3929414,1836483,265,55,6297499,290704,177875,20.86,2
Jun-2024,FIFA 24,Africa,3962890,1829748,253,53,9596737,288807,194962,17.22,4
Jun-2024,FIFA 24,Africa,4022188,1883742,245,54,9276663,446420,225592,13.4,1
Jun-2024,FIFA 24,Africa,4085872,1891187,278,52,8685673,433739,192141,12.84,4
Jun-2024,FIFA 24,Africa,3925571,1762129,241,47,7512665,459123,163753,11.98,3
Jun-2024,FIFA 24,Oceania,4498431,1794522,248,53,8008567,302442,247552,8.65,0
Jun-2024,FIFA 24,Oceania,3995663,1949572,290,53,7631904,375819,275163,11.87,2
Jun-2024,FIFA 24,Oceania,4098131,1841354,269,51,6772787,333424,166899,7.11,3
Jun-2024,FIFA 24,Oceania,3899912,1881630,263,53,6482381,398145,132931,24.01,2
Jun-2024,FIFA 24,Oceania,3711974,1889455,265,51,8116635,364348,183865,7.86,0
Jun-2024,FIFA 24,Oceania,4167182,1819768,259,46,7608902,416507,221751,8.4,3
Jun-2024,FIFA 24,Oceania,4345662,1759280,259,52,10688300,481276,138818,5.8,0
Jun-2024,FIFA 24,Oceania,4267854,1749648,273,52,7979644,320091,307313,17.67,0
Jun-2024,FIFA 24,Oceania,4291521,1701269,263,54,10647163,365550,239878,23.79,2
Jun-2024,FIFA 24,Oceania,3973252,1838133,262,53,8132382,438263,240755,15.73,2
Jun-2024,FIFA 24,Oceania,4055474,1937929,268,54,6726562,384278,186618,23.22,4
Jun-2024,FIFA 24,Oceania,4024562,1832912,266,53,8890504,275945,160648,7.39,0
Jun-2024,FIFA 24,Oceania,4015834,1820080,261,50,7049519,470135,198638,13.91,2
Jun-2024,FIFA 24,Oceania,4002527,1721752,272,53,9013557,371055,171319,8.58,1
Jun-2024,FIFA 24,Oceania,3872181,1793555,262,54,5934440,361717,309859,17.91,2
Jun-2024,FIFA 24,Oceania,4039903,1774490,281,53,9413377,368029,172929,14.38,4
Jun-2024,FIFA 24,Oceania,3811560,1696632,255,51,6576897,226171,254763,12.87,3
Jun-2024,FIFA 24,Oceania,3625484,1923221,313,51,6244134,382643,182638,17.36,4
Jun-2024,FIFA 24,Oceania,3860649,1929188,269,48,8497840,337857,199647,10.85,4
Jun-2024,FIFA 24,Oceania,4424097,1800254,264,55,9838151,425967,220656,8.82,1
Jul-2024,FIFA 24,NA,4056135,1682051,256,49,9514914,404733,182454,7.55,4
Jul-2024,FIFA 24,NA,4100106,1858973,251,51,6412116,442428,205770,20.69,1
Jul-2024,FIFA 24,NA,4300797,2040601,298,53,6987148,464200,274373,12.6,4
Jul-2024,FIFA 24,NA,4028279,1725819,281,55,7489071,434330,232191,9.3,2
Jul-2024,FIFA 24,NA,3874930,1936640,255,49,9528442,329389,222644,15.41,4
Jul-2024,FIFA 24,NA,4249426,1881221,261,51,9996912,530853,143245,16.67,2
Jul-2024,FIFA 24,NA,4167157,1756809,270,55,8693198,270617,186863,6.32,5
Jul-2024,FIFA 24,NA,4106804,1704443,292,51,8416315,402243,226270,18.89,3
Jul-2024,FIFA 24,NA,4045502,1811068,273,56,10099525,452081,178515,8.05,1
Jul-2024,FIFA 24,NA,4044755,1690348,267,46,8396011,485436,281369,13.9,1
Jul-2024,FIFA 24,NA,3984241,1878504,230,55,8986819,356094,156213,9.14,4
Jul-2024,FIFA 24,NA,3908186,1932773,267,47,8730938,482524,209950,9.12,5
Jul-2024,FIFA 24,NA,3559654,1852748,275,51,7064105,358673,172034,23.2,4
Jul-2024,FIFA 24,NA,4167211,1872480,260,50,8251295,370957,220949,14.75,4
Jul-2024,FIFA 24,NA,3793962,1689356,296,51,7230824,482468,177704,24.32,2
Jul-2024,FIFA 24,NA,3996507,1807995,277,53,8209348,325287,238878,13.61,4
Jul-2024,FIFA 24,NA,3860782,1819696,253,50,8114573,436881,198257,18.69,5
Jul-2024,FIFA 24,NA,3922914,1683761,279,53,6607224,392837,230083,6.49,3
Jul-2024,FIFA 24,NA,3931500,1690256,280,53,8737242,506545,249262,22.38,0
Jul-2024,FIFA 24,NA,4246506,1739275,291,59,8252890,421175,157019,10.1,3
Jul-2024,FIFA 24,EU,3733070,1860001,273,49,8376852,446888,211913,6.29,5
Jul-2024,FIFA 24,EU,3884353,1792110,280,55,8757943,444865,153426,24.27,4
Jul-2024,FIFA 24,EU,4014332,1732636,282,51,9201080,200096,190947,11.99,1
Jul-2024,FIFA 24,EU,3912782,1653952,279,53,6731769,388723,187207,8.54,3
Jul-2024,FIFA 24,EU,3893796,1844433,264,50,6463355,480535,246073,8.28,1
Jul-2024,FIFA 24,EU,4265971,1820571,276,46,9845626,397726,247339,14.58,0
Jul-2024,FIFA 24,EU,3985752,1871097,282,53,6689839,395511,239987,13.22,4
Jul-2024,FIFA 24,EU,4305550,1665165,266,50,8718259,485844,295655,21.94,5
Jul-2024,FIFA 24,EU,3869815,1899233,257,47,9595428,340417,197789,16.3,0
Jul-2024,FIFA 24,EU,4047371,1721623,276,58,8587482,560804,171239,13.43,2
Jul-2024,FIFA 24,EU,3736723,1828359,285,53,6481863,390504,186565,13.76,1
Jul-2024,FIFA 24,EU,3797801,1794115,255,55,9256079,481290,233805,21.63,5
Jul-2024,FIFA 24,EU,4048810,1855167,256,47,7391201,445023,224063,17.45,2
Jul-2024,FIFA 24,EU,4061181,1746725,231,55,9902851,405864,224098,13.63,5
Jul-2024,FIFA 24,EU,4455702,1913640,277,52,9032213,381226,246933,14.38,0
Jul-2024,FIFA 24,EU,4264674,1798840,264,48,8292371,343904,210518,23.87,1
Jul-2024,FIFA 24,EU,3710423,1779239,255,56,7414677,331317,214311,8.99,0
Jul-2024,FIFA 24,EU,3963770,1678566,244,51,7347828,337101,184564,5.22,3
Jul-2024,FIFA 24,EU,4111380,1839060,269,51,6902254,461345,167557,9.34,2
Jul-2024,FIFA 24,EU,4190782,2004912,263,54,7707446,272388,187058,13.79,0
Jul-2024,FIFA 24,Asia,4308638,1740230,251,54,8479218,295090,253919,15.94,0
Jul-2024,FIFA 24,Asia,4346846,1774899,256,50,9782223,425717,244275,19.67,0
Jul-2024,FIFA 24,Asia,4180756,1768674,261,52,7892232,380829,218597,8.94,4
Jul-2024,FIFA 24,Asia,4210824,1879546,273,51,8919122,298825,216223,13.65,0
Jul-2024,FIFA 24,Asia,4189067,1736166,257,51,9492944,362288,182637,12.27,3
Jul-2024,FIFA 24,Asia,3643465,1874308,265,54,5998321,370747,215515,6.74,5
Jul-2024,FIFA 24,Asia,3783186,1877700,257,58,5934498,459560,226245,22.87,3
Jul-2024,FIFA 24,Asia,3920813,1871028,272,51,8575486,352744,232125,23.88,1
Jul-2024,FIFA 24,Asia,3914175,1803267,277,56,7109364,482551,216265,13.87,0
Jul-2024,FIFA 24,Asia,3900817,1686164,276,56,9706219,226278,228083,7.51,2
Jul-2024,FIFA 24,Asia,3963630,1765268,250,51,9469466,461616,219255,18.11,0
Jul-2024,FIFA 24,Asia,3946514,1634388,263,48,9340881,517114,239934,12.65,1
Jul-2024,FIFA 24,Asia,3999060,1811013,236,51,9989491,486985,164561,23.22,2
Jul-2024,FIFA 24,Asia,4368052,1816777,252,46,9988170,587491,271458,8.26,0
Jul-2024,FIFA 24,Asia,4061819,1689535,263,52,7722198,304839,117019,8.77,4
Jul-2024,FIFA 24,Asia,3637516,1751627,273,51,5955359,341070,249131,6.56,3
Jul-2024,FIFA 24,Asia,4097329,1855775,280,49,6181520,302114,285289,13.87,4
Jul-2024,FIFA 24,Asia,4119382,1751655,262,53,6217366,349679,298850,6.59,3
Jul-2024,FIFA 24,Asia,4283545,1838935,285,49,10392454,310761,297353,17.74,1
Jul-2024,FIFA 24,Asia,4103869,1699977,260,48,9625878,500101,237066,8.42,4
Jul-2024,FIFA 24,South America,4397285,1806188,258,52,9569767,385307,217835,21.71,3
Jul-2024,FIFA 24,South America,4209445,1879335,280,48,10510150,491486,191299,14.73,5
Jul-2024,FIFA 24,South America,4069089,1716709,264,57,8876840,546964,189157,12.22,4
Jul-2024,FIFA 24,South America,4036172,1756723,263,50,7759761,478981,145131,12.05,1
Jul-2024,FIFA 24,South America,3889794,1911574,232,46,7980230,312171,229084,20.05,5
Jul-2024,FIFA 24,South America,3613652,1884928,277,52,5910788,316010,159625,13.29,4
Jul-2024,FIFA 24,South America,4428061,1935858,257,50,9859129,441376,179449,16.94,1
Jul-2024,FIFA 24,South America,3994170,1649016,269,48,8887112,341539,171788,6.81,4
Jul-2024,FIFA 24,South America,3849231,1903656,265,46,8045311,532522,178877,24.86,2
Jul-2024,FIFA 24,South America,3716977,1773011,276,58,6476159,482701,192830,17.18,1
Jul-2024,FIFA 24,South America,4287201,1821055,272,50,6955032,494327,292977,24.83,3
Jul-2024,FIFA 24,South America,3842253,1900193,224,52,8680037,501818,259774,10.91,2
Jul-2024,FIFA 24,South America,4122031,1855131,252,54,8671334,506696,261079,6.66,5
Jul-2024,FIFA 24,South America,3698698,1840602,239,49,6732999,291646,147323,23.99,0
Jul-2024,FIFA 24,South America,3967165,1899335,261,52,8206083,401325,182770,9.58,5
Jul-2024,FIFA 24,South America,3816917,1846522,271,53,6357256,226181,210344,8.15,0
Jul-2024,FIFA 24,South America,3836290,1905872,261,53,8996759,299703,180339,11.58,0
Jul-2024,FIFA 24,South America,3868070,1833223,278,47,7358114,292200,232580,9.15,1
Jul-2024,FIFA 24,South America,4054048,1751094,281,50,7368500,509765,172062,12.6,0
Jul-2024,FIFA 24,South America,4095452,1690085,269,52,9576707,401296,197806,15.75,4
Jul-2024,FIFA 24,Africa,3657392,1871568,266,53,7321378,364531,158799,17.73,2
Jul-2024,FIFA 24,Africa,4069532,1817970,248,48,6746683,327988,153757,5.15,4
Jul-2024,FIFA 24,Africa,4108638,1881285,264,51,8923570,378060,225399,21.22,4
Jul-2024,FIFA 24,Africa,3857161,1870671,258,53,7357849,481323,249625,21.21,3
Jul-2024,FIFA 24,Africa,3659129,1673375,247,57,7083547,345795,208203,10.29,0
Jul-2024,FIFA 24,Africa,3847257,1752624,267,53,8110132,325751,148846,11.74,1
Jul-2024,FIFA 24,Africa,4015816,1736252,271,48,8873659,400090,191657,7.42,4
Jul-2024,FIFA 24,Africa,3906439,1962372,261,50,8039187,408735,246736,10.01,1
Jul-2024,FIFA 24,Africa,3954433,1843790,273,54,6603640,363639,164625,22.04,5
Jul-2024,FIFA 24,Africa,4203867,1849723,251,50,10082417,303388,244957,22.2,1
Jul-2024,FIFA 24,Africa,4089140,1870835,274,53,6929635,395575,183329,17.55,2
Jul-2024,FIFA 24,Africa,3611130,1885922,276,54,5439731,377906,241573,24.45,3
Jul-2024,FIFA 24,Africa,3825135,1917565,259,46,6547868,462775,165089,17.83,0
Jul-2024,FIFA 24,Africa,3914295,1873043,250,51,8258668,387603,225136,8.59,5
Jul-2024,FIFA 24,Africa,4202974,1857994,252,49,7519364,520668,241317,17.22,2
Jul-2024,FIFA 24,Africa,4271494,1822640,283,53,8544069,366684,190644,24.08,1
Jul-2024,FIFA 24,Africa,3948230,1837815,272,54,9179404,294055,244045,22.85,4
Jul-2024,FIFA 24,Africa,4359747,1951037,261,50,7849891,453747,228152,12.9,3
Jul-2024,FIFA 24,Africa,4171825,1727728,253,48,8099651,559771,182770,16.09,1
Jul-2024,FIFA 24,Africa,4065283,1996776,287,45,8300305,492957,181290,18.7,4
Jul-2024,FIFA 24,Oceania,3861117,1719933,259,54,9027089,427248,190980,16.13,2
Jul-2024,FIFA 24,Oceania,3897483,1856126,260,52,7834853,356123,176107,24.5,4
Jul-2024,FIFA 24,Oceania,4030586,1789716,278,54,8437100,346019,232002,7.18,1
Jul-2024,FIFA 24,Oceania,4139294,1901586,272,45,10260419,348296,275258,10.09,0
Jul-2024,FIFA 24,Oceania,3846329,1948992,226,51,6798798,355799,247012,8.39,0
Jul-2024,FIFA 24,Oceania,4155480,1739067,252,46,8950751,572032,202404,5.58,0
Jul-2024,FIFA 24,Oceania,4303954,1796859,266,49,9200084,441438,289225,9.23,3
Jul-2024,FIFA 24,Oceania,3885789,1829866,246,49,8718696,404182,148341,5.56,3
Jul-2024,FIFA 24,Oceania,4095365,1816801,267,47,6805524,385481,193436,12.49,1
Jul-2024,FIFA 24,Oceania,3999795,1812551,263,49,7686748,496279,216577,16.32,1
Jul-2024,FIFA 24,Oceania,3858535,1708921,260,54,7762915,442179,139518,21.67,0
Jul-2024,FIFA 24,Oceania,4045497,1863213,261,50,8133141,280858,264534,21.58,2
Jul-2024,FIFA 24,Oceania,3858561,1719619,264,55,8650618,323615,212468,18.78,2
Jul-2024,FIFA 24,Oceania,3910228,1756157,256,55,8780102,400957,178281,24.81,1
Jul-2024,FIFA 24,Oceania,3892571,1758493,263,46,6986697,451858,259675,18.19,1
Jul-2024,FIFA 24,Oceania,4015960,1820860,303,53,9979909,495261,293118,13.66,1
Jul-2024,FIFA 24,Oceania,3759416,1743831,271,47,6234604,391553,204028,14.84,5
Jul-2024,FIFA 24,Oceania,3944959,1842015,250,51,7525865,422409,229679,22.25,4
Jul-2024,FIFA 24,Oceania,3856319,1889681,254,53,8881766,482219,210194,12.25,0
Jul-2024,FIFA 24,Oceania,3785509,1964672,233,49,9146467,386523,227754,13.73,2
Aug-2024,FIFA 24,NA,3950602,1907843,253,55,7833533,404215,205579,23.68,3
Aug-2024,FIFA 24,NA,4225946,1842985,289,56,9750364,313757,159359,19.97,1
Aug-2024,FIFA 24,NA,3930120,1885801,286,51,8263147,323548,172941,23.57,2
Aug-2024,FIFA 24,NA,3919877,1898040,270,51,7093364,391547,206491,8.43,2
Aug-2024,FIFA 24,NA,4014124,1780847,283,50,7978091,508447,125751,22.99,4
Aug-2024,FIFA 24,NA,4173427,1921232,256,50,8391787,351064,205086,20.27,4
Aug-2024,FIFA 24,NA,4175135,1851385,269,52,9606420,463321,265675,16.85,2
Aug-2024,FIFA 24,NA,4110760,1758125,263,50,6829790,472677,170089,7.42,4
Aug-2024,FIFA 24,NA,4271918,1956092,281,45,7688780,617473,218996,22.65,3
Aug-2024,FIFA 24,NA,3893297,1808268,250,49,6108090,410911,118746,20.84,1
Aug-2024,FIFA 24,NA,3993636,1811891,269,55,8154327,384721,218078,20.07,4
Aug-2024,FIFA 24,NA,4116261,1826076,278,58,8364118,462023,203283,22.7,5
Aug-2024,FIFA 24,NA,4136570,1768754,244,54,6562199,287713,273658,21.74,3
Aug-2024,FIFA 24,NA,3939077,1910141,275,48,7089395,390570,222389,10.94,5
Aug-2024,FIFA 24,NA,4331510,1747704,257,50,8918707,517364,183983,7.84,4
Aug-2024,FIFA 24,NA,4034847,1710740,245,50,7552390,321166,183844,23.0,0
Aug-2024,FIFA 24,NA,4093396,1770913,280,53,9313805,394376,230276,8.81,3
Aug-2024,FIFA 24,NA,4198010,1673540,277,56,7346189,277131,270831,23.59,4
Aug-2024,FIFA 24,NA,4046341,1598456,281,51,8909609,476399,258485,20.99,4
Aug-2024,FIFA 24,NA,4162574,1815250,294,51,7265180,307671,238801,14.18,3
Aug-2024,FIFA 24,EU,3986026,1916056,246,56,8032520,642693,173347,22.14,0
Aug-2024,FIFA 24,EU,4144059,1874227,250,54,8653270,439135,236641,7.22,1
Aug-2024,FIFA 24,EU,3982691,1915105,260,52,8246505,405527,218840,6.02,3
Aug-2024,FIFA 24,EU,3980030,1815400,251,54,6953864,300993,123657,21.17,0
Aug-2024,FIFA 24,EU,3889914,1834927,260,53,9191103,300465,219748,10.18,3
Aug-2024,FIFA 24,EU,3997491,1657168,246,52,6846308,351063,201877,24.15,3
Aug-2024,FIFA 24,EU,3923336,1664353,240,50,6841408,341533,282781,21.5,2
Aug-2024,FIFA 24,EU,3981400,1682695,280,48,7948437,402703,239741,14.3,4
Aug-2024,FIFA 24,EU,3803495,1698260,266,53,6939771,230703,227461,19.8,2
Aug-2024,FIFA 24,EU,4243709,1650104,280,47,6885717,420688,189491,12.03,3
Aug-2024,FIFA 24,EU,3748188,1824668,251,52,6266976,354550,150054,14.72,4
Aug-2024,FIFA 24,EU,3855797,1879339,272,43,7633530,365345,196508,22.71,5
Aug-2024,FIFA 24,EU,4060174,1857357,260,55,6254746,512511,156221,21.8,3
Aug-2024,FIFA 24,EU,3977868,1799456,279,53,8006793,434100,260603,9.99,1
Aug-2024,FIFA 24,EU,4141495,1678813,260,51,6865866,404297,211150,24.86,1
Aug-2024,FIFA 24,EU,3802454,1841823,271,49,9012939,326806,157408,11.91,3
Aug-2024,FIFA 24,EU,4240024,1783466,276,53,8122224,336330,199589,15.74,5
Aug-2024,FIFA 24,EU,4241266,1900386,243,47,7972485,358700,225918,12.42,4
Aug-2024,FIFA 24,EU,4261224,1763328,263,49,7532080,324602,191169,9.71,4
Aug-2024,FIFA 24,EU,4236314,1809105,270,50,8406761,443308,211550,22.91,0
Aug-2024,FIFA 24,Asia,4125455,1809523,259,44,8973347,505979,257242,7.67,2
Aug-2024,FIFA 24,Asia,4235978,1887971,272,47,9459541,506420,231321,24.31,0
Aug-2024,FIFA 24,Asia,3791446,1700285,280,48,8962597,392746,130292,14.24,4
Aug-2024,FIFA 24,Asia,4083450,1762281,272,53,9536166,473038,221841,14.7,3
Aug-2024,FIFA 24,Asia,3591472,1689804,277,51,6575710,564462,204236,23.97,1
Aug-2024,FIFA 24,Asia,3730021,1921398,254,58,6452402,318489,157225,14.74,2
Aug-2024,FIFA 24,Asia,3784031,1853214,276,47,5791120,532173,216531,21.33,2
Aug-2024,FIFA 24,Asia,3882219,1850415,246,51,5982372,290013,158954,14.32,4
Aug-2024,FIFA 24,Asia,4068536,1834331,251,44,8533670,386309,160204,10.19,1
Aug-2024,FIFA 24,Asia,4294974,1933131,276,51,8028255,421568,220119,17.77,5
Aug-2024,FIFA 24,Asia,4336618,1881437,267,48,9479876,569598,181078,11.11,5
Aug-2024,FIFA 24,Asia,3927977,1673807,281,50,6350576,231064,152403,12.03,5
Aug-2024,FIFA 24,Asia,3672272,1629693,243,50,7168327,375417,229574,14.03,0
Aug-2024,FIFA 24,Asia,3933877,1787883,275,50,9073413,405437,199530,6.15,2
Aug-2024,FIFA 24,Asia,4062807,1741764,264,54,6933964,483949,211874,5.53,3
Aug-2024,FIFA 24,Asia,3691186,1897604,263,50,7291658,280900,139039,9.02,4
Aug-2024,FIFA 24,Asia,3910850,1945821,265,54,6477626,387984,133499,16.76,5
Aug-2024,FIFA 24,Asia,3871503,1872069,259,50,8898882,430012,181604,13.69,1
Aug-2024,FIFA 24,Asia,3941686,1700184,280,53,6488229,344235,235654,11.51,2
Aug-2024,FIFA 24,Asia,3707502,1617074,275,50,7757922,346316,205590,10.88,1
Aug-2024,FIFA 24,South America,4315679,1779892,259,50,7333907,416068,228491,16.4,5
Aug-2024,FIFA 24,South America,3943006,1896021,242,50,6739634,403386,185223,18.97,4
Aug-2024,FIFA 24,South America,3840169,1793153,260,54,8869452,397744,275682,14.27,0
Aug-2024,FIFA 24,South America,3682331,1904127,269,52,8356019,383561,247817,15.41,3
Aug-2024,FIFA 24,South America,3704598,1860649,287,55,7238653,325208,210671,6.75,0
Aug-2024,FIFA 24,South America,3844874,1863093,283,50,9564143,429223,186153,5.15,5
Aug-2024,FIFA 24,South America,4034588,1964120,283,56,6201067,434303,206553,21.74,2
Aug-2024,FIFA 24,South America,4066041,1725850,249,54,8637076,316432,180623,7.68,3
Aug-2024,FIFA 24,South America,3998055,1866014,284,55,8710214,417559,256236,7.58,2
Aug-2024,FIFA 24,South America,4162420,1872325,269,54,10007197,308475,278394,7.24,3
Aug-2024,FIFA 24,South America,3701779,1759170,279,55,8015035,341422,132728,24.4,5
Aug-2024,FIFA 24,South America,3710697,1757231,248,44,6524848,348892,183500,10.03,1
Aug-2024,FIFA 24,South America,3790547,1883042,253,55,6022758,368558,105962,22.44,2
Aug-2024,FIFA 24,South America,4014891,1741474,277,51,7713587,365870,295191,10.78,0
Aug-2024,FIFA 24,South America,3974715,1805589,293,56,8838093,362685,176604,20.93,3
Aug-2024,FIFA 24,South America,3909656,1743010,262,53,9686385,333756,148885,20.23,4
Aug-2024,FIFA 24,South America,3897142,1613575,263,53,8264234,251358,264692,17.43,3
Aug-2024,FIFA 24,South America,4517898,1872658,253,52,8353630,633189,209255,13.05,1
Aug-2024,FIFA 24,South America,3929996,1942394,243,50,7142527,310960,229852,8.86,5
Aug-2024,FIFA 24,South America,4120732,1715087,276,52,7879957,363844,206862,19.52,3
Aug-2024,FIFA 24,Africa,4015404,1953359,253,52,8632250,301182,212919,22.12,0
Aug-2024,FIFA 24,Africa,4224779,1686561,237,51,10508551,509882,285470,15.71,3
Aug-2024,FIFA 24,Africa,4051065,1715865,244,51,8816631,452939,206835,12.01,3
Aug-2024,FIFA 24,Africa,3761992,1764157,262,51,6673555,356504,160227,9.11,2
Aug-2024,FIFA 24,Africa,3749847,1929777,254,53,7205374,395527,169047,20.45,1
Aug-2024,FIFA 24,Africa,4117850,1775227,279,50,7909848,404709,144586,6.34,0
Aug-2024,FIFA 24,Africa,4037720,1896610,248,51,9509281,455990,184804,24.64,1
Aug-2024,FIFA 24,Africa,4031511,1808554,244,48,6595179,676714,295780,6.89,5
Aug-2024,FIFA 24,Africa,3634977,1719196,268,49,9054133,414199,129230,20.23,1
Aug-2024,FIFA 24,Africa,3791171,1791421,248,53,7369233,469097,213012,22.7,0
Aug-2024,FIFA 24,Africa,4138960,1910372,271,51,6994722,437477,166212,9.82,1
Aug-2024,FIFA 24,Africa,3817594,1854992,256,43,5960060,494862,199593,12.05,0
Aug-2024,FIFA 24,Africa,3594692,1760100,255,51,5749460,315915,163226,13.43,4
Aug-2024,FIFA 24,Africa,3870475,1751037,259,55,7914330,268994,185080,24.83,2
Aug-2024,FIFA 24,Africa,3877834,1773857,267,60,8259007,446595,145056,16.57,2
Aug-2024,FIFA 24,Africa,4039874,1846133,281,53,7621998,308807,221497,21.01,2
Aug-2024,FIFA 24,Africa,4143792,1831621,278,51,8569782,326872,234138,18.4,2
Aug-2024,FIFA 24,Africa,4044774,1923720,240,44,6816319,324594,243355,20.18,4
Aug-2024,FIFA 24,Africa,3833597,1862341,266,46,8213045,226596,156952,9.71,0
Aug-2024,FIFA 24,Africa,3996136,1866683,240,51,7823431,412436,233105,17.67,3
Aug-2024,FIFA 24,Oceania,4134213,1943432,273,49,8544025,510857,196844,7.79,0
Aug-2024,FIFA 24,Oceania,4275266,1781707,287,48,6961108,490335,188837,15.54,1
Aug-2024,FIFA 24,Oceania,3758452,1769671,268,52,6706435,429765,174770,11.11,0
Aug-2024,FIFA 24,Oceania,3887131,1839383,255,53,6917642,392336,230813,8.18,4
Aug-2024,FIFA 24,Oceania,3981439,1678394,299,58,7046297,332060,235197,23.37,0
Aug-2024,FIFA 24,Oceania,4205082,1978867,282,49,6633128,357214,168243,11.09,5
Aug-2024,FIFA 24,Oceania,4082687,1959961,281,53,7783994,448582,188183,12.26,0
Aug-2024,FIFA 24,Oceania,4307354,1741576,258,46,10735634,524606,188524,13.94,1
Aug-2024,FIFA 24,Oceania,3586463,1799508,266,45,8607126,349424,216592,16.37,4
Aug-2024,FIFA 24,Oceania,4100019,1863408,261,51,7426848,452968,267711,5.0,2
Aug-2024,FIFA 24,Oceania,3757294,2037251,239,50,8605550,498236,177961,13.9,0
Aug-2024,FIFA 24,Oceania,4222593,1843941,279,52,8289788,404931,158860,10.79,4
Aug-2024,FIFA 24,Oceania,3989023,1870129,253,55,7241869,404458,217550,18.72,0
Aug-2024,FIFA 24,Oceania,3433219,1802328,290,56,6126328,463324,127196,9.08,2
Aug-2024,FIFA 24,Oceania,3972238,1802802,265,50,8419276,352223,202603,9.8,5
Aug-2024,FIFA 24,Oceania,4130303,1873944,261,50,9015264,421040,144021,13.89,4
Aug-2024,FIFA 24,Oceania,3940094,1774239,281,52,6397456,347873,275201,14.53,1
Aug-2024,FIFA 24,Oceania,3922951,1740324,287,54,9770489,367157,175373,14.1,4
Aug-2024,FIFA 24,Oceania,3886194,1873017,264,49,8827067,271964,198021,7.1,2
Aug-2024,FIFA 24,Oceania,4026684,1706223,266,52,6225103,402982,264433,6.31,3
Sep-2024,FIFA 24,NA,3920415,1776482,249,51,9389183,450987,212477,16.27,1
Sep-2024,FIFA 24,NA,3934060,1732641,247,52,7429904,453883,172390,23.02,2
Sep-2024,FIFA 24,NA,4202524,1640252,255,56,8205788,232457,234986,24.0,5
Sep-2024,FIFA 24,NA,4134762,1894860,252,53,7889237,502777,249195,22.08,4
Sep-2024,FIFA 24,NA,3928405,1686163,276,45,9307568,436698,167355,23.65,4
Sep-2024,FIFA 24,NA,4258588,1832663,259,52,8634769,504044,230363,20.86,4
Sep-2024,FIFA 24,NA,3977321,1807847,249,47,9143566,471428,213026,23.57,3
Sep-2024,FIFA 24,NA,4035949,1601919,277,50,9461870,306714,254176,24.42,3
Sep-2024,FIFA 24,NA,4087922,1736890,258,51,8947620,437767,190151,16.06,2
Sep-2024,FIFA 24,NA,4223671,1943457,261,49,8892421,501414,172900,14.81,0
Sep-2024,FIFA 24,NA,3744227,1799520,238,53,7689231,378805,201051,17.07,5
Sep-2024,FIFA 24,NA,4327527,1763318,250,49,10124935,450800,249447,7.42,0
Sep-2024,FIFA 24,NA,4038619,1866585,257,54,9308466,461083,311071,24.07,3
Sep-2024,FIFA 24,NA,3810306,1873435,259,52,7102200,488323,165498,18.96,3
Sep-2024,FIFA 24,NA,4197341,2073034,264,54,7372782,547096,229722,20.31,0
Sep-2024,FIFA 24,NA,3982247,1771010,260,52,8958505,349035,200704,11.99,3
Sep-2024,FIFA 24,NA,4091497,1956404,276,52,8742895,433111,216026,12.42,4
Sep-2024,FIFA 24,NA,4149517,1864238,293,51,9259239,366852,190093,15.53,4
Sep-2024,FIFA 24,NA,4073088,1902895,270,53,10082663,488829,247752,10.43,2
Sep-2024,FIFA 24,NA,3919161,1793815,244,54,8132408,249229,162797,7.59,1
Sep-2024,FIFA 24,EU,3930902,1774007,264,48,8557223,303256,241710,19.76,5
Sep-2024,FIFA 24,EU,4260755,1896705,260,54,10441663,422976,260769,11.91,1
Sep-2024,FIFA 24,EU,3825641,1793444,251,48,6202488,281996,166244,12.8,1
Sep-2024,FIFA 24,EU,4035663,1749410,280,55,9645937,391698,227234,7.05,0
Sep-2024,FIFA 24,EU,3896237,1890837,249,56,7464262,280443,176096,5.07,4
Sep-2024,FIFA 24,EU,4131666,1839722,255,54,8924673,365012,155966,20.7,5
Sep-2024,FIFA 24,EU,3851285,1888529,267,47,7217421,291261,162106,20.35,2
Sep-2024,FIFA 24,EU,4136155,2064197,269,49,8080189,348056,171466,24.87,4
Sep-2024,FIFA 24,EU,3913921,1950296,248,57,7756629,371206,168704,14.64,5
Sep-2024,FIFA 24,EU,3829576,1775768,276,49,9483070,360114,244337,13.72,4
Sep-2024,FIFA 24,EU,3834043,1801430,278,54,7151410,399895,174007,9.13,2
Sep-2024,FIFA 24,EU,3965755,1893046,261,48,8275201,440150,162337,14.56,4
Sep-2024,FIFA 24,EU,3987414,1918358,262,52,6038799,386578,177497,5.9,2
Sep-2024,FIFA 24,EU,3768677,1834435,267,56,6882194,379925,158005,7.4,1
Sep-2024,FIFA 24,EU,3977874,1820141,275,50,7895910,363055,194792,21.75,0
Sep-2024,FIFA 24,EU,4138290,1950318,273,52,9842261,343213,189963,24.62,0
Sep-2024,FIFA 24,EU,4197260,1794842,284,48,10038055,457600,145348,15.55,3
Sep-2024,FIFA 24,EU,4187418,1860217,266,54,6285283,312831,193545,21.86,2
Sep-2024,FIFA 24,EU,4209460,1807053,241,55,8160181,451465,200479,7.28,2
Sep-2024,FIFA 24,EU,4152442,1892310,270,53,9007796,321475,302255,6.61,1
Sep-2024,FIFA 24,Asia,4375853,1930798,251,52,9883411,414639,230294,14.31,2
Sep-2024,FIFA 24,Asia,4160214,1743289,264,51,9300965,430593,192919,22.25,3
Sep-2024,FIFA 24,Asia,4022473,1897957,271,56,8255431,385720,235027,6.61,5
Sep-2024,FIFA 24,Asia,3988601,1804478,250,51,7980332,393098,236085,8.19,5
Sep-2024,FIFA 24,Asia,3730443,1874095,289,53,6651317,283658,135018,19.08,3
Sep-2024,FIFA 24,Asia,3907969,1810877,259,49,6091975,256033,250301,17.14,1
Sep-2024,FIFA 24,Asia,3992552,1796234,253,53,9432294,415098,237089,20.02,4
Sep-2024,FIFA 24,Asia,3915403,1703649,293,50,8652893,278153,232130,24.38,0
Sep-2024,FIFA 24,Asia,4119073,1746701,279,46,8474324,327537,258892,11.44,1
Sep-2024,FIFA 24,Asia,4157158,1872961,249,48,10260461,597689,252226,5.73,0
Sep-2024,FIFA 24,Asia,3943097,1751540,267,55,6968550,301937,187625,15.32,4
Sep-2024,FIFA 24,Asia,3790602,1790059,268,50,9185438,318466,235949,17.87,1
Sep-2024,FIFA 24,Asia,3659382,1926886,268,52,8996389,467937,228766,12.2,1
Sep-2024,FIFA 24,Asia,3731835,1837529,255,49,8021189,383403,135073,14.39,4
Sep-2024,FIFA 24,Asia,3904022,1971236,258,47,6333083,354575,282064,9.46,4
Sep-2024,FIFA 24,Asia,3573426,1826967,284,59,8905064,312163,99720,6.33,3
Sep-2024,FIFA 24,Asia,4173840,1827083,280,53,7954191,370934,224689,21.39,0
Sep-2024,FIFA 24,Asia,4352243,1841888,288,52,10012675,481698,198201,23.43,1
Sep-2024,FIFA 24,Asia,4005476,1822813,246,47,8660795,331651,180211,7.98,1
Sep-2024,FIFA 24,Asia,4172507,1745551,292,49,8945867,461065,218181,16.62,0
Sep-2024,FIFA 24,South America,4486368,1865814,270,51,10566586,485460,255320,14.47,4
Sep-2024,FIFA 24,South America,4193818,1834608,262,52,9842430,575168,236458,19.73,4
Sep-2024,FIFA 24,South America,4014601,1678351,279,54,8607320,389751,182574,20.24,3
Sep-2024,FIFA 24,South America,3838700,1910732,282,50,6534991,222964,191633,18.52,0
Sep-2024,FIFA 24,South America,4237749,2003610,258,52,9715117,462229,131054,5.88,0
Sep-2024,FIFA 24,South America,3702275,1841727,282,48,7817499,455536,263264,18.37,2
Sep-2024,FIFA 24,South America,3983372,1690485,274,56,8782986,320368,123781,20.92,5
Sep-2024,FIFA 24,South America,4297473,1584721,277,53,8839087,480328,181740,17.14,1
Sep-2024,FIFA 24,South America,4314945,1812565,260,52,7048337,442122,340388,10.57,2
Sep-2024,FIFA 24,South America,4264256,1915450,278,53,8076721,357534,216346,24.93,1
Sep-2024,FIFA 24,South America,3718191,1679298,283,52,8525291,384487,178054,8.56,0
Sep-2024,FIFA 24,South America,3780826,1853855,254,48,7229764,257410,236272,22.39,1
Sep-2024,FIFA 24,South America,4018307,1765713,259,53,9182304,307945,208425,9.1,4
Sep-2024,FIFA 24,South America,3907170,1824927,265,53,8777183,385138,159624,24.91,1
Sep-2024,FIFA 24,South America,4027712,1838697,250,53,7935461,435840,167070,16.45,4
Sep-2024,FIFA 24,South America,4171265,1849145,246,55,6429801,369831,208929,8.81,0
Sep-2024,FIFA 24,South America,4096202,1940374,282,51,10104582,336687,225135,14.36,3
Sep-2024,FIFA 24,South America,4156333,1852822,279,56,8422710,311762,164296,20.66,4
Sep-2024,FIFA 24,South America,4001855,1706089,262,49,7185396,386141,203086,11.56,4
Sep-2024,FIFA 24,South America,3766045,1692891,237,48,6319489,423348,165706,11.14,3
Sep-2024,FIFA 24,Africa,3891080,1685656,258,51,7534299,369898,215287,23.51,5
Sep-2024,FIFA 24,Africa,3712950,1915280,237,53,8074200,260975,186148,18.37,0
Sep-2024,FIFA 24,Africa,3519455,1926504,261,54,7109056,279095,201762,22.56,1
Sep-2024,FIFA 24,Africa,3915935,1950856,263,49,6234617,407552,214054,16.77,5
Sep-2024,FIFA 24,Africa,4203024,1821261,289,46,9897193,433553,236789,15.76,2
Sep-2024,FIFA 24,Africa,3999621,1666137,281,55,8681157,324492,215004,21.17,1
Sep-2024,FIFA 24,Africa,3820824,1842502,263,58,6532431,441410,135296,8.08,1
Sep-2024,FIFA 24,Africa,3683190,1913354,273,58,8264479,212108,213267,20.16,5
Sep-2024,FIFA 24,Africa,3774100,1862390,254,54,5686688,438814,267508,6.33,0
Sep-2024,FIFA 24,Africa,4011834,1927581,266,52,6261198,362821,174745,16.51,1
Sep-2024,FIFA 24,Africa,3759099,1849481,266,54,6866953,384600,156581,24.16,3
Sep-2024,FIFA 24,Africa,4018469,1881839,257,54,6876249,515199,171835,14.65,1
Sep-2024,FIFA 24,Africa,3603343,1817976,256,45,5687218,320612,170388,14.47,2
Sep-2024,FIFA 24,Africa,3570942,1931995,276,53,8221081,289662,222383,18.21,3
Sep-2024,FIFA 24,Africa,3824131,1843321,269,50,8776992,471994,127915,23.43,5
Sep-2024,FIFA 24,Africa,3709080,1806232,275,54,5782931,294622,259832,12.66,0
Sep-2024,FIFA 24,Africa,3816377,1862099,241,47,6861599,359169,139262,24.58,2
Sep-2024,FIFA 24,Africa,3662204,1833620,262,49,6462125,333181,267763,19.65,1
Sep-2024,FIFA 24,Africa,4399114,1781002,255,56,9509614,418393,192082,21.36,2
Sep-2024,FIFA 24,Africa,4310591,1738808,251,48,8492406,299594,186857,5.32,3
Sep-2024,FIFA 24,Oceania,4093651,1937882,255,54,9693951,494681,188693,7.21,0
Sep-2024,FIFA 24,Oceania,3504688,1777850,224,42,5395030,350269,202871,18.37,4
Sep-2024,FIFA 24,Oceania,3725869,1865818,241,53,6601680,545496,175865,14.7,0
Sep-2024,FIFA 24,Oceania,4541286,1940790,275,50,8352789,376468,240814,21.47,1
Sep-2024,FIFA 24,Oceania,3955598,1958242,250,49,7338301,382316,191974,18.74,4
Sep-2024,FIFA 24,Oceania,3827959,1698728,283,51,8689915,400452,252519,7.07,3
Sep-2024,FIFA 24,Oceania,3883637,1840880,290,50,9105712,267142,185307,9.58,1
Sep-2024,FIFA 24,Oceania,4389784,1844796,264,58,10201872,337769,214055,16.74,3
Sep-2024,FIFA 24,Oceania,4164714,1763949,275,51,7582193,412591,240188,16.79,5
Sep-2024,FIFA 24,Oceania,4121822,1855949,278,54,9792984,459766,146097,22.6,5
Sep-2024,FIFA 24,Oceania,4166472,1724682,236,52,8608215,379168,179413,9.16,0
Sep-2024,FIFA 24,Oceania,3736803,1684344,259,50,8642695,460265,198780,11.35,5
Sep-2024,FIFA 24,Oceania,4191243,1876543,281,48,7890873,356027,187348,24.22,1
Sep-2024,FIFA 24,Oceania,4279886,1871019,247,52,9353159,292906,156971,7.29,0
Sep-2024,FIFA 24,Oceania,3775028,1850078,268,49,6909436,436356,133658,17.5,1
Sep-2024,FIFA 24,Oceania,4282501,1816980,262,54,10296580,325812,189104,5.48,4
Sep-2024,FIFA 24,Oceania,4067366,1856409,254,47,8659896,363745,284562,15.94,2
Sep-2024,FIFA 24,Oceania,3945186,1737386,269,47,7293639,310647,202636,10.16,1
Sep-2024,FIFA 24,Oceania,4453674,1766543,289,51,8226414,407325,223656,24.85,3
Sep-2024,FIFA 24,Oceania,4221589,1788350,268,50,6615078,437480,254271,14.13,0
Oct-2024,FIFA 24,NA,3718301,1620103,257,55,7581773,311671,158296,17.64,4
Oct-2024,FIFA 24,NA,3926570,1779505,273,45,7025127,485935,262735,21.9,3
Oct-2024,FIFA 24,NA,4278032,1798051,231,53,9711507,553507,199304,19.99,3
Oct-2024,FIFA 24,NA,3952220,1844302,276,53,7778374,348183,172326,6.05,2
Oct-2024,FIFA 24,NA,3948257,1911056,264,48,6171382,377803,241193,20.51,3
Oct-2024,FIFA 24,NA,4160463,1849816,265,57,9660425,335486,261886,15.82,3
Oct-2024,FIFA 24,NA,3677857,1882100,246,50,8400941,459852,217570,11.04,0
Oct-2024,FIFA 24,NA,4047922,1951434,283,56,9864682,315501,164721,22.3,4
Oct-2024,FIFA 24,NA,3843659,1827121,262,54,6398719,334537,182333,7.14,2
Oct-2024,FIFA 24,NA,3910488,2002349,269,52,8191478,371025,214629,19.11,0
Oct-2024,FIFA 24,NA,4254791,1843346,264,52,8556413,497697,162426,9.49,0
Oct-2024,FIFA 24,NA,3991501,1875418,287,47,6598548,503848,243148,21.52,3
Oct-2024,FIFA 24,NA,4096392,1827438,273,51,6434940,436454,168153,23.05,3
Oct-2024,FIFA 24,NA,3925140,1699912,257,51,9180490,320721,206556,6.36,2
Oct-2024,FIFA 24,NA,4186115,1761774,272,54,8203517,334059,236298,6.66,5
Oct-2024,FIFA 24,NA,4007210,1851471,299,50,6685507,527363,147227,22.14,4
Oct-2024,FIFA 24,NA,3615202,1742911,261,50,7350826,345734,170183,8.99,1
Oct-2024,FIFA 24,NA,3743103,1877521,284,52,8726592,513284,246247,8.62,1
Oct-2024,FIFA 24,NA,4055936,1991781,272,52,9043400,469879,246658,5.31,2
Oct-2024,FIFA 24,NA,3741722,1726054,250,53,8768756,443151,132031,18.4,4
Oct-2024,FIFA 24,EU,3929563,1870217,247,55,7350640,310821,183900,10.74,5
Oct-2024,FIFA 24,EU,3828513,1822957,249,56,5808597,395833,223735,22.24,1
Oct-2024,FIFA 24,EU,4135702,1824535,246,51,8719099,313851,179661,10.88,0
Oct-2024,FIFA 24,EU,3978756,1901320,252,52,9007863,499565,220887,11.04,0
Oct-2024,FIFA 24,EU,3910982,1731211,263,48,7414564,425635,211863,16.51,1
Oct-2024,FIFA 24,EU,3587928,1890001,301,48,7640480,388683,146311,18.33,3
Oct-2024,FIFA 24,EU,3887573,1813231,271,47,8727176,381606,177276,15.5,4
Oct-2024,FIFA 24,EU,3889021,1967122,252,48,8841770,398363,246048,13.36,0
Oct-2024,FIFA 24,EU,3983452,1688369,272,48,7680854,439101,191480,10.83,4
Oct-2024,FIFA 24,EU,4203205,1862347,282,55,10170365,295545,236805,10.5,0
Oct-2024,FIFA 24,EU,3960516,1782716,245,48,6831219,449569,263416,24.49,3
Oct-2024,FIFA 24,EU,4379977,1611223,287,50,9893735,348919,211071,24.95,0
Oct-2024,FIFA 24,EU,3722322,1558112,261,49,7637838,586722,183698,11.1,4
Oct-2024,FIFA 24,EU,3782039,1685886,259,54,9138850,367644,174547,20.25,0
Oct-2024,FIFA 24,EU,3822820,1846820,242,55,8204303,400746,214763,24.44,5
Oct-2024,FIFA 24,EU,3716494,1809229,269,52,7046516,582757,144173,19.27,4
Oct-2024,FIFA 24,EU,3858529,1794480,287,52,6344052,459402,197190,14.99,4
Oct-2024,FIFA 24,EU,4073823,1924425,263,56,7783627,413353,270392,14.62,0
Oct-2024,FIFA 24,EU,4196395,1860202,293,49,9548575,400745,150163,6.1,1
Oct-2024,FIFA 24,EU,4138595,1737062,265,51,8663758,315473,258846,19.03,2
Oct-2024,FIFA 24,Asia,4298015,1840516,272,45,10688032,300055,212544,13.45,0
Oct-2024,FIFA 24,Asia,4023227,1951449,292,53,7740120,404192,205584,7.88,4
Oct-2024,FIFA 24,Asia,3815316,1622309,258,47,7072812,263148,180449,12.41,0
Oct-2024,FIFA 24,Asia,4084758,1836292,280,55,9303362,389914,279689,6.64,5
Oct-2024,FIFA 24,Asia,3943317,1730972,294,54,7706234,513980,139355,25.0,0
Oct-2024,FIFA 24,Asia,3879245,1946989,269,52,7899564,575408,145245,24.35,3
Oct-2024,FIFA 24,Asia,3595692,1731016,279,48,6140949,249096,206900,17.75,0
Oct-2024,FIFA 24,Asia,3577915,1847533,294,51,7922573,313134,227742,24.37,0
Oct-2024,FIFA 24,Asia,3928713,1647989,268,47,7142946,417472,171386,21.84,4
Oct-2024,FIFA 24,Asia,4071215,1718122,235,51,6243992,411304,181030,19.3,0
Oct-2024,FIFA 24,Asia,4180495,1781480,248,51,7467335,237781,195850,15.12,3
Oct-2024,FIFA 24,Asia,4008491,1804729,278,47,7455353,488585,249893,22.21,3
Oct-2024,FIFA 24,Asia,3956356,1835430,290,51,7897316,259599,226021,8.85,3
Oct-2024,FIFA 24,Asia,3756040,1766510,267,48,8149852,366443,148130,22.11,0
Oct-2024,FIFA 24,Asia,4152597,1724367,276,46,7713893,475151,238310,24.21,2
Oct-2024,FIFA 24,Asia,4051744,1866444,267,50,9313548,432569,179977,23.71,1
Oct-2024,FIFA 24,Asia,3699709,1738108,268,53,9235820,383171,233242,24.98,4
Oct-2024,FIFA 24,Asia,4167982,1676105,283,50,9695876,383573,201481,14.24,4
Oct-2024,FIFA 24,Asia,4163078,1821642,271,47,10209632,483587,177111,19.15,3
Oct-2024,FIFA 24,Asia,4029789,1864695,263,53,8348398,539441,249712,16.27,3
Oct-2024,FIFA 24,South America,3836257,1837111,257,51,8697833,434561,155118,10.07,2
Oct-2024,FIFA 24,South America,4102023,1879711,241,49,6775993,597468,189302,6.38,1
Oct-2024,FIFA 24,South America,4247763,1706841,263,48,7098078,403034,245675,13.44,4
Oct-2024,FIFA 24,South America,4150576,1696433,264,52,7227607,428249,195355,15.83,1
Oct-2024,FIFA 24,South America,3925036,2069559,267,54,8123592,474554,153544,14.21,1
Oct-2024,FIFA 24,South America,3891432,1763798,246,49,8735208,402910,205009,10.86,2
Oct-2024,FIFA 24,South America,4397643,1970854,279,50,7222481,516675,237758,20.03,2
Oct-2024,FIFA 24,South America,4284191,1822262,258,48,10489140,560391,125083,16.02,5
Oct-2024,FIFA 24,South America,3743355,1809948,272,55,7488184,417157,213175,8.5,2
Oct-2024,FIFA 24,South America,4187153,1828898,256,48,9054978,342262,190695,17.07,0
Oct-2024,FIFA 24,South America,4203260,1732800,264,50,10179207,448138,238453,15.38,3
Oct-2024,FIFA 24,South America,3842714,2016195,260,52,8202791,342849,150574,19.73,3
Oct-2024,FIFA 24,South America,4302942,1890915,297,51,8695377,373296,211065,8.22,4
Oct-2024,FIFA 24,South America,4093258,1770906,261,48,8095338,443493,193681,14.42,1
Oct-2024,FIFA 24,South America,3967082,1783255,287,54,8735702,384854,181060,16.16,4
Oct-2024,FIFA 24,South America,3696872,1911280,270,49,6780363,433059,201830,16.18,0
Oct-2024,FIFA 24,South America,4179001,1883910,267,51,8584942,430967,213133,22.37,5
Oct-2024,FIFA 24,South America,4383919,1832410,261,52,9990372,468037,222816,13.53,2
Oct-2024,FIFA 24,South America,3895750,1706664,253,55,6687449,482081,223089,5.65,3
Oct-2024,FIFA 24,South America,4086638,1804445,261,48,6242718,328726,223144,18.6,4
Oct-2024,FIFA 24,Africa,4145014,1789977,262,52,9691603,353195,195348,16.34,4
Oct-2024,FIFA 24,Africa,3845407,1844522,265,52,8536023,360283,207730,22.66,0
Oct-2024,FIFA 24,Africa,4323638,1745116,264,55,6851557,418789,190114,7.39,1
Oct-2024,FIFA 24,Africa,3979172,1790861,253,50,7632850,321160,189835,6.99,3
Oct-2024,FIFA 24,Africa,3815822,1823156,246,55,5970638,383546,136972,19.12,5
Oct-2024,FIFA 24,Africa,3894918,1958575,282,58,5991529,494456,228783,6.8,2
Oct-2024,FIFA 24,Africa,4163557,1990132,254,47,7808894,326692,141645,7.11,5
Oct-2024,FIFA 24,Africa,4018656,1816810,275,52,7720643,466298,189450,21.3,0
Oct-2024,FIFA 24,Africa,4083401,1825993,275,51,8260153,406297,179116,12.67,0
Oct-2024,FIFA 24,Africa,4253128,1826953,261,46,7242812,523140,252092,9.93,1
Oct-2024,FIFA 24,Africa,3870027,1715795,272,59,7026261,299454,236879,23.09,1
Oct-2024,FIFA 24,Africa,3676319,1929931,255,53,7609468,354384,231221,13.08,0
Oct-2024,FIFA 24,Africa,4127786,1781841,281,48,8193727,394437,160680,6.85,3
Oct-2024,FIFA 24,Africa,4021285,1805780,270,56,6698907,478521,241490,5.41,4
Oct-2024,FIFA 24,Africa,4110998,1890156,310,52,8128616,500718,210236,9.78,4
Oct-2024,FIFA 24,Africa,4203918,1939202,267,50,7770828,477811,266582,10.97,4
Oct-2024,FIFA 24,Africa,4274849,1807539,253,48,8845855,298912,292599,24.18,0
Oct-2024,FIFA 24,Africa,3425654,1958658,267,48,7518434,286028,184432,13.81,0
Oct-2024,FIFA 24,Africa,3836619,1791201,229,58,9128673,451602,153118,11.26,0
Oct-2024,FIFA 24,Africa,3717878,1810290,264,54,8287733,473998,204356,18.6,4
Oct-2024,FIFA 24,Oceania,3816804,1677777,272,48,5952043,312777,216844,20.22,2
Oct-2024,FIFA 24,Oceania,4100200,1935436,279,56,6583068,361684,214676,13.09,5
Oct-2024,FIFA 24,Oceania,4025704,1889408,251,50,9179825,438694,210132,24.15,0
Oct-2024,FIFA 24,Oceania,4338456,1792608,269,53,10576072,239078,257762,16.03,1
Oct-2024,FIFA 24,Oceania,4031685,1748102,247,55,7201706,282554,231535,9.3,0
Oct-2024,FIFA 24,Oceania,3931898,1825175,257,49,9122237,391224,159013,23.38,4
Oct-2024,FIFA 24,Oceania,4183030,1817300,269,50,9366581,397807,237354,23.36,4
Oct-2024,FIFA 24,Oceania,3803706,1701387,277,48,7763219,455887,219782,8.56,2
Oct-2024,FIFA 24,Oceania,4196275,1755227,267,46,6359974,391174,224543,19.0,4
Oct-2024,FIFA 24,Oceania,3922808,2073116,290,53,7570407,452235,198079,23.15,2
Oct-2024,FIFA 24,Oceania,3915594,1848485,261,54,6259711,495821,180239,22.85,4
Oct-2024,FIFA 24,Oceania,4420792,1981639,295,56,8445860,401802,225059,6.32,1
Oct-2024,FIFA 24,Oceania,4371415,1897026,294,54,8400168,644918,238065,24.79,3
Oct-2024,FIFA 24,Oceania,3911205,1656348,263,53,6427656,487538,190501,10.65,5
Oct-2024,FIFA 24,Oceania,3820073,1796082,255,55,7707872,341623,185894,8.88,0
Oct-2024,FIFA 24,Oceania,3717702,1963794,252,51,6629403,411281,140863,8.18,1
Oct-2024,FIFA 24,Oceania,3692375,1722951,255,53,6883490,229105,100951,23.12,0
Oct-2024,FIFA 24,Oceania,3851444,2094781,263,54,6390475,431881,209060,22.7,4
Oct-2024,FIFA 24,Oceania,4057911,1618176,273,53,9387860,403157,240509,11.04,1
Oct-2024,FIFA 24,Oceania,3840837,1904489,285,50,6201069,457477,195912,13.82,2
Nov-2024,FIFA 24,NA,4130487,1737391,252,53,6791085,496277,171448,21.97,0
Nov-2024,FIFA 24,NA,3997442,1846497,254,51,6547220,413657,219083,13.5,0
Nov-2024,FIFA 24,NA,4010678,1824175,249,50,9390749,330116,219092,19.88,4
Nov-2024,FIFA 24,NA,4201050,1853428,269,53,10345178,441174,217399,5.37,0
Nov-2024,FIFA 24,NA,3850337,1903350,287,51,7260845,299285,274364,13.69,5
Nov-2024,FIFA 24,NA,3889670,1882569,249,50,8906871,316556,262250,17.96,5
Nov-2024,FIFA 24,NA,3880295,1762866,266,53,6658253,248510,250403,6.27,5
Nov-2024,FIFA 24,NA,4072050,1797850,239,51,9121738,481868,174969,23.94,5
Nov-2024,FIFA 24,NA,4143979,1672523,294,52,8817757,356034,220119,20.48,4
Nov-2024,FIFA 24,NA,3862990,1887678,292,50,7098913,425306,214308,11.9,3
Nov-2024,FIFA 24,NA,3995271,1755441,285,53,6810552,488415,218737,14.55,5
Nov-2024,FIFA 24,NA,4105909,1861963,261,48,9757666,509866,189077,13.68,2
Nov-2024,FIFA 24,NA,3487491,1843262,279,54,5793752,319683,190704,11.96,1
Nov-2024,FIFA 24,NA,4047401,1801915,297,54,9963473,233981,260590,19.23,5
Nov-2024,FIFA 24,NA,3422441,1865238,263,48,6527443,398378,150366,21.05,2
Nov-2024,FIFA 24,NA,3663986,1789996,275,51,7227189,345200,190574,19.93,0
Nov-2024,FIFA 24,NA,4073196,1800690,282,50,7106775,514164,245043,15.76,1
Nov-2024,FIFA 24,NA,3892623,1784192,288,54,8355055,363124,207210,23.0,2
Nov-2024,FIFA 24,NA,3947423,1916354,282,53,6783682,351763,202438,5.76,3
Nov-2024,FIFA 24,NA,4052977,1706126,267,51,8845834,400952,296297,5.04,5
Nov-2024,FIFA 24,EU,3988755,1914911,278,47,8338504,418204,196664,16.9,5
Nov-2024,FIFA 24,EU,4090412,1873770,237,56,7986744,465058,155345,14.88,3
Nov-2024,FIFA 24,EU,3867326,1900891,262,50,6829805,302722,190897,9.98,2
Nov-2024,FIFA 24,EU,3788066,1972626,280,55,8996986,274117,204037,16.26,2
Nov-2024,FIFA 24,EU,4004847,1916149,260,55,9083338,466748,234465,24.07,1
Nov-2024,FIFA 24,EU,4198483,1936564,266,49,8734484,444189,219325,19.38,1
Nov-2024,FIFA 24,EU,3668237,1720886,261,52,8261117,532224,227321,13.13,5
Nov-2024,FIFA 24,EU,4182760,1961461,290,54,7420996,549563,214298,13.17,3
Nov-2024,FIFA 24,EU,4220069,1712609,290,47,6570441,401723,200131,9.62,1
Nov-2024,FIFA 24,EU,4219709,1754530,246,46,8859054,450811,255884,23.66,0
Nov-2024,FIFA 24,EU,4087549,1810111,276,55,7061583,490363,193469,11.49,5
Nov-2024,FIFA 24,EU,4135850,1913193,260,57,9186318,332801,194091,24.12,3
Nov-2024,FIFA 24,EU,4052123,1802634,297,50,8327570,536486,151562,10.91,3
Nov-2024,FIFA 24,EU,4012315,1741048,264,50,9420851,253212,75089,15.48,2
Nov-2024,FIFA 24,EU,4405949,1786323,240,49,7395569,495368,218952,7.78,4
Nov-2024,FIFA 24,EU,4251439,1851591,273,46,9488094,259223,291563,14.83,4
Nov-2024,FIFA 24,EU,3977963,1780801,252,50,6874500,415395,162884,10.81,3
Nov-2024,FIFA 24,EU,4258452,1799245,223,53,10280816,401852,179927,8.76,1
Nov-2024,FIFA 24,EU,3821434,1747227,258,51,8517896,374874,187212,20.85,1
Nov-2024,FIFA 24,EU,4212941,1768702,256,55,9997090,528589,198664,19.13,3
Nov-2024,FIFA 24,Asia,4159493,1724792,270,48,7205561,388330,211528,16.95,4
Nov-2024,FIFA 24,Asia,3846021,1740020,252,50,6241931,217323,213411,11.42,0
Nov-2024,FIFA 24,Asia,3793036,1881387,265,54,8280610,325225,163815,5.49,2
Nov-2024,FIFA 24,Asia,3993234,1956801,269,55,9413402,397971,246768,21.81,5
Nov-2024,FIFA 24,Asia,3899229,1941601,270,53,8530236,493975,165664,13.63,1
Nov-2024,FIFA 24,Asia,4432202,1783128,286,53,6830689,307690,152251,5.1,3
Nov-2024,FIFA 24,Asia,3793429,2039384,284,55,9439485,596183,217352,12.07,4
Nov-2024,FIFA 24,Asia,3713579,1691864,234,50,8421154,314468,123899,16.91,3
Nov-2024,FIFA 24,Asia,4049439,1800360,282,51,7539037,356350,229785,7.75,0
Nov-2024,FIFA 24,Asia,3798296,1771390,230,52,6741233,419748,155756,22.24,4
Nov-2024,FIFA 24,Asia,4000623,1946910,258,44,8374934,475959,292779,10.9,2
Nov-2024,FIFA 24,Asia,4204479,1937834,250,47,7792269,499273,230120,11.84,1
Nov-2024,FIFA 24,Asia,3862519,1705150,258,51,6495023,350588,116956,24.21,3
Nov-2024,FIFA 24,Asia,4223000,1824603,264,52,7400244,470344,245361,7.93,0
Nov-2024,FIFA 24,Asia,4150869,1725815,282,49,9802000,400749,216439,23.24,1
Nov-2024,FIFA 24,Asia,3994474,1862391,253,46,6835448,420443,193989,12.06,0
Nov-2024,FIFA 24,Asia,3779527,1772185,249,54,6609890,450977,216392,8.57,1
Nov-2024,FIFA 24,Asia,4088186,1840127,262,49,7405603,417604,177151,11.27,5
Nov-2024,FIFA 24,Asia,3781201,1730154,260,54,6046877,209687,251789,18.35,0
Nov-2024,FIFA 24,Asia,3758507,1950031,244,52,5908242,468094,166191,7.42,2
Nov-2024,FIFA 24,South America,3885785,1762628,295,56,9303829,419657,203613,21.8,3
Nov-2024,FIFA 24,South America,4056799,1801358,277,52,10069132,417187,218064,11.95,1
Nov-2024,FIFA 24,South America,4268958,1860695,254,49,10670605,263994,188577,14.45,4
Nov-2024,FIFA 24,South America,4386987,1850320,243,51,10073418,475724,257595,8.8,2
Nov-2024,FIFA 24,South America,3622484,1839053,267,49,6405070,305827,160571,11.59,0
Nov-2024,FIFA 24,South America,4085739,1826902,253,52,10204276,368412,279303,7.09,3
Nov-2024,FIFA 24,South America,3695552,1890751,293,51,6249398,372544,150994,10.26,4
Nov-2024,FIFA 24,South America,4063261,1923093,278,48,6574649,437215,188052,22.85,3
Nov-2024,FIFA 24,South America,4123176,1816814,254,53,7028223,493178,178237,20.71,0
Nov-2024,FIFA 24,South America,4641101,1882652,256,53,11503935,349609,206450,22.79,4
Nov-2024,FIFA 24,South America,3808003,1937278,268,53,7028950,415810,256556,13.17,3
Nov-2024,FIFA 24,South America,3769040,1823745,254,51,7947833,368717,147427,13.1,3
Nov-2024,FIFA 24,South America,4269726,1793558,259,59,10111194,374414,277020,15.96,4
Nov-2024,FIFA 24,South America,3966993,1803763,267,46,6401054,349030,238555,11.45,1
Nov-2024,FIFA 24,South America,4104448,1952826,256,51,9083772,516793,241540,6.87,3
Nov-2024,FIFA 24,South America,4207769,1768724,266,48,7092392,376426,185775,21.16,1
Nov-2024,FIFA 24,South America,4048739,1732045,296,51,6552979,351310,234768,10.38,3
Nov-2024,FIFA 24,South America,4002074,1875220,276,54,8026356,191686,175088,20.3,1
Nov-2024,FIFA 24,South America,3886771,1799012,258,53,7760334,251219,172274,24.48,5
Nov-2024,FIFA 24,South America,3853814,1931634,258,53,8216619,325061,176954,15.69,4
Nov-2024,FIFA 24,Africa,4081091,1753898,258,54,6578343,464621,200197,7.29,1
Nov-2024,FIFA 24,Africa,3932425,1855480,269,53,6905371,452038,169794,8.89,1
Nov-2024,FIFA 24,Africa,3833680,1736520,262,51,7938058,337726,228167,16.98,0
Nov-2024,FIFA 24,Africa,4092604,1827946,254,52,7979122,375435,126724,16.35,0
Nov-2024,FIFA 24,Africa,4090403,1903828,260,51,6577699,435254,246789,9.17,0
Nov-2024,FIFA 24,Africa,3773778,1885574,252,50,7039270,453804,179824,5.95,1
Nov-2024,FIFA 24,Africa,4199571,1802170,270,47,9803349,302511,186310,23.64,0
Nov-2024,FIFA 24,Africa,4175707,1779170,274,50,9372340,408011,121411,18.47,1
Nov-2024,FIFA 24,Africa,3706462,1832652,279,50,6456912,296706,201689,5.25,0
Nov-2024,FIFA 24,Africa,4008149,1894735,261,51,9356932,403204,225023,15.91,0
Nov-2024,FIFA 24,Africa,4185736,1690691,253,56,9634647,318157,236031,6.48,4
Nov-2024,FIFA 24,Africa,4008966,1922654,263,52,8915704,354051,199902,22.52,4
Nov-2024,FIFA 24,Africa,3693459,1720680,264,52,6510699,300094,211759,22.59,5
Nov-2024,FIFA 24,Africa,3653403,1829112,261,49,6735063,276319,189325,17.35,1
Nov-2024,FIFA 24,Africa,4193658,1698355,255,49,7629062,344446,240584,24.81,3
Nov-2024,FIFA 24,Africa,4318803,1854476,250,51,8532372,438487,208039,5.87,3
Nov-2024,FIFA 24,Africa,4295386,1959787,268,56,9349285,449965,231971,20.18,5
Nov-2024,FIFA 24,Africa,3941551,1888076,277,53,8147114,394435,247686,10.23,0
Nov-2024,FIFA 24,Africa,4293208,2075755,270,48,10335538,387312,223607,9.2,3
Nov-2024,FIFA 24,Africa,4000844,1871879,232,46,6969041,398368,181554,21.67,4
Nov-2024,FIFA 24,Oceania,3924633,1801560,294,56,8626573,430552,144505,10.0,0
Nov-2024,FIFA 24,Oceania,3947209,1798692,261,51,7678600,386731,231593,10.63,3
Nov-2024,FIFA 24,Oceania,4357837,1792071,264,53,8736712,476399,223799,16.56,2
Nov-2024,FIFA 24,Oceania,3986554,1801966,254,48,8006451,348971,151972,14.51,5
Nov-2024,FIFA 24,Oceania,3903283,1929782,247,50,7383611,429743,183663,9.59,0
Nov-2024,FIFA 24,Oceania,3842961,1771175,273,52,8226896,443714,162876,5.05,1
Nov-2024,FIFA 24,Oceania,3956797,1718981,277,49,8501165,554017,205149,12.18,5
Nov-2024,FIFA 24,Oceania,3704477,1848816,290,50,6451889,261329,168600,24.12,1
Nov-2024,FIFA 24,Oceania,3946224,1912509,272,51,7218711,302575,202564,18.57,2
Nov-2024,FIFA 24,Oceania,4014678,1742041,284,49,6047169,475635,176674,14.64,5
Nov-2024,FIFA 24,Oceania,3785946,1923266,276,49,7305555,222525,132838,8.84,0
Nov-2024,FIFA 24,Oceania,4049619,1767560,250,54,8308727,279239,292709,24.3,5
Nov-2024,FIFA 24,Oceania,3854210,1769492,269,51,8172828,303052,180643,13.97,4
Nov-2024,FIFA 24,Oceania,3994753,1726544,262,53,7648170,422878,177018,14.37,5
Nov-2024,FIFA 24,Oceania,4223855,1786020,272,50,8976033,377338,308437,16.76,1
Nov-2024,FIFA 24,Oceania,3712271,1872524,290,49,6266417,435925,214790,10.02,1
Nov-2024,FIFA 24,Oceania,3961841,1755509,278,49,7306630,391979,244523,8.36,4
Nov-2024,FIFA 24,Oceania,4342203,1882562,262,57,7476979,517682,275453,10.12,3
Nov-2024,FIFA 24,Oceania,4498788,1818170,285,55,7948016,532543,239772,22.96,3
Nov-2024,FIFA 24,Oceania,4145079,1859735,281,48,9599674,319680,131442,21.54,2
Dec-2024,FIFA 24,NA,3940512,1939953,278,54,7237388,400655,180376,10.95,0
Dec-2024,FIFA 24,NA,4367468,1970880,277,48,7333361,425176,235055,8.84,4
Dec-2024,FIFA 24,NA,3737043,1768032,285,49,6994348,397438,201961,15.22,4
Dec-2024,FIFA 24,NA,3793987,1695475,270,48,8216421,377513,166361,24.11,5
Dec-2024,FIFA 24,NA,4081715,1930018,243,50,7719455,419520,209168,21.19,4
Dec-2024,FIFA 24,NA,3987532,1730347,268,51,7080485,428870,192747,21.62,4
Dec-2024,FIFA 24,NA,4056699,1916270,291,59,6514144,313876,200954,13.14,1
Dec-2024,FIFA 24,NA,3950293,1818627,268,53,7642528,527693,228607,18.88,0
Dec-2024,FIFA 24,NA,3975575,1815080,262,53,6582527,448378,235861,24.86,2
Dec-2024,FIFA 24,NA,4081437,1940349,283,50,7750572,413782,149912,11.12,3
Dec-2024,FIFA 24,NA,4070721,1742914,290,56,9939100,331589,193823,15.41,0
Dec-2024,FIFA 24,NA,4066804,1815332,285,53,8237052,616945,235435,10.29,2
Dec-2024,FIFA 24,NA,4054357,2092458,268,52,6930593,386793,195659,15.37,2
Dec-2024,FIFA 24,NA,4155559,1731906,272,53,9940509,383954,247848,19.47,3
Dec-2024,FIFA 24,NA,3393863,1748562,280,51,5322365,322325,145364,22.48,0
Dec-2024,FIFA 24,NA,3738315,1721821,266,48,9026749,444038,167574,20.78,2
Dec-2024,FIFA 24,NA,3591873,1849888,264,53,8064207,432216,194014,21.6,0
Dec-2024,FIFA 24,NA,4160772,1796818,285,53,8664482,384150,220352,5.5,2
Dec-2024,FIFA 24,NA,4087388,1766830,250,54,7410349,340205,164406,24.2,2
Dec-2024,FIFA 24,NA,3854710,1917228,281,48,7496471,445794,225300,9.69,3
Dec-2024,FIFA 24,EU,4155032,1923200,276,52,10109204,455202,266865,16.49,0
Dec-2024,FIFA 24,EU,3850836,1901488,251,46,8732875,375284,161956,7.04,4
Dec-2024,FIFA 24,EU,4163043,1786584,290,54,8486426,594674,239375,16.49,5
Dec-2024,FIFA 24,EU,3927407,1787175,270,51,8729533,304552,162111,14.38,4
Dec-2024,FIFA 24,EU,4007621,1941695,248,49,10008928,413593,191573,7.82,2
Dec-2024,FIFA 24,EU,3927159,1777104,276,51,6545183,146106,103779,18.23,4
Dec-2024,FIFA 24,EU,3730990,1794005,276,53,7927313,393386,215374,16.87,0
Dec-2024,FIFA 24,EU,4350251,1643721,261,49,8130697,656168,205242,21.83,0
Dec-2024,FIFA 24,EU,4146630,1739053,278,51,6441052,386632,228727,5.01,5
Dec-2024,FIFA 24,EU,3819706,1840535,265,54,7390402,308607,140735,22.73,3
Dec-2024,FIFA 24,EU,3974954,1700561,260,52,6318406,443450,246908,15.08,3
Dec-2024,FIFA 24,EU,3876091,1794398,265,50,8104963,425555,304415,21.41,3
Dec-2024,FIFA 24,EU,4550885,1926926,251,51,8075367,449297,263740,7.93,4
Dec-2024,FIFA 24,EU,4037457,1858729,271,46,6544482,421278,202703,20.25,3
Dec-2024,FIFA 24,EU,3899741,1844449,256,50,8934284,454078,155418,12.1,1
Dec-2024,FIFA 24,EU,4239499,1629535,259,54,9941759,381336,270564,6.24,5
Dec-2024,FIFA 24,EU,4087214,1658120,262,52,6644686,475669,158721,23.54,1
Dec-2024,FIFA 24,EU,4273591,1948010,282,46,10553009,336430,250251,16.27,3
Dec-2024,FIFA 24,EU,4198875,1811894,284,46,8436764,245640,169831,12.28,0
Dec-2024,FIFA 24,EU,3862455,1770785,279,50,6746690,327675,183165,16.96,1
Dec-2024,FIFA 24,Asia,3883709,1858915,271,52,8790130,297196,177523,19.88,2
Dec-2024,FIFA 24,Asia,3963312,1688448,286,49,7478828,426907,152248,5.79,3
Dec-2024,FIFA 24,Asia,3950830,1826507,273,49,6887125,341725,174434,17.48,4
Dec-2024,FIFA 24,Asia,4163746,1642956,270,54,8576091,433873,175703,5.66,1
Dec-2024,FIFA 24,Asia,4318829,1931024,268,55,10735490,265958,242964,12.88,1
Dec-2024,FIFA 24,Asia,3909836,1763575,248,52,7202516,436485,181096,19.1,1
Dec-2024,FIFA 24,Asia,3785199,1883194,240,52,9462128,425295,174309,5.23,1
Dec-2024,FIFA 24,Asia,4115948,1761282,273,51,6312973,472385,154287,11.8,2
Dec-2024,FIFA 24,Asia,4045079,1605434,249,47,9266486,359966,274043,13.35,4
Dec-2024,FIFA 24,Asia,3641245,1834994,260,52,8492941,299101,132452,13.67,3
Dec-2024,FIFA 24,Asia,3938683,1838211,242,53,9489858,348780,148567,12.08,5
Dec-2024,FIFA 24,Asia,4199900,1737420,289,50,10420776,451640,228293,13.98,4
Dec-2024,FIFA 24,Asia,4382595,1806950,297,49,9288256,465589,272521,14.2,0
Dec-2024,FIFA 24,Asia,4006926,2040831,231,56,7991982,339409,243781,16.69,1
Dec-2024,FIFA 24,Asia,4349445,1694815,277,49,9585780,433543,242814,6.81,3
Dec-2024,FIFA 24,Asia,3956744,1709835,268,49,8795796,404487,201697,21.61,1
Dec-2024,FIFA 24,Asia,3684526,1826653,297,49,6384002,295055,180251,11.32,1
Dec-2024,FIFA 24,Asia,3890180,1906961,275,49,9360519,441004,172293,5.39,2
Dec-2024,FIFA 24,Asia,3872617,2011626,271,48,7837557,316340,188898,20.07,5
Dec-2024,FIFA 24,Asia,4001771,1871047,275,50,8143737,322977,182681,18.39,1
Dec-2024,FIFA 24,South America,3784327,1800855,273,55,7000870,413350,172413,11.1,3
Dec-2024,FIFA 24,South America,3672710,1855182,264,52,6124689,255953,207105,23.99,3
Dec-2024,FIFA 24,South America,3929314,1907944,249,51,6145471,299928,215793,6.48,5
Dec-2024,FIFA 24,South America,3733263,1828136,268,52,6758700,345298,159313,14.74,5
Dec-2024,FIFA 24,South America,4040493,1815507,256,48,9089089,395422,165064,13.68,2
Dec-2024,FIFA 24,South America,3692503,1956849,274,53,6033824,445188,171760,16.54,5
Dec-2024,FIFA 24,South America,4299732,1905984,283,51,9921220,440763,286953,10.18,3
Dec-2024,FIFA 24,South America,3895594,1810413,291,53,9246354,507975,157578,10.35,3
Dec-2024,FIFA 24,South America,3666516,1770266,271,50,6967046,310271,246152,7.62,4
Dec-2024,FIFA 24,South America,3873666,1967118,260,51,8403108,454658,44441,14.93,0
Dec-2024,FIFA 24,South America,4219086,1842585,262,48,7261462,400965,171060,11.22,1
Dec-2024,FIFA 24,South America,4207048,1778835,267,50,8090147,413264,173880,21.67,3
Dec-2024,FIFA 24,South America,3815805,1835204,244,50,6040366,297617,217564,12.45,4
Dec-2024,FIFA 24,South America,3861937,1885423,274,55,8116243,316783,146151,19.61,0
Dec-2024,FIFA 24,South America,4166429,1921293,262,46,7753081,409359,190241,22.5,4
Dec-2024,FIFA 24,South America,3707746,1869995,261,49,8532502,326119,220239,20.23,2
Dec-2024,FIFA 24,South America,3999983,1561225,262,51,6852724,362728,205668,17.84,3
Dec-2024,FIFA 24,South America,4064540,1993432,272,51,8754458,294853,230301,19.81,1
Dec-2024,FIFA 24,South America,3839905,1856973,246,50,5762519,347273,148696,19.75,0
Dec-2024,FIFA 24,South America,3857478,1802161,233,49,7967639,403408,233841,23.25,1
Dec-2024,FIFA 24,Africa,4061250,1995899,266,51,8934279,514742,168210,7.18,5
Dec-2024,FIFA 24,Africa,3716515,1802100,277,56,8868045,371008,242388,15.64,2
Dec-2024,FIFA 24,Africa,4144195,1701063,239,48,8150429,454632,182675,23.04,3
Dec-2024,FIFA 24,Africa,4054276,1552193,207,49,6754873,564472,166425,21.35,4
Dec-2024,FIFA 24,Africa,4017518,1852610,255,49,9175567,437141,171658,21.05,4
Dec-2024,FIFA 24,Africa,3744910,1741580,278,51,6663852,353312,186694,15.51,1
Dec-2024,FIFA 24,Africa,3914085,1967250,267,54,7288942,459985,186329,11.53,0
Dec-2024,FIFA 24,Africa,3836945,1765448,273,50,6667011,442380,152108,23.3,1
Dec-2024,FIFA 24,Africa,4118058,1818143,290,55,9026156,444575,220702,10.89,4
Dec-2024,FIFA 24,Africa,3962696,1933374,255,49,6487475,505717,315538,22.39,1
Dec-2024,FIFA 24,Africa,4181364,2046087,273,51,9545483,532786,210935,8.07,3
Dec-2024,FIFA 24,Africa,3542259,1737464,277,52,8142885,371810,210614,5.7,0
Dec-2024,FIFA 24,Africa,4291941,1807201,254,48,6910307,465506,241748,21.32,5
Dec-2024,FIFA 24,Africa,4117268,1786513,284,57,7829687,351178,235426,7.19,1
Dec-2024,FIFA 24,Africa,4128800,1895212,283,50,9890209,411079,217162,15.24,2
Dec-2024,FIFA 24,Africa,4016635,1925420,266,55,8119433,384052,189773,14.25,5
Dec-2024,FIFA 24,Africa,4081615,1834503,275,54,8119286,420026,171438,23.34,5
Dec-2024,FIFA 24,Africa,3799330,1964410,262,52,6040520,374424,148885,16.51,3
Dec-2024,FIFA 24,Africa,3598265,1890639,267,50,8169452,369324,175050,13.47,2
Dec-2024,FIFA 24,Africa,4115018,1688277,288,56,10259153,388671,230626,21.05,2
Dec-2024,FIFA 24,Oceania,4085372,1808008,279,52,9295900,329491,183322,21.83,4
Dec-2024,FIFA 24,Oceania,4152974,1823964,276,56,8847639,408325,222393,13.96,4
Dec-2024,FIFA 24,Oceania,3958870,1933603,262,52,6392096,389626,173183,15.82,1
Dec-2024,FIFA 24,Oceania,4084227,1795050,276,48,6512763,443007,203761,6.5,2
Dec-2024,FIFA 24,Oceania,3712290,1820279,268,55,7507251,342664,186738,12.57,0
Dec-2024,FIFA 24,Oceania,4116364,2027824,278,52,8453759,430655,190355,18.77,3
Dec-2024,FIFA 24,Oceania,3888759,1698106,249,47,7997677,405750,164736,7.71,5
Dec-2024,FIFA 24,Oceania,3677805,1755261,278,48,7240082,387069,160611,23.97,0
Dec-2024,FIFA 24,Oceania,3928756,1985808,286,51,6198263,347835,254456,22.02,0
Dec-2024,FIFA 24,Oceania,4008008,1851316,276,52,8343656,382811,295502,19.02,2
Dec-2024,FIFA 24,Oceania,4191681,1834338,280,49,6926002,408066,210798,10.97,3
Dec-2024,FIFA 24,Oceania,3642239,1817445,243,46,7240103,452983,136767,22.12,3
Dec-2024,FIFA 24,Oceania,4022575,1624114,277,53,6675530,353699,203324,13.27,3
Dec-2024,FIFA 24,Oceania,4131773,1883666,287,48,7567263,491154,174391,24.54,0
Dec-2024,FIFA 24,Oceania,3953624,1772215,279,54,6135472,365093,194916,24.54,0
Dec-2024,FIFA 24,Oceania,4275280,1914881,241,51,9700330,520150,221498,23.4,4
Dec-2024,FIFA 24,Oceania,3774825,1787513,265,51,6719446,340228,166411,9.04,1
Dec-2024,FIFA 24,Oceania,3705412,1809716,240,51,9164918,239159,202676,12.78,3
Dec-2024,FIFA 24,Oceania,4179033,1876365,243,54,9792270,499829,230092,16.77,4
Dec-2024,FIFA 24,Oceania,3959810,1859631,264,53,6394106,325202,147474,22.37,3
Jan-2024,Fortnite,NA,4043698,1873044,261,51,6145003,443738,198480,24.73,1
Jan-2024,Fortnite,NA,3970568,1912263,298,47,9148215,392414,216267,5.32,1
Jan-2024,Fortnite,NA,4003716,2081898,287,49,8439163,386360,139149,16.06,5
Jan-2024,Fortnite,NA,3847903,1974042,251,51,9112065,372715,253823,5.37,0
Jan-2024,Fortnite,NA,3881499,1991811,229,48,7930977,358009,243907,10.8,1
Jan-2024,Fortnite,NA,3972795,1944042,257,48,7863795,386378,209822,14.24,3
Jan-2024,Fortnite,NA,4067097,1983731,263,47,9815895,455787,184801,14.37,2
Jan-2024,Fortnite,NA,4137329,2080478,282,52,8854408,429519,154810,8.45,2
Jan-2024,Fortnite,NA,3773755,1985960,271,48,6577438,319313,184442,19.59,3
Jan-2024,Fortnite,NA,3899850,1956927,255,52,9682102,383267,247736,19.91,2
Jan-2024,Fortnite,NA,3924868,1951271,264,51,8536383,345987,215596,6.49,2
Jan-2024,Fortnite,NA,4607453,2159084,258,45,9936454,473306,288142,21.76,5
Jan-2024,Fortnite,NA,3946580,2049566,265,51,7943151,456236,266398,11.12,1
Jan-2024,Fortnite,NA,3555728,2003531,262,51,7434508,412533,197516,19.58,5
Jan-2024,Fortnite,NA,4122578,1901779,280,46,7220312,475817,177005,7.58,5
Jan-2024,Fortnite,NA,3872764,2094479,270,47,9013077,466885,181706,17.25,2
Jan-2024,Fortnite,NA,3848803,2035315,251,50,6694473,458664,107031,17.28,4
Jan-2024,Fortnite,NA,4326495,1854247,262,49,9304430,403862,263755,17.94,0
Jan-2024,Fortnite,NA,3768216,1764946,283,48,6079513,377406,226360,8.02,4
Jan-2024,Fortnite,NA,3826048,1983011,241,49,8814849,360743,184630,7.45,5
Jan-2024,Fortnite,EU,4428347,2013905,278,45,8797752,368464,181163,5.76,4
Jan-2024,Fortnite,EU,3973326,2121449,265,50,7986572,491815,199649,9.16,3
Jan-2024,Fortnite,EU,4467494,1896083,239,47,10307838,641740,211113,19.88,0
Jan-2024,Fortnite,EU,4108097,2043148,271,52,7692004,378329,212157,17.77,4
Jan-2024,Fortnite,EU,3938517,2098806,242,45,6249099,396696,203577,22.51,0
Jan-2024,Fortnite,EU,3832862,1991816,254,46,7128946,348024,215152,16.85,1
Jan-2024,Fortnite,EU,4006196,1967270,252,48,6683197,381079,179917,21.78,3
Jan-2024,Fortnite,EU,3673978,1887995,238,46,8699494,282993,112712,21.89,2
Jan-2024,Fortnite,EU,4097957,1995579,258,47,6671620,290927,199479,21.15,4
Jan-2024,Fortnite,EU,3795810,1938614,284,47,9387499,384076,205558,20.55,0
Jan-2024,Fortnite,EU,3678950,1974419,238,50,8755252,303225,190128,8.49,5
Jan-2024,Fortnite,EU,3756877,1982074,251,49,6153198,281473,141005,19.55,0
Jan-2024,Fortnite,EU,4083494,2124350,254,50,9415585,421113,255770,16.84,2
Jan-2024,Fortnite,EU,3771450,2174932,258,48,7756561,427278,217879,17.53,1
Jan-2024,Fortnite,EU,3942798,1989152,276,51,6632265,438056,260191,6.94,5
Jan-2024,Fortnite,EU,4187724,2014049,286,48,6960368,446447,226863,5.4,1
Jan-2024,Fortnite,EU,3806811,1855192,265,44,7371841,378580,229378,20.29,1
Jan-2024,Fortnite,EU,4238275,1754130,265,45,10045487,452526,199555,19.26,2
Jan-2024,Fortnite,EU,4137166,1870209,286,48,10196623,320959,196948,22.27,0
Jan-2024,Fortnite,EU,4120126,1860950,271,44,9771698,356325,208160,19.85,1
Jan-2024,Fortnite,Asia,3953471,1814858,269,47,6867220,346224,201867,24.65,5
Jan-2024,Fortnite,Asia,4010369,1902308,277,43,6582931,234079,170611,23.89,2
Jan-2024,Fortnite,Asia,4172331,1893690,262,47,10106649,467069,181357,5.78,5
Jan-2024,Fortnite,Asia,4225502,2078925,255,45,6440905,471194,222613,16.99,4
Jan-2024,Fortnite,Asia,4356236,1925003,280,51,6669215,427658,188624,15.01,1
Jan-2024,Fortnite,Asia,4419394,2096085,256,49,10878782,568584,198969,14.36,1
Jan-2024,Fortnite,Asia,4135462,2008850,262,44,7718742,373958,188691,12.08,0
Jan-2024,Fortnite,Asia,4214670,2005758,280,46,7588349,506974,178899,22.04,3
Jan-2024,Fortnite,Asia,4038278,2197310,251,54,9902095,499432,163356,23.56,3
Jan-2024,Fortnite,Asia,4179621,2039336,245,46,6760886,469778,229103,17.65,0
Jan-2024,Fortnite,Asia,4278413,2067193,245,42,8464028,438999,205458,24.35,5
Jan-2024,Fortnite,Asia,3847033,1838502,275,49,5975488,332002,138298,9.5,3
Jan-2024,Fortnite,Asia,4275169,2188090,227,46,9126074,567072,151621,11.73,4
Jan-2024,Fortnite,Asia,4246136,1880455,243,56,8574544,280309,237386,15.15,1
Jan-2024,Fortnite,Asia,4452755,2015219,259,48,10896925,371377,161808,14.67,0
Jan-2024,Fortnite,Asia,4013513,1907441,278,54,6869177,368378,99201,6.77,3
Jan-2024,Fortnite,Asia,4066768,2050322,246,53,6149987,430253,89083,15.44,2
Jan-2024,Fortnite,Asia,4323073,1845993,266,56,8721435,394413,257660,6.38,0
Jan-2024,Fortnite,Asia,3709304,1955921,282,46,8374335,275352,169129,8.21,4
Jan-2024,Fortnite,Asia,4181351,1932360,256,52,9302212,484315,285319,10.89,3
Jan-2024,Fortnite,South America,3984963,2037291,263,44,9223257,500952,146149,20.46,5
Jan-2024,Fortnite,South America,4235011,1871412,242,51,10157032,346251,176013,22.66,0
Jan-2024,Fortnite,South America,4061439,2123296,272,47,6909963,493264,181557,5.2,3
Jan-2024,Fortnite,South America,3644885,2088034,259,45,8687216,312940,274731,19.31,2
Jan-2024,Fortnite,South America,3975966,2031540,273,49,9743869,426961,145844,5.6,3
Jan-2024,Fortnite,South America,3891414,1921480,248,52,9158109,379609,180131,24.88,5
Jan-2024,Fortnite,South America,4187656,2034435,255,49,7125302,347692,150081,14.26,4
Jan-2024,Fortnite,South America,4000281,2033050,282,53,7325553,490767,174849,8.14,0
Jan-2024,Fortnite,South America,3863929,2017697,275,55,8882756,475236,133964,13.56,0
Jan-2024,Fortnite,South America,4040430,1976973,246,47,6112245,280914,244540,18.93,5
Jan-2024,Fortnite,South America,4087110,1904108,260,49,6522319,190799,235879,7.42,1
Jan-2024,Fortnite,South America,3830142,2038152,237,48,8272917,439728,248030,21.6,5
Jan-2024,Fortnite,South America,3961383,2100055,276,48,9867807,404368,207320,12.08,0
Jan-2024,Fortnite,South America,4383904,1994265,262,47,7096689,408101,137540,9.16,4
Jan-2024,Fortnite,South America,3860698,1952049,274,45,7169704,369600,158229,11.78,4
Jan-2024,Fortnite,South America,3849444,2089750,275,52,6752351,544483,153789,7.08,1
Jan-2024,Fortnite,South America,4026348,2100961,257,45,6530873,327311,137896,5.59,0
Jan-2024,Fortnite,South America,3974620,1859215,246,48,7917641,328344,219994,22.65,4
Jan-2024,Fortnite,South America,4064179,2069858,264,44,6914053,418715,231848,23.7,5
Jan-2024,Fortnite,South America,4061093,1773325,245,48,9234245,295993,157477,15.34,2
Jan-2024,Fortnite,Africa,3811930,2134228,236,49,7924122,465585,195863,19.36,0
Jan-2024,Fortnite,Africa,4096564,1859482,274,49,9153810,453590,184873,5.44,2
Jan-2024,Fortnite,Africa,4216676,1979917,246,46,9506084,520936,168622,21.44,2
Jan-2024,Fortnite,Africa,3992515,2046290,264,47,7238246,515594,247075,23.83,0
Jan-2024,Fortnite,Africa,3909234,1927763,267,50,8649294,300662,195681,18.18,2
Jan-2024,Fortnite,Africa,4143561,1981082,258,50,6288581,420417,244266,14.45,3
Jan-2024,Fortnite,Africa,3749180,1823984,244,45,5732366,400354,170714,14.08,0
Jan-2024,Fortnite,Africa,4212566,2022746,219,44,9652310,442176,203671,9.36,2
Jan-2024,Fortnite,Africa,4253517,1949736,247,50,7641082,353949,205414,16.34,5
Jan-2024,Fortnite,Africa,4074836,2152688,271,42,10102407,524732,194255,9.39,2
Jan-2024,Fortnite,Africa,3709587,1972533,267,45,7175383,324685,183453,21.64,4
Jan-2024,Fortnite,Africa,4396684,1765350,264,48,8053518,479951,260826,23.77,0
Jan-2024,Fortnite,Africa,3847613,2234905,253,47,8603749,286373,184936,7.19,2
Jan-2024,Fortnite,Africa,3927425,1922456,274,46,6473131,282666,237593,24.09,4
Jan-2024,Fortnite,Africa,4326044,2099449,263,44,9010637,345445,130011,10.21,2
Jan-2024,Fortnite,Africa,4462038,1936183,235,52,9190140,488061,258269,9.51,5
Jan-2024,Fortnite,Africa,3959945,1960928,275,46,9403112,255913,133816,12.21,1
Jan-2024,Fortnite,Africa,3812237,2006006,297,47,9264020,379641,161974,11.44,0
Jan-2024,Fortnite,Africa,3831944,2082397,271,48,8554079,298621,218579,21.98,0
Jan-2024,Fortnite,Africa,4037454,1881294,267,51,6159858,363497,262463,7.55,3
Jan-2024,Fortnite,Oceania,4261913,1972569,259,45,8194381,378844,210361,6.66,5
Jan-2024,Fortnite,Oceania,3738636,1987920,262,50,5944512,234134,226554,22.92,5
Jan-2024,Fortnite,Oceania,4242714,1886183,255,43,8220524,546025,287245,17.35,4
Jan-2024,Fortnite,Oceania,4010875,2113041,265,53,6065296,492740,195555,15.67,3
Jan-2024,Fortnite,Oceania,4092232,1978251,243,47,8051701,348579,200362,8.56,2
Jan-2024,Fortnite,Oceania,3554835,1848190,252,45,7199213,367369,213278,16.77,3
Jan-2024,Fortnite,Oceania,4172404,1962323,262,53,9825082,360765,149936,20.5,1
Jan-2024,Fortnite,Oceania,3799439,1957857,239,50,7703505,398113,224071,23.51,3
Jan-2024,Fortnite,Oceania,3947393,1794825,291,48,7956626,352997,162375,11.44,3
Jan-2024,Fortnite,Oceania,3809819,1717707,270,47,8745942,268534,220337,18.62,0
Jan-2024,Fortnite,Oceania,4177131,1947124,281,48,7470281,475623,177493,20.31,5
Jan-2024,Fortnite,Oceania,3916212,2030929,299,49,8761398,473301,224278,6.14,5
Jan-2024,Fortnite,Oceania,3956680,2166644,261,50,6389057,416055,201543,8.27,1
Jan-2024,Fortnite,Oceania,3865649,1868381,265,50,8723800,417606,183281,9.14,0
Jan-2024,Fortnite,Oceania,3936796,2044256,260,51,6769420,302608,206530,16.27,0
Jan-2024,Fortnite,Oceania,4154743,2127919,243,51,8343438,275734,174277,6.31,1
Jan-2024,Fortnite,Oceania,4047437,1889454,283,49,6406871,406294,206161,21.73,3
Jan-2024,Fortnite,Oceania,4068189,2041761,257,48,7906393,433810,147238,24.22,5
Jan-2024,Fortnite,Oceania,4378756,2063115,276,47,7220757,474498,254127,5.27,2
Jan-2024,Fortnite,Oceania,3930350,1877707,265,46,6434265,225097,211657,17.87,4
Feb-2024,Fortnite,NA,4299874,1887544,268,50,10466545,459210,300296,24.39,0
Feb-2024,Fortnite,NA,3812220,1970159,235,51,8070730,458904,202770,24.52,4
Feb-2024,Fortnite,NA,3805758,1951989,267,47,8141795,315852,185088,18.64,4
Feb-2024,Fortnite,NA,4052616,2049262,268,49,6607249,421477,211123,16.3,1
Feb-2024,Fortnite,NA,3761842,1786391,268,46,6349288,349795,166100,16.95,1
Feb-2024,Fortnite,NA,3906274,1886004,274,50,6057831,480881,217180,14.07,3
Feb-2024,Fortnite,NA,4052545,1982915,269,44,8924820,451058,207164,15.77,4
Feb-2024,Fortnite,NA,3832816,1919989,263,46,5943617,364099,146097,17.92,3
Feb-2024,Fortnite,NA,4264972,1886671,252,52,8475094,347045,189929,21.88,0
Feb-2024,Fortnite,NA,4002689,2072720,284,50,8698051,462431,155512,21.66,1
Feb-2024,Fortnite,NA,3730589,1928878,267,50,8378496,320017,134569,10.74,2
Feb-2024,Fortnite,NA,3974200,2062065,234,49,9155857,440117,149944,21.27,4
Feb-2024,Fortnite,NA,4113439,2149364,254,51,7256505,387454,144304,13.86,0
Feb-2024,Fortnite,NA,3806847,1917678,250,49,7876753,280599,170328,19.17,2
Feb-2024,Fortnite,NA,4415412,2067620,236,50,9144392,445411,199575,15.04,1
Feb-2024,Fortnite,NA,4288057,2029028,267,50,7331981,319357,247274,14.45,1
Feb-2024,Fortnite,NA,3897398,2097688,299,54,6407418,416420,187664,14.77,5
Feb-2024,Fortnite,NA,4196306,2192810,264,47,10126860,265165,135781,8.1,2
Feb-2024,Fortnite,NA,4299632,1889731,261,49,7537754,606281,201363,11.66,4
Feb-2024,Fortnite,NA,4282683,2100583,267,48,7215499,358587,148174,6.18,3
Feb-2024,Fortnite,EU,4221569,1928360,262,47,6448927,502569,189546,11.9,2
Feb-2024,Fortnite,EU,3947166,2189067,263,51,6815810,425726,181290,19.02,3
Feb-2024,Fortnite,EU,3960102,1907187,276,45,7787370,311162,231927,5.02,5
Feb-2024,Fortnite,EU,3544662,2039150,272,46,7914035,260849,212129,5.81,3
Feb-2024,Fortnite,EU,4187642,2025543,272,44,8340602,399179,244352,15.84,3
Feb-2024,Fortnite,EU,3855425,1869345,243,50,6846103,332407,129103,19.72,4
Feb-2024,Fortnite,EU,4034354,1972834,252,45,7877302,412923,176485,5.63,4
Feb-2024,Fortnite,EU,4034639,2029356,280,51,6687383,452332,301305,5.19,3
Feb-2024,Fortnite,EU,4291003,2015488,279,51,10360485,300184,231709,14.06,2
Feb-2024,Fortnite,EU,3760187,1962643,233,46,9148032,514635,230725,19.37,3
Feb-2024,Fortnite,EU,3819420,2196221,275,45,9374012,399167,221815,20.92,5
Feb-2024,Fortnite,EU,3936671,2034864,234,53,7439457,371906,179114,9.91,0
Feb-2024,Fortnite,EU,4258468,2159234,257,51,9477087,415388,249191,9.43,0
Feb-2024,Fortnite,EU,4331621,2023625,274,48,8718250,244818,183994,5.45,2
Feb-2024,Fortnite,EU,4073330,1900664,281,49,6256422,341843,183617,8.7,0
Feb-2024,Fortnite,EU,4042132,2080728,222,46,7762122,353999,189568,24.64,5
Feb-2024,Fortnite,EU,3767174,2110975,261,49,7023949,365603,143819,12.03,2
Feb-2024,Fortnite,EU,3962386,1961366,295,51,9462294,343502,267297,24.75,0
Feb-2024,Fortnite,EU,4129143,1968601,270,48,6970563,510705,176595,19.55,3
Feb-2024,Fortnite,EU,3664586,1909511,270,51,5993704,324485,151101,13.13,0
Feb-2024,Fortnite,Asia,3980154,2060820,287,46,7823534,413242,265655,10.53,2
Feb-2024,Fortnite,Asia,4187864,2095728,287,41,8964451,337487,182255,21.11,5
Feb-2024,Fortnite,Asia,3937840,1961224,266,45,9417490,415258,257862,20.08,1
Feb-2024,Fortnite,Asia,4151347,1914466,244,48,9977203,451266,230285,23.45,3
Feb-2024,Fortnite,Asia,3852348,1984445,271,49,9419885,340704,154364,10.19,5
Feb-2024,Fortnite,Asia,3859321,2008931,241,45,7989023,467811,179401,18.73,0
Feb-2024,Fortnite,Asia,4106234,1912023,256,48,8654370,502787,272459,22.39,1
Feb-2024,Fortnite,Asia,4044423,1980696,268,52,9985900,535082,179731,15.7,1
Feb-2024,Fortnite,Asia,3669178,1941463,238,48,8239665,248881,160359,14.43,1
Feb-2024,Fortnite,Asia,3791378,2085353,236,50,7987638,374742,183374,11.52,2
Feb-2024,Fortnite,Asia,3836302,1774127,250,47,7655443,456781,218951,14.11,3
Feb-2024,Fortnite,Asia,4260283,2075011,277,44,6883925,391144,203307,9.88,2
Feb-2024,Fortnite,Asia,4021377,2117673,266,47,10033238,282830,227165,6.87,2
Feb-2024,Fortnite,Asia,4032042,2001656,249,47,7589074,395221,263407,14.62,5
Feb-2024,Fortnite,Asia,3646634,2131585,234,49,6057390,543371,112575,9.44,5
Feb-2024,Fortnite,Asia,4079812,2165688,231,49,6931747,389978,187587,21.15,3
Feb-2024,Fortnite,Asia,4235417,1928387,265,48,7139965,261449,190791,17.94,0
Feb-2024,Fortnite,Asia,4020881,2126255,257,50,7089807,540296,198684,18.88,0
Feb-2024,Fortnite,Asia,3930474,2022666,274,47,5918339,327807,150477,5.25,2
Feb-2024,Fortnite,Asia,4520811,2169356,247,50,10730152,337686,166553,23.27,5
Feb-2024,Fortnite,South America,3684954,1990145,259,48,6406966,416747,154286,14.15,1
Feb-2024,Fortnite,South America,3785545,1936685,257,49,8647857,432179,262264,14.96,4
Feb-2024,Fortnite,South America,3984451,1913854,259,46,6905396,355044,156885,11.01,5
Feb-2024,Fortnite,South America,3971947,2147338,265,55,6472135,458468,209011,21.33,5
Feb-2024,Fortnite,South America,4175781,1958488,294,52,10179905,390977,199839,11.93,5
Feb-2024,Fortnite,South America,3872996,1857445,289,51,6012058,366594,189252,24.44,5
Feb-2024,Fortnite,South America,4194776,1858057,256,45,9595960,535504,201754,18.86,5
Feb-2024,Fortnite,South America,4037299,1995556,276,49,7152273,570870,186268,18.19,3
Feb-2024,Fortnite,South America,3811566,2052226,264,49,6075191,298750,125314,23.7,0
Feb-2024,Fortnite,South America,4258228,2002322,247,49,9205114,434211,260505,12.52,3
Feb-2024,Fortnite,South America,4115032,1895514,274,53,9324810,334516,279102,19.77,2
Feb-2024,Fortnite,South America,4009579,2050112,262,53,10023028,379050,257924,15.1,0
Feb-2024,Fortnite,South America,4038491,2079977,226,44,7908170,537395,216696,12.94,2
Feb-2024,Fortnite,South America,3952919,2045764,258,53,6394426,490501,98444,10.56,3
Feb-2024,Fortnite,South America,4167088,1940931,248,51,8317913,480609,266323,17.23,5
Feb-2024,Fortnite,South America,4237783,1805265,252,46,10313146,276511,272551,5.93,4
Feb-2024,Fortnite,South America,4184168,2042538,231,43,8041627,300663,249093,22.65,1
Feb-2024,Fortnite,South America,3798509,1954510,253,49,9425221,378030,227135,22.82,4
Feb-2024,Fortnite,South America,3858345,2084488,260,46,7440304,356974,197533,18.72,3
Feb-2024,Fortnite,South America,3855174,2035645,259,47,7963416,328121,208205,18.99,1
Feb-2024,Fortnite,Africa,4401848,2034259,298,50,10954596,477258,207988,23.62,2
Feb-2024,Fortnite,Africa,3777558,2033863,302,47,6962999,416804,209215,24.38,2
Feb-2024,Fortnite,Africa,4076902,1995796,277,47,10039276,367812,205761,6.43,1
Feb-2024,Fortnite,Africa,4158578,2074358,281,46,6334716,328445,201295,15.48,2
Feb-2024,Fortnite,Africa,4055950,1878896,284,46,9665612,466657,243205,9.78,2
Feb-2024,Fortnite,Africa,4199641,2087716,271,53,10220484,312254,284795,12.93,4
Feb-2024,Fortnite,Africa,4140314,1986865,286,46,8388133,337564,259903,9.15,2
Feb-2024,Fortnite,Africa,3919452,1857222,264,46,7413922,404525,183122,22.53,5
Feb-2024,Fortnite,Africa,4277145,2000491,287,46,7734549,429990,180286,15.95,4
Feb-2024,Fortnite,Africa,4243934,2056517,289,47,7299920,489985,210539,18.78,0
Feb-2024,Fortnite,Africa,4126290,1888253,262,48,8555716,428546,296737,13.95,1
Feb-2024,Fortnite,Africa,4243801,1962959,272,50,9152982,397813,152515,13.35,1
Feb-2024,Fortnite,Africa,3664680,2178302,256,48,6348347,270968,185081,18.12,5
Feb-2024,Fortnite,Africa,4263073,2044185,256,49,7501129,442658,268837,12.11,1
Feb-2024,Fortnite,Africa,4104284,1938544,236,46,8640848,341178,168195,18.83,0
Feb-2024,Fortnite,Africa,4353553,2002126,262,45,10757743,335984,325859,22.61,1
Feb-2024,Fortnite,Africa,4037667,2063671,260,49,9108578,381283,189651,24.95,5
Feb-2024,Fortnite,Africa,3972193,2140974,264,47,7998327,432427,182770,18.22,5
Feb-2024,Fortnite,Africa,4006073,2159849,237,51,7385383,374741,178014,21.55,1
Feb-2024,Fortnite,Africa,4178636,2200514,254,53,9944769,315084,200463,14.83,5
Feb-2024,Fortnite,Oceania,4100922,2059064,252,49,8769907,447039,146435,14.09,5
Feb-2024,Fortnite,Oceania,3660354,1882962,256,49,7441647,384174,262905,15.88,0
Feb-2024,Fortnite,Oceania,4004503,1902635,258,49,8365972,261740,221540,19.93,2
Feb-2024,Fortnite,Oceania,4222775,1902218,300,49,9419828,674224,261893,24.22,1
Feb-2024,Fortnite,Oceania,4074851,1982078,254,45,7359962,474439,175755,21.42,5
Feb-2024,Fortnite,Oceania,4006523,2080063,285,50,6230048,259695,227765,11.26,1
Feb-2024,Fortnite,Oceania,4162462,1848862,264,49,8271685,674023,244933,11.16,5
Feb-2024,Fortnite,Oceania,4008792,1718510,289,47,8336155,210754,162216,5.41,0
Feb-2024,Fortnite,Oceania,4318462,1895804,261,47,7118662,672776,236270,9.24,4
Feb-2024,Fortnite,Oceania,4110918,2080318,282,49,7450810,521729,174036,11.87,1
Feb-2024,Fortnite,Oceania,4000306,1984550,273,47,8072147,430086,218799,13.28,4
Feb-2024,Fortnite,Oceania,3970736,1861572,280,47,7240924,374185,235086,14.36,2
Feb-2024,Fortnite,Oceania,4477063,2063615,273,46,8824785,516487,169138,14.52,0
Feb-2024,Fortnite,Oceania,3994598,2043933,267,46,8057093,559399,223777,12.63,1
Feb-2024,Fortnite,Oceania,4187085,1828472,260,47,7767019,453217,222160,21.3,2
Feb-2024,Fortnite,Oceania,4080255,1917975,254,48,7287218,450178,257535,23.15,2
Feb-2024,Fortnite,Oceania,3892899,2095383,244,50,8953866,304990,201307,20.13,5
Feb-2024,Fortnite,Oceania,3732732,2019980,282,47,9058202,396345,158020,23.26,0
Feb-2024,Fortnite,Oceania,4156676,2083642,271,48,8098696,581211,137760,20.77,3
Feb-2024,Fortnite,Oceania,4224412,2027438,245,42,10467593,256673,215598,7.71,2
Mar-2024,Fortnite,NA,3949564,1964734,263,42,9352945,367753,213972,6.01,0
Mar-2024,Fortnite,NA,4229985,1950951,277,52,7912136,412712,210213,9.35,3
Mar-2024,Fortnite,NA,4121799,1838216,286,50,6543484,466972,214156,19.51,0
Mar-2024,Fortnite,NA,3753284,1879785,245,49,6560853,307450,186897,7.43,5
Mar-2024,Fortnite,NA,3790279,2015603,256,46,9336748,376634,184833,10.84,4
Mar-2024,Fortnite,NA,4052830,1957898,262,48,7457555,314817,139594,12.28,3
Mar-2024,Fortnite,NA,3952591,2015605,253,50,9229651,487717,180734,12.43,3
Mar-2024,Fortnite,NA,4284700,1844152,252,46,8914295,422893,213880,24.33,1
Mar-2024,Fortnite,NA,4280367,1916839,288,50,10418635,427380,325924,11.69,4
Mar-2024,Fortnite,NA,3853428,1992146,232,49,9258660,379932,122817,12.2,2
Mar-2024,Fortnite,NA,3950099,1934699,284,48,7952748,364954,192065,7.79,4
Mar-2024,Fortnite,NA,4250764,2084074,219,53,8780592,617337,230891,5.22,1
Mar-2024,Fortnite,NA,4301501,2154334,242,48,10476466,454497,188986,16.54,1
Mar-2024,Fortnite,NA,4277739,2048634,242,44,8870057,374163,176170,10.12,3
Mar-2024,Fortnite,NA,3889046,1953381,253,50,8984179,424975,142362,6.16,3
Mar-2024,Fortnite,NA,3833194,1868456,232,47,8595683,336628,226499,8.17,5
Mar-2024,Fortnite,NA,4001389,2026222,269,48,6341956,402088,180317,13.86,2
Mar-2024,Fortnite,NA,4197722,2059373,248,52,6482499,441576,220004,11.07,2
Mar-2024,Fortnite,NA,4337723,1929899,279,48,6730933,356443,256797,11.58,0
Mar-2024,Fortnite,NA,3718780,2021781,250,45,7053614,377348,252790,9.43,3
Mar-2024,Fortnite,EU,4609452,1946458,259,47,9212378,444351,244929,13.54,2
Mar-2024,Fortnite,EU,4099488,2057104,251,49,10077756,498008,231237,11.7,3
Mar-2024,Fortnite,EU,4201131,2040269,255,47,7953553,352521,226281,5.6,4
Mar-2024,Fortnite,EU,3786854,1926843,223,49,7493816,407069,160719,5.12,3
Mar-2024,Fortnite,EU,3997221,2133449,279,42,8403227,302812,172419,20.85,2
Mar-2024,Fortnite,EU,4191786,1936894,252,44,9907465,446716,271608,22.96,1
Mar-2024,Fortnite,EU,3959500,2075355,262,49,6598004,328965,234654,11.33,3
Mar-2024,Fortnite,EU,3970775,2057667,259,53,6171473,401941,240124,21.09,3
Mar-2024,Fortnite,EU,3813576,2187739,255,46,8024674,244047,169570,21.33,0
Mar-2024,Fortnite,EU,3747936,2132538,278,55,9035110,281668,132946,17.3,4
Mar-2024,Fortnite,EU,4160512,2057063,268,50,9189916,543578,222315,15.26,2
Mar-2024,Fortnite,EU,3993482,1879581,281,51,7026301,413051,164614,20.32,2
Mar-2024,Fortnite,EU,3926932,1983861,243,54,8312343,295876,167059,22.8,1
Mar-2024,Fortnite,EU,4075776,1985033,266,45,7233878,479987,171630,19.88,4
Mar-2024,Fortnite,EU,3879172,1810198,284,47,7434275,308046,209858,17.25,2
Mar-2024,Fortnite,EU,4346022,1978972,261,48,7318689,493481,210158,17.66,0
Mar-2024,Fortnite,EU,4037758,1953555,248,47,7006398,425458,204939,6.41,1
Mar-2024,Fortnite,EU,3948996,2033322,263,46,6322163,471419,179221,15.64,3
Mar-2024,Fortnite,EU,4035801,2145350,279,49,6639891,419552,206480,18.87,0
Mar-2024,Fortnite,EU,3962974,1955614,260,51,6986962,344620,318014,21.27,3
Mar-2024,Fortnite,Asia,4064580,1952200,245,47,8653453,349067,200771,8.24,0
Mar-2024,Fortnite,Asia,3922077,2203078,235,48,9804201,408215,177715,9.47,0
Mar-2024,Fortnite,Asia,3949429,1866358,252,48,6318258,369532,205511,16.52,3
Mar-2024,Fortnite,Asia,4197141,2047670,241,50,9973534,596961,169330,5.24,5
Mar-2024,Fortnite,Asia,4375685,1972081,269,48,7987588,446803,262106,12.9,3
Mar-2024,Fortnite,Asia,4109461,1904754,259,52,7315177,353640,229936,13.5,3
Mar-2024,Fortnite,Asia,3835573,2021479,244,47,8851299,421391,278074,21.66,0
Mar-2024,Fortnite,Asia,4075461,1988881,280,43,8974625,490637,205436,24.89,0
Mar-2024,Fortnite,Asia,3974500,1995738,266,46,7219447,374027,259719,23.75,5
Mar-2024,Fortnite,Asia,4120946,1961081,269,46,6767174,436952,216923,10.63,4
Mar-2024,Fortnite,Asia,4365964,1910954,272,49,8928850,512373,214144,11.12,3
Mar-2024,Fortnite,Asia,3888567,1894589,259,52,8751691,324327,170870,13.81,5
Mar-2024,Fortnite,Asia,3720605,2063579,264,50,8677121,265538,132844,10.98,3
Mar-2024,Fortnite,Asia,4133962,1952792,283,48,8062316,432365,259108,11.61,4
Mar-2024,Fortnite,Asia,4115649,2110997,272,55,9627449,383428,194693,16.62,0
Mar-2024,Fortnite,Asia,3829713,2096322,288,50,5794175,357204,213209,18.47,5
Mar-2024,Fortnite,Asia,4445198,2061186,251,52,7164529,479413,199102,15.7,4
Mar-2024,Fortnite,Asia,3954192,2077843,257,47,7407803,391998,207111,16.26,0
Mar-2024,Fortnite,Asia,4257055,2006855,259,50,6471325,343026,219953,23.61,5
Mar-2024,Fortnite,Asia,3738681,1990869,256,49,7731788,377117,223109,9.24,0
Mar-2024,Fortnite,South America,3803099,1977771,264,48,6893255,323481,235423,12.14,4
Mar-2024,Fortnite,South America,3934895,2016685,260,47,7544043,457556,223612,5.84,4
Mar-2024,Fortnite,South America,3997232,2017975,251,53,9815090,343567,171067,5.46,5
Mar-2024,Fortnite,South America,4509289,2079148,245,51,9233163,428271,255784,20.46,5
Mar-2024,Fortnite,South America,4049894,2003516,261,48,6090937,435781,141395,9.31,3
Mar-2024,Fortnite,South America,3983543,1822332,272,49,9768237,413438,307050,16.12,3
Mar-2024,Fortnite,South America,4017567,2118264,247,49,7182986,400703,194543,20.11,5
Mar-2024,Fortnite,South America,3802890,2101245,247,44,7568628,341206,169999,24.11,5
Mar-2024,Fortnite,South America,3689842,1986739,241,54,8957047,307470,195933,15.59,2
Mar-2024,Fortnite,South America,4339596,1841691,267,48,6806260,421357,234105,12.51,1
Mar-2024,Fortnite,South America,3789438,1881430,254,48,7894090,393884,144782,6.26,1
Mar-2024,Fortnite,South America,3949910,2158615,260,47,9681991,413896,223074,18.17,2
Mar-2024,Fortnite,South America,4082071,1994325,283,48,7548626,283361,195457,23.72,1
Mar-2024,Fortnite,South America,4234553,1965040,235,47,10432896,423103,256658,21.57,3
Mar-2024,Fortnite,South America,4092144,1983204,289,43,7094411,465430,222750,23.92,3
Mar-2024,Fortnite,South America,3975464,2044516,251,51,6867190,387806,227917,20.5,1
Mar-2024,Fortnite,South America,4120781,2145271,262,54,9584403,447423,237162,21.59,2
Mar-2024,Fortnite,South America,4171234,2003969,279,47,7801132,350942,178794,11.7,5
Mar-2024,Fortnite,South America,3856500,2145128,271,49,6792754,446714,179909,10.81,3
Mar-2024,Fortnite,South America,4185560,1947917,249,46,6618952,518823,267655,8.71,3
Mar-2024,Fortnite,Africa,3780138,2162082,242,46,7175572,411926,191508,23.16,4
Mar-2024,Fortnite,Africa,3747398,1891188,254,47,5777831,260415,148704,20.55,2
Mar-2024,Fortnite,Africa,3930751,1898665,290,50,5974148,427575,212210,11.62,4
Mar-2024,Fortnite,Africa,3795189,1955649,265,50,6846316,435059,162592,22.65,5
Mar-2024,Fortnite,Africa,3987400,2014714,239,50,8453603,426798,142481,23.94,2
Mar-2024,Fortnite,Africa,4125130,1936254,273,46,8701659,462977,144045,11.15,2
Mar-2024,Fortnite,Africa,3891412,2006260,268,49,9660059,365910,199706,19.68,4
Mar-2024,Fortnite,Africa,4189176,1790293,283,40,8141760,452565,214990,5.31,4
Mar-2024,Fortnite,Africa,4119993,1999130,260,51,7034416,437487,271423,19.66,4
Mar-2024,Fortnite,Africa,3913539,2084668,259,43,8197849,450192,191199,23.1,0
Mar-2024,Fortnite,Africa,4192829,1829738,273,48,9110322,355170,239235,24.13,0
Mar-2024,Fortnite,Africa,4362435,2117042,271,46,7201260,434666,219024,8.64,1
Mar-2024,Fortnite,Africa,4041425,1833954,262,48,7921476,496279,178002,7.2,5
Mar-2024,Fortnite,Africa,3766311,2136413,247,49,8341958,463317,181635,6.11,4
Mar-2024,Fortnite,Africa,3890257,1950865,262,45,6383834,390114,226365,13.42,4
Mar-2024,Fortnite,Africa,4218389,1938798,263,50,7920488,568837,126575,22.48,4
Mar-2024,Fortnite,Africa,3850784,2061442,271,49,7079742,367175,162382,24.73,1
Mar-2024,Fortnite,Africa,3899306,1925639,278,46,7781630,385965,213008,16.51,5
Mar-2024,Fortnite,Africa,4166519,2124425,232,47,8014623,400565,178278,16.56,5
Mar-2024,Fortnite,Africa,4083194,1849836,262,52,9082444,443042,156135,19.93,2
Mar-2024,Fortnite,Oceania,3692625,1862189,265,47,8408951,395692,154729,10.7,1
Mar-2024,Fortnite,Oceania,3892138,2005375,291,47,7673463,298277,227590,8.62,3
Mar-2024,Fortnite,Oceania,4217679,1859497,264,45,8723418,498997,272795,7.86,2
Mar-2024,Fortnite,Oceania,3778836,2000511,241,50,8407648,442890,186010,12.1,1
Mar-2024,Fortnite,Oceania,4236783,2061569,260,48,6960888,481226,220871,10.38,4
Mar-2024,Fortnite,Oceania,4102508,1989544,286,46,8804616,487824,174450,18.51,0
Mar-2024,Fortnite,Oceania,4065162,1895412,257,55,8601849,482889,256374,20.41,4
Mar-2024,Fortnite,Oceania,4265610,2060944,252,46,9619913,559828,248716,17.33,1
Mar-2024,Fortnite,Oceania,3915705,1980487,271,50,9164895,491158,185259,12.55,0
Mar-2024,Fortnite,Oceania,4107118,2049466,255,50,6317217,480260,232326,9.32,4
Mar-2024,Fortnite,Oceania,4107520,1864800,264,44,7250704,345809,165006,15.0,2
Mar-2024,Fortnite,Oceania,3657525,2246534,271,48,5771543,409835,140924,12.64,2
Mar-2024,Fortnite,Oceania,3867303,1917385,279,48,7358541,284018,230757,14.59,4
Mar-2024,Fortnite,Oceania,4284931,2047078,277,48,10057012,448463,242203,5.38,1
Mar-2024,Fortnite,Oceania,4025438,1832775,281,47,8766985,372895,175266,18.54,1
Mar-2024,Fortnite,Oceania,4064521,2030610,263,48,7230629,362580,233165,14.83,4
Mar-2024,Fortnite,Oceania,4075650,1836431,261,49,6645848,391493,257190,24.21,1
Mar-2024,Fortnite,Oceania,4087386,1669241,281,51,6197090,386352,233899,14.49,1
Mar-2024,Fortnite,Oceania,4008876,2053153,268,45,8459105,597848,253425,16.88,3
Mar-2024,Fortnite,Oceania,3967203,1954180,258,48,9398603,359889,258147,15.3,4
Apr-2024,Fortnite,NA,3645091,2014031,273,47,7039956,290988,179261,9.8,4
Apr-2024,Fortnite,NA,4329784,2073352,270,49,7635489,555242,199354,23.54,2
Apr-2024,Fortnite,NA,3770931,1791224,259,46,6115924,341652,160594,18.08,4
Apr-2024,Fortnite,NA,4294996,2119720,266,47,8783054,512938,208559,24.33,0
Apr-2024,Fortnite,NA,3652503,1934480,286,46,9047835,363183,244494,15.4,5
Apr-2024,Fortnite,NA,3914486,2121070,270,46,8591758,482024,159512,8.06,5
Apr-2024,Fortnite,NA,4008821,2119243,276,47,7067982,386808,272642,18.32,4
Apr-2024,Fortnite,NA,3579681,2013032,266,49,6584098,340738,207186,24.65,0
Apr-2024,Fortnite,NA,4135291,2075479,291,45,8914455,474890,183103,21.3,0
Apr-2024,Fortnite,NA,4075549,2173240,283,54,10131177,494787,253913,16.93,4
Apr-2024,Fortnite,NA,4025214,1981748,259,44,6673852,457285,230644,6.66,0
Apr-2024,Fortnite,NA,4046770,1923757,257,51,9713614,438945,225518,10.51,4
Apr-2024,Fortnite,NA,4266077,2069352,271,49,7469706,367610,228609,13.19,4
Apr-2024,Fortnite,NA,3819849,1964375,280,51,5905177,391697,126174,22.57,5
Apr-2024,Fortnite,NA,3888242,2059965,250,48,6969518,354195,182010,9.1,1
Apr-2024,Fortnite,NA,3829026,2048267,258,50,9016208,370956,231730,5.67,4
Apr-2024,Fortnite,NA,3988674,1881311,276,47,7419669,521585,246788,15.4,1
Apr-2024,Fortnite,NA,3905946,1810612,250,48,9423045,342608,200623,13.4,3
Apr-2024,Fortnite,NA,4483473,1950540,272,47,7669199,424701,234955,5.31,3
Apr-2024,Fortnite,NA,3895043,1799301,250,43,7948279,231380,206221,7.92,3
Apr-2024,Fortnite,EU,4444827,2069065,255,46,8039997,492520,212881,18.81,5
Apr-2024,Fortnite,EU,3801627,1874108,294,47,8417549,383892,216347,19.33,2
Apr-2024,Fortnite,EU,4108191,2094684,263,51,8657987,344339,241919,16.24,4
Apr-2024,Fortnite,EU,4447998,2113256,266,48,9403660,381146,250165,15.68,1
Apr-2024,Fortnite,EU,4342002,1994761,251,43,8839705,455779,155682,7.16,3
Apr-2024,Fortnite,EU,3943462,2016415,263,44,9523880,287269,164195,20.86,2
Apr-2024,Fortnite,EU,4142441,1958363,261,48,6267099,240641,244241,13.66,1
Apr-2024,Fortnite,EU,3944282,1990203,259,49,9193188,313872,206836,6.59,5
Apr-2024,Fortnite,EU,4036048,1918638,231,49,6243291,405081,255755,8.77,2
Apr-2024,Fortnite,EU,4045547,2159480,267,50,9440453,419909,165931,20.88,0
Apr-2024,Fortnite,EU,4488775,2094894,277,46,10004970,418779,231429,7.15,5
Apr-2024,Fortnite,EU,3961853,2133599,272,48,7600437,292644,174726,6.89,4
Apr-2024,Fortnite,EU,3854969,1868230,266,52,9369164,295847,229164,12.98,1
Apr-2024,Fortnite,EU,4028160,2152372,286,56,6103192,533567,226370,8.14,3
Apr-2024,Fortnite,EU,3933795,1939813,279,49,8927284,333677,178690,5.53,0
Apr-2024,Fortnite,EU,4142177,1923318,265,48,9090130,344387,159356,13.83,2
Apr-2024,Fortnite,EU,4197476,2098923,267,50,9813706,535943,194042,10.17,1
Apr-2024,Fortnite,EU,4002880,2018944,265,47,8771137,394354,225791,23.44,5
Apr-2024,Fortnite,EU,3917808,1945569,264,48,6630545,431201,235275,13.59,4
Apr-2024,Fortnite,EU,4031898,2017075,288,45,7295737,305324,236806,24.05,0
Apr-2024,Fortnite,Asia,4020158,1954171,241,49,6117074,458031,183993,23.67,0
Apr-2024,Fortnite,Asia,3970046,1993382,258,47,8116826,325505,173045,7.0,1
Apr-2024,Fortnite,Asia,3750412,1881050,265,51,7970486,430232,186668,19.89,2
Apr-2024,Fortnite,Asia,4157255,2049822,253,48,7863222,487077,210894,7.63,1
Apr-2024,Fortnite,Asia,4247297,1945369,283,55,9310773,467703,157314,10.37,2
Apr-2024,Fortnite,Asia,4092091,2049067,281,47,7633825,611170,242221,17.16,4
Apr-2024,Fortnite,Asia,4081042,1963612,261,47,8132132,319205,242786,5.36,1
Apr-2024,Fortnite,Asia,4204170,1987425,239,52,7055764,409360,195138,18.34,4
Apr-2024,Fortnite,Asia,3750544,2083742,254,49,7910706,440929,199650,9.34,4
Apr-2024,Fortnite,Asia,4100265,1923007,291,46,8261613,497994,177516,19.37,1
Apr-2024,Fortnite,Asia,4100917,2034321,293,53,6274933,385366,243204,10.88,4
Apr-2024,Fortnite,Asia,4014283,1981916,267,45,9086667,284939,152083,5.73,5
Apr-2024,Fortnite,Asia,4107914,1897457,283,51,7575191,588761,198655,8.4,1
Apr-2024,Fortnite,Asia,4114378,1876110,252,46,8906425,342484,200901,8.35,3
Apr-2024,Fortnite,Asia,3821915,1896811,278,47,7388700,347072,173166,13.3,2
Apr-2024,Fortnite,Asia,4041274,2015659,269,47,9679620,377611,193320,15.89,3
Apr-2024,Fortnite,Asia,4323725,1867582,276,52,9132146,457380,238241,15.82,2
Apr-2024,Fortnite,Asia,4043071,2071078,239,50,7854830,442585,200455,6.27,2
Apr-2024,Fortnite,Asia,3919642,1786903,243,49,8344842,486431,202442,22.48,0
Apr-2024,Fortnite,Asia,4059072,1996714,263,47,7715393,414812,200096,15.79,1
Apr-2024,Fortnite,South America,4058633,1809289,264,49,10039910,336891,159431,8.11,5
Apr-2024,Fortnite,South America,3986906,2088795,244,54,7219114,352807,101191,18.46,5
Apr-2024,Fortnite,South America,4037084,1962263,229,47,9622286,388688,183205,19.45,1
Apr-2024,Fortnite,South America,3905969,2242485,278,46,6986005,374326,157801,6.85,5
Apr-2024,Fortnite,South America,4091857,1986965,226,49,7585723,321486,167749,13.09,1
Apr-2024,Fortnite,South America,3977251,1948100,240,48,6610682,435462,224717,9.51,4
Apr-2024,Fortnite,South America,3802532,2039319,248,44,8784087,298982,153254,5.66,2
Apr-2024,Fortnite,South America,3945065,1957603,276,47,6449348,401043,184034,10.84,1
Apr-2024,Fortnite,South America,3844577,2194712,270,48,9568764,444943,166921,18.62,4
Apr-2024,Fortnite,South America,3858341,2055369,253,52,6057607,412950,135785,8.11,5
Apr-2024,Fortnite,South America,4350837,1852423,261,48,8863187,448238,191646,15.54,1
Apr-2024,Fortnite,South America,3682520,2052184,270,45,9104086,353947,250566,21.02,4
Apr-2024,Fortnite,South America,3995781,2076607,270,51,6851849,500740,209386,16.32,3
Apr-2024,Fortnite,South America,4371174,2121812,295,47,9934521,492522,160600,9.58,2
Apr-2024,Fortnite,South America,4138784,2045181,287,46,7221324,550807,173548,24.46,0
Apr-2024,Fortnite,South America,3996114,1939948,267,48,8241857,396511,185611,13.53,2
Apr-2024,Fortnite,South America,3871318,1921356,238,46,8047829,481053,239435,20.54,1
Apr-2024,Fortnite,South America,3857092,1913313,256,48,7883013,512362,121335,23.8,1
Apr-2024,Fortnite,South America,4494520,1968100,247,42,10888707,410001,204216,5.4,0
Apr-2024,Fortnite,South America,3887428,1935496,268,51,7777580,333960,178869,20.66,5
Apr-2024,Fortnite,Africa,4115488,1820940,258,47,8225762,265052,204795,5.42,0
Apr-2024,Fortnite,Africa,4143407,1918562,269,50,7489177,503915,242210,21.47,4
Apr-2024,Fortnite,Africa,3916847,1879024,236,48,6373298,309474,167667,9.52,0
Apr-2024,Fortnite,Africa,4106590,2006015,249,50,9444543,360115,176435,18.94,5
Apr-2024,Fortnite,Africa,4261873,1928362,295,49,8788194,428761,214855,21.27,0
Apr-2024,Fortnite,Africa,4073914,2066544,242,48,6565568,389222,258862,11.88,5
Apr-2024,Fortnite,Africa,4042495,2053943,256,45,8871276,458380,182299,24.12,3
Apr-2024,Fortnite,Africa,4108846,2117733,230,49,7819816,367412,170323,16.7,0
Apr-2024,Fortnite,Africa,4158999,2088329,279,48,7086197,475325,172095,6.68,4
Apr-2024,Fortnite,Africa,4318047,1901130,251,42,9280153,442730,251573,18.49,2
Apr-2024,Fortnite,Africa,4051622,1933012,241,45,10020816,306908,155159,21.85,4
Apr-2024,Fortnite,Africa,3968144,2046521,278,42,8782704,396663,237812,22.6,1
Apr-2024,Fortnite,Africa,4174936,2120698,285,51,9599310,529152,260504,7.08,3
Apr-2024,Fortnite,Africa,4396900,1972252,274,52,8676396,527741,210962,22.25,0
Apr-2024,Fortnite,Africa,4228644,2061960,236,50,6370063,275679,211640,16.7,5
Apr-2024,Fortnite,Africa,3949409,1970115,275,48,9626910,314659,201165,21.65,5
Apr-2024,Fortnite,Africa,3914354,2140144,275,53,7021494,417134,225699,10.38,4
Apr-2024,Fortnite,Africa,4173520,1853846,281,45,9860376,540822,231752,6.95,1
Apr-2024,Fortnite,Africa,3985531,2073977,278,48,8367123,378292,199592,13.02,0
Apr-2024,Fortnite,Africa,4042558,1977208,242,48,8629512,450514,111865,9.34,2
Apr-2024,Fortnite,Oceania,4162697,2053319,270,40,9638238,436150,226942,9.6,3
Apr-2024,Fortnite,Oceania,3986749,1917382,272,55,8442167,578110,219797,21.54,3
Apr-2024,Fortnite,Oceania,4336922,1992055,250,45,6616060,435020,200816,20.81,4
Apr-2024,Fortnite,Oceania,4083930,2079634,279,49,7324630,573685,190500,22.73,2
Apr-2024,Fortnite,Oceania,4006579,2021417,280,50,7903615,506989,121855,6.32,4
Apr-2024,Fortnite,Oceania,3938466,1986013,253,52,8152350,377420,240612,19.3,5
Apr-2024,Fortnite,Oceania,3758262,2067783,252,52,6767822,292316,203027,6.56,2
Apr-2024,Fortnite,Oceania,3546254,2026759,224,50,5775628,357701,136337,7.48,3
Apr-2024,Fortnite,Oceania,3720730,2115209,255,47,6928688,382786,210803,9.82,5
Apr-2024,Fortnite,Oceania,3975330,1921016,267,54,6517337,463116,228898,15.51,5
Apr-2024,Fortnite,Oceania,3852517,1847691,245,50,6420490,358639,174555,14.27,0
Apr-2024,Fortnite,Oceania,4305694,1948220,253,52,8167705,493857,269536,7.27,3
Apr-2024,Fortnite,Oceania,3967398,2010309,236,57,6430911,599428,176736,14.61,4
Apr-2024,Fortnite,Oceania,4148050,1938237,282,48,9489522,578221,109512,9.71,0
Apr-2024,Fortnite,Oceania,3519097,1961084,264,50,6665671,277646,161312,16.01,0
Apr-2024,Fortnite,Oceania,3940424,1851548,289,50,8811984,296428,183579,18.85,3
Apr-2024,Fortnite,Oceania,3766687,2054800,250,47,8000375,219724,178929,6.06,3
Apr-2024,Fortnite,Oceania,3968300,1988458,261,48,6432296,378191,183166,23.14,4
Apr-2024,Fortnite,Oceania,4054812,1898212,258,50,9800390,300655,149589,20.03,4
Apr-2024,Fortnite,Oceania,3650068,2069489,270,48,8587914,254826,162224,18.13,0
May-2024,Fortnite,NA,4081626,1900882,263,53,6865539,472410,202598,6.31,2
May-2024,Fortnite,NA,4068844,2043787,261,50,8521090,382565,245584,19.65,5
May-2024,Fortnite,NA,4020042,2123978,254,48,9673122,401579,292531,23.38,2
May-2024,Fortnite,NA,4097784,2067424,256,54,8605171,454102,206817,18.7,4
May-2024,Fortnite,NA,4293268,1982138,258,50,10510190,473068,254023,16.71,2
May-2024,Fortnite,NA,3770879,1924596,252,44,6265074,326889,160445,9.27,2
May-2024,Fortnite,NA,3605223,2062823,251,47,6651779,437087,199649,6.43,5
May-2024,Fortnite,NA,3995438,1970580,282,48,7473343,457882,259905,23.69,3
May-2024,Fortnite,NA,4196327,1927875,245,45,8799819,496706,188429,18.9,4
May-2024,Fortnite,NA,4017636,1901959,275,50,9783124,392297,192515,16.44,0
May-2024,Fortnite,NA,4148228,1911421,253,55,6880799,388893,188482,14.26,2
May-2024,Fortnite,NA,3884005,1920206,243,46,7571394,431752,286611,20.42,0
May-2024,Fortnite,NA,4006029,2008102,274,50,6950086,332478,171621,5.52,0
May-2024,Fortnite,NA,3659414,1999282,252,46,6199567,346180,226759,18.44,0
May-2024,Fortnite,NA,4052669,1984414,230,56,6143918,402050,188890,16.16,0
May-2024,Fortnite,NA,4131851,1921730,284,47,7490805,371902,299027,22.98,1
May-2024,Fortnite,NA,3797179,2048462,253,49,9073890,374399,210813,24.3,5
May-2024,Fortnite,NA,4079703,2000702,280,49,9130446,323430,273448,19.13,4
May-2024,Fortnite,NA,4019718,1912736,276,50,7389228,337639,125952,10.28,5
May-2024,Fortnite,NA,4558316,1915390,248,45,11128670,415774,169771,11.77,2
May-2024,Fortnite,EU,3993408,1930716,265,50,8470280,226753,214523,13.17,5
May-2024,Fortnite,EU,4012578,1955612,258,51,9895133,303744,131743,11.82,1
May-2024,Fortnite,EU,4134768,1932732,246,54,7019203,367135,225727,24.16,4
May-2024,Fortnite,EU,4385847,2022081,282,43,10702992,455221,243802,17.38,4
May-2024,Fortnite,EU,4349118,1841932,257,46,10038901,343120,240128,19.9,2
May-2024,Fortnite,EU,3992081,1993539,255,47,9049881,380153,263049,17.42,4
May-2024,Fortnite,EU,3643093,1946799,291,47,6178953,493169,125100,9.06,2
May-2024,Fortnite,EU,3829980,1891940,244,49,7402404,340794,222838,6.87,0
May-2024,Fortnite,EU,4255139,2180851,275,52,7889731,469351,131487,16.94,1
May-2024,Fortnite,EU,3812151,1883011,262,47,7102170,399736,140560,18.88,2
May-2024,Fortnite,EU,3577831,2063533,273,47,6132319,202327,145705,18.75,0
May-2024,Fortnite,EU,4156050,1693380,225,48,7478275,391823,168414,17.15,3
May-2024,Fortnite,EU,3915731,2073488,273,49,8124019,397628,266287,16.46,2
May-2024,Fortnite,EU,4378713,1933263,259,50,6662472,338927,253803,14.42,2
May-2024,Fortnite,EU,3880972,2128118,271,48,9432194,327671,265008,12.78,1
May-2024,Fortnite,EU,3828242,2096487,240,48,8083036,307207,209968,13.32,1
May-2024,Fortnite,EU,4141626,1931477,230,48,9588689,432286,180303,19.38,5
May-2024,Fortnite,EU,3760790,1862150,282,50,7331788,412688,189958,19.64,2
May-2024,Fortnite,EU,3745483,2025054,273,47,8623257,356417,148436,15.23,1
May-2024,Fortnite,EU,3887935,1959114,266,51,7525776,406463,166423,18.37,1
May-2024,Fortnite,Asia,4178980,1912036,278,48,8385157,402327,216763,17.95,4
May-2024,Fortnite,Asia,4160357,2060352,267,47,8398909,270179,293784,15.24,4
May-2024,Fortnite,Asia,4218125,1924220,277,47,6996045,433425,254903,15.39,0
May-2024,Fortnite,Asia,4215156,1855770,249,47,9028734,537459,185772,11.07,5
May-2024,Fortnite,Asia,3737205,2131117,257,44,6323296,335772,199662,6.7,5
May-2024,Fortnite,Asia,4034058,2055175,279,52,7414024,320507,206553,24.79,1
May-2024,Fortnite,Asia,4028136,1923581,245,44,8623232,463599,165897,9.83,4
May-2024,Fortnite,Asia,3747012,1953917,271,51,6068223,189698,199757,11.23,0
May-2024,Fortnite,Asia,3992115,1940880,284,44,7986977,372313,155302,11.73,4
May-2024,Fortnite,Asia,4327105,1895167,265,51,7692650,408816,155423,12.78,2
May-2024,Fortnite,Asia,3884674,2070006,255,50,7825800,397594,249009,13.27,1
May-2024,Fortnite,Asia,3764768,2027869,246,53,8085722,414912,198613,20.48,0
May-2024,Fortnite,Asia,3717123,2152094,244,46,6691793,341964,201448,9.73,1
May-2024,Fortnite,Asia,4168204,1904503,249,48,6676192,349506,219305,11.07,3
May-2024,Fortnite,Asia,4161163,1966413,261,53,6388946,495427,180115,21.7,0
May-2024,Fortnite,Asia,3907890,2037155,272,45,5901164,444514,297429,17.63,4
May-2024,Fortnite,Asia,3742257,1950275,257,49,6995483,447845,253812,20.7,4
May-2024,Fortnite,Asia,4144476,1867740,246,51,6517159,461756,272656,5.19,0
May-2024,Fortnite,Asia,3900291,1836009,262,49,9749366,490407,145710,17.18,1
May-2024,Fortnite,Asia,4115534,2184710,292,50,9239125,405163,214740,13.87,5
May-2024,Fortnite,South America,4162439,1855396,268,52,7034287,355509,230162,17.56,4
May-2024,Fortnite,South America,4413970,1909874,249,47,10161424,535432,253283,22.33,0
May-2024,Fortnite,South America,4211063,2018236,277,49,7680986,474885,253423,12.31,3
May-2024,Fortnite,South America,4146146,2108630,254,48,9653749,371387,176800,14.88,3
May-2024,Fortnite,South America,3608069,2018711,254,53,7229580,415443,129275,19.35,2
May-2024,Fortnite,South America,4003242,1979691,259,49,9085633,262029,169886,8.99,0
May-2024,Fortnite,South America,3883504,1989001,269,52,6030509,348611,184939,5.75,1
May-2024,Fortnite,South America,3915871,2123907,275,50,6706485,414741,209282,11.52,2
May-2024,Fortnite,South America,3870330,2138552,276,44,8378381,208886,178455,9.17,2
May-2024,Fortnite,South America,4323630,2025664,283,47,7220014,529268,227024,6.36,5
May-2024,Fortnite,South America,4089025,1846432,247,47,8937669,270413,160364,14.32,3
May-2024,Fortnite,South America,4206650,1977477,265,49,9235916,428122,226084,18.63,0
May-2024,Fortnite,South America,3998765,1837173,256,49,9916162,324495,182126,23.27,3
May-2024,Fortnite,South America,4310234,1901187,234,52,8323364,464525,173054,19.22,1
May-2024,Fortnite,South America,4017109,1947405,246,49,7246237,416093,187268,15.68,1
May-2024,Fortnite,South America,3828362,1934509,281,46,6687362,366143,208956,5.71,1
May-2024,Fortnite,South America,3879641,1906802,272,48,6426783,292247,191006,22.37,0
May-2024,Fortnite,South America,4157951,2013386,271,49,9353683,308245,221058,5.42,0
May-2024,Fortnite,South America,3975958,1888575,280,50,9706741,394408,260810,14.93,3
May-2024,Fortnite,South America,3923917,1960792,251,47,9611875,280344,195295,16.79,3
May-2024,Fortnite,Africa,4068485,1969943,255,53,8613846,365023,228014,5.51,4
May-2024,Fortnite,Africa,3612656,1836247,263,48,6932592,265313,212800,14.14,5
May-2024,Fortnite,Africa,3905291,2043199,273,48,6071156,260382,138903,22.37,1
May-2024,Fortnite,Africa,4133661,2146593,263,48,8447276,474106,294624,17.75,3
May-2024,Fortnite,Africa,4168210,1915061,270,54,9606094,390932,197755,14.12,4
May-2024,Fortnite,Africa,3803313,2089669,243,52,8733799,355948,198850,11.54,4
May-2024,Fortnite,Africa,4218971,1961791,274,45,6726544,455287,163261,24.36,4
May-2024,Fortnite,Africa,4421094,1870763,264,45,7356990,634203,194673,21.88,0
May-2024,Fortnite,Africa,4012952,1978497,267,45,8581606,290633,195438,21.73,4
May-2024,Fortnite,Africa,4204238,2026436,270,51,8556301,361187,266714,19.32,4
May-2024,Fortnite,Africa,3958197,2146714,247,49,9834254,402267,135846,8.36,2
May-2024,Fortnite,Africa,3855310,1818144,262,41,8716208,485058,153514,24.17,1
May-2024,Fortnite,Africa,4057153,1853395,253,45,9791137,433128,179774,16.79,4
May-2024,Fortnite,Africa,4296020,2008705,294,41,8904713,412562,247088,8.09,4
May-2024,Fortnite,Africa,4167250,2068200,249,50,8395144,496926,179774,11.17,2
May-2024,Fortnite,Africa,3807096,1959232,287,45,7389895,454307,253497,14.02,5
May-2024,Fortnite,Africa,3879942,1992728,255,49,9085019,459710,201895,18.69,2
May-2024,Fortnite,Africa,3807819,1919755,263,52,8031408,344581,189227,14.13,1
May-2024,Fortnite,Africa,4210096,1997001,256,49,6776875,398199,216995,16.99,0
May-2024,Fortnite,Africa,4046879,2056532,261,47,6301437,500545,174017,8.46,4
May-2024,Fortnite,Oceania,4164781,1880549,265,47,8979770,274593,191828,14.62,2
May-2024,Fortnite,Oceania,4127485,1926327,260,45,8964495,336693,243114,21.87,3
May-2024,Fortnite,Oceania,3938353,1933135,260,52,6706270,516557,212357,10.47,3
May-2024,Fortnite,Oceania,4376263,1984931,226,47,9192027,335094,319444,22.95,5
May-2024,Fortnite,Oceania,3923902,1837216,280,50,8970022,490509,161036,18.37,1
May-2024,Fortnite,Oceania,4009944,1963922,274,48,9973713,325624,233425,17.51,0
May-2024,Fortnite,Oceania,4073571,2263562,251,51,6815358,396016,212684,7.69,4
May-2024,Fortnite,Oceania,4207923,2048383,264,48,8176503,513996,272062,11.39,4
May-2024,Fortnite,Oceania,4018365,2111119,267,51,9387280,343980,181197,10.63,2
May-2024,Fortnite,Oceania,4235229,2103849,294,46,7533876,521575,258119,12.63,5
May-2024,Fortnite,Oceania,4372795,1967772,274,43,6894275,375269,258590,13.31,3
May-2024,Fortnite,Oceania,4089973,1763416,232,51,8404112,342233,225299,12.52,1
May-2024,Fortnite,Oceania,4197437,1962626,260,49,6547494,383018,239021,9.36,4
May-2024,Fortnite,Oceania,3793318,2045047,244,51,7439363,348702,225942,15.08,4
May-2024,Fortnite,Oceania,3837666,1997533,258,45,7240952,433538,237725,23.53,2
May-2024,Fortnite,Oceania,3930540,2018222,261,47,9053291,285558,213557,18.07,5
May-2024,Fortnite,Oceania,3975424,2023213,250,51,8633514,458971,156993,7.08,1
May-2024,Fortnite,Oceania,3901969,1880649,256,52,9476156,424340,203010,13.73,5
May-2024,Fortnite,Oceania,3941205,2105552,240,50,7992327,436048,214036,18.6,3
May-2024,Fortnite,Oceania,3926234,1979614,260,47,8655495,266328,259488,18.6,4
Jun-2024,Fortnite,NA,4052170,1900624,269,48,6282562,327401,188290,10.18,0
Jun-2024,Fortnite,NA,4185937,2042797,275,49,7797831,351388,210049,23.73,4
Jun-2024,Fortnite,NA,3970553,1881227,274,47,6162787,404443,177447,19.57,4
Jun-2024,Fortnite,NA,4216454,1921517,251,49,6583211,457421,221422,13.5,0
Jun-2024,Fortnite,NA,4067094,1863404,237,49,9743961,409373,183605,8.05,0
Jun-2024,Fortnite,NA,4109206,1977491,270,43,9312642,499987,125554,20.43,5
Jun-2024,Fortnite,NA,3940054,1999428,246,53,9211722,360557,207746,17.3,0
Jun-2024,Fortnite,NA,3753428,2008256,256,52,5753971,372905,200969,14.68,5
Jun-2024,Fortnite,NA,4070915,1858822,242,47,7669360,420227,212227,9.99,5
Jun-2024,Fortnite,NA,3951086,1829471,250,54,8007226,294965,124543,21.08,0
Jun-2024,Fortnite,NA,4096057,1848057,286,47,9585068,365961,160422,6.53,4
Jun-2024,Fortnite,NA,4468188,1866014,236,50,8932010,441259,208556,9.76,0
Jun-2024,Fortnite,NA,4077420,2053196,278,47,7987145,455808,236352,16.39,3
Jun-2024,Fortnite,NA,3709723,1821864,258,46,8116051,321854,270479,13.7,0
Jun-2024,Fortnite,NA,4303888,1743276,256,45,10693783,485654,212228,14.16,1
Jun-2024,Fortnite,NA,3789968,2093112,265,49,6593024,451997,121737,7.04,5
Jun-2024,Fortnite,NA,3645822,2013723,269,46,6147846,430056,128481,5.39,2
Jun-2024,Fortnite,NA,4122504,1818424,299,47,7974533,486448,209167,10.46,3
Jun-2024,Fortnite,NA,3890471,1800085,242,49,5877189,380493,142457,23.62,1
Jun-2024,Fortnite,NA,4204795,2054262,256,46,10113948,509464,160809,6.34,2
Jun-2024,Fortnite,EU,4339027,2075641,246,56,7369535,310429,221889,17.35,3
Jun-2024,Fortnite,EU,4132036,2041461,259,47,9166638,390278,213034,22.49,2
Jun-2024,Fortnite,EU,3996889,1940503,250,49,7056450,470033,190907,19.26,5
Jun-2024,Fortnite,EU,4029753,2003592,278,48,6318348,283018,167679,9.59,3
Jun-2024,Fortnite,EU,4045251,2089258,241,52,6417537,189032,120824,17.2,4
Jun-2024,Fortnite,EU,4360469,2093721,291,51,10461003,574843,157952,19.85,4
Jun-2024,Fortnite,EU,4009393,2120006,266,47,7502061,327806,243051,18.22,0
Jun-2024,Fortnite,EU,3651110,2187542,275,50,7027385,425131,159810,17.93,3
Jun-2024,Fortnite,EU,3977225,2133885,274,45,8453265,487454,184426,21.87,5
Jun-2024,Fortnite,EU,3863812,1800571,275,49,9138459,517075,110464,15.05,3
Jun-2024,Fortnite,EU,3841949,1965776,253,50,7886120,317931,100130,18.79,5
Jun-2024,Fortnite,EU,3779801,2147373,282,44,7996925,336376,223583,11.69,4
Jun-2024,Fortnite,EU,3887413,2086445,260,45,5978883,410669,171392,22.85,5
Jun-2024,Fortnite,EU,4260790,1947193,262,49,6484288,388003,204869,16.05,1
Jun-2024,Fortnite,EU,3918806,2129217,265,51,9097362,294334,228995,19.14,2
Jun-2024,Fortnite,EU,4388286,2090177,248,51,9102089,475792,217455,18.95,5
Jun-2024,Fortnite,EU,4070077,1857229,253,50,7291933,380417,251414,10.1,3
Jun-2024,Fortnite,EU,4256740,1976611,264,50,6437295,421436,229947,12.52,3
Jun-2024,Fortnite,EU,4128813,2049452,270,51,7296439,580722,170100,20.71,4
Jun-2024,Fortnite,EU,3954692,1997186,265,46,7966183,277824,274675,19.06,1
Jun-2024,Fortnite,Asia,4017912,1962029,280,51,7540225,315096,208711,8.05,0
Jun-2024,Fortnite,Asia,4152123,1975358,284,45,7281512,477763,235741,21.2,2
Jun-2024,Fortnite,Asia,4359957,1944303,258,46,9104872,569276,203316,17.62,1
Jun-2024,Fortnite,Asia,4001220,2008992,259,51,8788493,335078,188006,16.62,1
Jun-2024,Fortnite,Asia,3699626,1886446,260,50,6686421,312413,176798,21.01,1
Jun-2024,Fortnite,Asia,3896028,2067434,251,51,6733812,252433,205196,9.29,1
Jun-2024,Fortnite,Asia,4020767,2141615,250,48,8107351,471408,169548,15.38,4
Jun-2024,Fortnite,Asia,3540799,1872090,269,49,5606708,428836,207070,22.99,0
Jun-2024,Fortnite,Asia,4193393,1996299,286,53,7380947,423539,225292,22.14,2
Jun-2024,Fortnite,Asia,3956753,2112780,287,46,7264301,571425,241809,13.79,1
Jun-2024,Fortnite,Asia,4235676,1886177,299,54,8527756,389806,233384,5.92,2
Jun-2024,Fortnite,Asia,4088276,2269451,265,45,9393697,354986,224572,5.48,0
Jun-2024,Fortnite,Asia,4033267,2117746,242,47,7101695,285138,178019,13.68,0
Jun-2024,Fortnite,Asia,4410455,1929575,254,46,7297106,427698,263745,21.65,4
Jun-2024,Fortnite,Asia,4160814,1941409,244,51,10165413,560576,177707,15.72,2
Jun-2024,Fortnite,Asia,4095023,2064994,266,45,9910528,353582,291495,20.54,2
Jun-2024,Fortnite,Asia,3814335,2068853,259,46,9307284,229871,210953,23.72,2
Jun-2024,Fortnite,Asia,4009469,1809500,264,51,9318512,149887,238111,14.95,3
Jun-2024,Fortnite,Asia,4283252,1869034,259,52,7571325,402011,224154,8.95,0
Jun-2024,Fortnite,Asia,3825491,1850825,263,47,8279051,449705,159838,9.98,5
Jun-2024,Fortnite,South America,3877236,1889354,248,50,9594938,289693,172809,20.19,0
Jun-2024,Fortnite,South America,4560991,2099239,258,44,9740592,412107,198340,18.12,5
Jun-2024,Fortnite,South America,3879670,1884117,253,51,5965693,477851,139695,15.2,4
Jun-2024,Fortnite,South America,4182841,2128363,262,52,8241971,402890,217286,22.86,0
Jun-2024,Fortnite,South America,4152302,1759066,285,45,8643003,201408,285213,22.35,2
Jun-2024,Fortnite,South America,3989096,1984608,271,48,8305257,359586,191262,20.08,2
Jun-2024,Fortnite,South America,3845043,1939362,297,46,8650476,378537,180410,12.24,0
Jun-2024,Fortnite,South America,3842429,2083353,278,50,9463371,372088,182914,20.13,0
Jun-2024,Fortnite,South America,4323529,1962884,260,43,8842125,400659,235847,7.0,4
Jun-2024,Fortnite,South America,3773393,2208218,266,54,7814423,465480,243509,15.76,2
Jun-2024,Fortnite,South America,4115349,1934548,252,48,7990827,533797,256822,11.17,4
Jun-2024,Fortnite,South America,4126344,1955706,263,53,8443259,460783,171224,16.78,4
Jun-2024,Fortnite,South America,4568081,1999254,236,45,9070537,381833,246020,5.29,0
Jun-2024,Fortnite,South America,4103847,1886846,274,52,8603954,406625,236353,18.64,3
Jun-2024,Fortnite,South America,4118784,1924482,268,46,8170102,300593,193112,17.95,2
Jun-2024,Fortnite,South America,3573596,2256740,261,43,8422005,359906,189954,11.7,0
Jun-2024,Fortnite,South America,4129130,2090408,248,50,8532612,370707,272103,19.96,4
Jun-2024,Fortnite,South America,4118293,1899754,258,45,8334099,341650,185439,23.06,4
Jun-2024,Fortnite,South America,3820983,1956053,266,47,8948962,412871,195637,13.34,3
Jun-2024,Fortnite,South America,4035306,2000139,271,51,6767257,325028,92928,11.53,3
Jun-2024,Fortnite,Africa,4078518,1813865,263,47,9314254,479109,165162,12.09,2
Jun-2024,Fortnite,Africa,4287341,1961709,266,45,9006703,416090,177215,5.48,3
Jun-2024,Fortnite,Africa,4489442,2062404,272,48,9995216,578592,249844,13.33,5
Jun-2024,Fortnite,Africa,3726004,1866557,270,48,6313187,453401,139534,18.75,3
Jun-2024,Fortnite,Africa,4171211,2073605,274,49,8207746,418698,293604,16.89,1
Jun-2024,Fortnite,Africa,3867329,2145470,271,42,8607241,388579,190362,11.93,3
Jun-2024,Fortnite,Africa,3881969,1874594,271,45,6549441,421959,165853,16.24,5
Jun-2024,Fortnite,Africa,4209333,1956875,270,44,10295116,327732,164531,6.93,4
Jun-2024,Fortnite,Africa,4292501,2006602,277,51,7150718,550007,288596,16.91,0
Jun-2024,Fortnite,Africa,4005061,1972877,250,52,9492642,358832,178265,23.79,1
Jun-2024,Fortnite,Africa,4063537,2079066,234,44,7145590,426220,152249,15.0,5
Jun-2024,Fortnite,Africa,4059541,2033949,249,46,10145990,433145,277724,15.12,5
Jun-2024,Fortnite,Africa,3908480,2245496,260,51,8632177,506937,125775,10.56,2
Jun-2024,Fortnite,Africa,3733873,2012769,249,50,8121359,280751,216937,6.74,2
Jun-2024,Fortnite,Africa,3951664,2158902,253,50,8853428,454354,145176,6.75,2
Jun-2024,Fortnite,Africa,3899819,1782579,255,50,8467277,360251,219753,7.03,5
Jun-2024,Fortnite,Africa,3764373,1858683,278,49,7296285,412079,178006,9.07,1
Jun-2024,Fortnite,Africa,4010178,1966921,266,47,8403170,379388,187521,13.86,2
Jun-2024,Fortnite,Africa,4368651,2134039,270,51,9386592,381571,238611,20.15,4
Jun-2024,Fortnite,Africa,3925993,1997133,261,54,8437199,368285,216267,17.82,0
Jun-2024,Fortnite,Oceania,4154473,2012490,267,52,6824247,334107,250535,11.98,0
Jun-2024,Fortnite,Oceania,4049901,1951374,245,52,7892048,398834,135690,13.66,2
Jun-2024,Fortnite,Oceania,3837697,2055300,273,46,8146242,448810,201817,21.43,3
Jun-2024,Fortnite,Oceania,3880923,2075998,260,50,8397510,310078,224040,16.92,4
Jun-2024,Fortnite,Oceania,4230327,2066056,230,50,6901094,408297,287455,6.06,2
Jun-2024,Fortnite,Oceania,4283596,2079932,238,52,7776024,354553,251131,19.31,3
Jun-2024,Fortnite,Oceania,4115896,2031879,251,51,8603519,619190,189070,23.25,3
Jun-2024,Fortnite,Oceania,4432420,2018583,234,43,9380334,269077,210344,24.3,1
Jun-2024,Fortnite,Oceania,4291697,1839990,255,51,7616596,324393,213363,7.73,1
Jun-2024,Fortnite,Oceania,3903966,1959051,240,51,7924429,264381,204153,15.14,2
Jun-2024,Fortnite,Oceania,4510629,2114701,249,50,9272219,476991,116368,14.29,5
Jun-2024,Fortnite,Oceania,3950015,2090116,256,50,9478342,496393,190303,11.76,1
Jun-2024,Fortnite,Oceania,3761718,1867538,260,49,5662630,254259,187068,12.51,4
Jun-2024,Fortnite,Oceania,3885750,2117010,265,49,9438772,407103,235604,21.25,0
Jun-2024,Fortnite,Oceania,3848718,2004845,261,45,7695047,483911,139771,12.43,0
Jun-2024,Fortnite,Oceania,3832164,2040428,269,46,6771681,411842,144736,15.76,0
Jun-2024,Fortnite,Oceania,3872318,2082523,253,49,6458929,229285,175234,12.11,3
Jun-2024,Fortnite,Oceania,4016637,2093753,256,51,6900652,370066,254341,6.04,0
Jun-2024,Fortnite,Oceania,3833660,2025766,255,45,7027066,402766,174198,5.14,1
Jun-2024,Fortnite,Oceania,4049380,1966425,258,51,7827684,352360,215122,5.81,2
Jul-2024,Fortnite,NA,4021613,1913264,248,47,10026838,396776,243811,9.58,1
Jul-2024,Fortnite,NA,4128690,1783186,265,46,10064570,470594,208217,11.55,4
Jul-2024,Fortnite,NA,3814306,2231358,260,53,6895086,478018,185872,18.05,3
Jul-2024,Fortnite,NA,3860824,2153979,253,47,9624683,193605,251325,7.15,0
Jul-2024,Fortnite,NA,4357636,1936510,266,50,7128921,512936,189161,22.12,0
Jul-2024,Fortnite,NA,4118890,1846459,291,49,6493026,516248,195427,16.41,2
Jul-2024,Fortnite,NA,3910082,2091113,267,47,6585355,337523,140994,18.27,3
Jul-2024,Fortnite,NA,4133871,1984729,260,51,8411148,571695,242249,24.3,2
Jul-2024,Fortnite,NA,3994471,1908777,279,40,9659552,462126,219604,8.12,1
Jul-2024,Fortnite,NA,4187054,1831605,287,45,8193658,326330,164818,10.69,4
Jul-2024,Fortnite,NA,4034420,1901099,271,40,8591632,398791,182501,6.31,4
Jul-2024,Fortnite,NA,4164251,2094196,251,47,8447506,363857,189421,13.6,4
Jul-2024,Fortnite,NA,4294407,1939929,261,48,9272789,247268,199214,17.09,3
Jul-2024,Fortnite,NA,3694256,2094479,246,46,6104445,348412,142814,11.93,5
Jul-2024,Fortnite,NA,4206757,1969001,258,47,9032863,434381,182737,9.22,5
Jul-2024,Fortnite,NA,3927050,2012173,269,51,9492907,410184,213045,7.61,5
Jul-2024,Fortnite,NA,4019341,2044875,273,47,7241904,241303,158765,8.05,5
Jul-2024,Fortnite,NA,3907076,1972290,277,47,7094472,469904,218231,14.36,3
Jul-2024,Fortnite,NA,4169075,1947075,249,46,9199397,474223,234401,7.17,5
Jul-2024,Fortnite,NA,3861725,1883439,244,49,8914419,408473,176810,17.84,2
Jul-2024,Fortnite,EU,3854909,2022308,263,55,7683159,231772,133105,17.13,4
Jul-2024,Fortnite,EU,3928214,1931655,270,51,8198606,362523,129088,23.88,2
Jul-2024,Fortnite,EU,3819182,1755198,250,46,6310462,461134,121210,24.89,2
Jul-2024,Fortnite,EU,4196641,1919047,250,48,8875518,335471,227587,22.9,2
Jul-2024,Fortnite,EU,4041231,2010066,268,50,7502833,471911,216661,10.48,1
Jul-2024,Fortnite,EU,3852143,1909546,270,53,8722926,460204,214307,23.44,3
Jul-2024,Fortnite,EU,4141100,1959709,250,45,6670984,396131,256953,14.88,5
Jul-2024,Fortnite,EU,3908011,2021385,260,45,8478079,252324,215124,11.53,2
Jul-2024,Fortnite,EU,3983647,2068096,262,45,6163783,235429,147526,20.43,5
Jul-2024,Fortnite,EU,3674078,2028489,292,44,5737027,457430,217975,13.68,4
Jul-2024,Fortnite,EU,3858534,2061625,255,44,7467272,413451,198172,23.71,0
Jul-2024,Fortnite,EU,3818568,2097427,256,50,7366079,401430,141762,9.46,3
Jul-2024,Fortnite,EU,3879423,1987538,260,54,6913261,468700,267602,23.88,0
Jul-2024,Fortnite,EU,4328772,1997206,267,50,8075742,325732,271780,20.25,0
Jul-2024,Fortnite,EU,3947843,2083115,265,46,7351892,226383,206685,7.5,1
Jul-2024,Fortnite,EU,3888278,2108786,252,42,6494238,419254,267513,24.63,2
Jul-2024,Fortnite,EU,3650245,1954165,277,48,8863116,476021,137273,24.63,4
Jul-2024,Fortnite,EU,3969527,1917528,242,52,7355130,366398,272282,22.61,3
Jul-2024,Fortnite,EU,4365875,1971607,273,44,9667259,520675,173100,9.75,5
Jul-2024,Fortnite,EU,3759384,1909730,260,50,8821944,337370,238190,22.57,3
Jul-2024,Fortnite,Asia,4195552,2030260,269,46,9739920,507221,232193,20.93,0
Jul-2024,Fortnite,Asia,4125531,2082674,255,49,6557423,429208,123730,13.41,4
Jul-2024,Fortnite,Asia,4040573,1962186,256,48,7985249,583942,230156,15.05,5
Jul-2024,Fortnite,Asia,3923686,2022328,259,52,8946382,547274,232485,23.61,3
Jul-2024,Fortnite,Asia,4280920,2201417,276,44,7138185,311563,173324,7.53,5
Jul-2024,Fortnite,Asia,4088540,1853755,247,51,8315197,428049,187292,7.44,2
Jul-2024,Fortnite,Asia,4089850,1918461,267,50,8680025,276579,223682,7.3,0
Jul-2024,Fortnite,Asia,3840263,2059808,274,49,8635575,311470,274972,5.08,1
Jul-2024,Fortnite,Asia,4262971,1918580,262,52,6660860,611484,146138,16.72,2
Jul-2024,Fortnite,Asia,4148359,2261839,279,42,6887498,371182,183805,7.62,4
Jul-2024,Fortnite,Asia,3732728,1973889,264,49,9254237,445841,171326,20.73,0
Jul-2024,Fortnite,Asia,3719371,1986368,265,45,9069359,434804,193780,7.48,4
Jul-2024,Fortnite,Asia,3914009,1919901,251,50,8714570,335493,225648,10.76,3
Jul-2024,Fortnite,Asia,4087967,2053252,270,50,6393705,532856,174833,21.39,2
Jul-2024,Fortnite,Asia,3932686,2015878,243,49,6273615,347582,180440,14.38,4
Jul-2024,Fortnite,Asia,4047483,1975633,264,47,6344818,455805,297711,15.11,1
Jul-2024,Fortnite,Asia,4054776,2136064,273,46,8746838,301930,202802,8.98,3
Jul-2024,Fortnite,Asia,3930412,1875271,262,47,6772559,490861,227413,13.92,1
Jul-2024,Fortnite,Asia,4004148,1967145,267,45,9606412,521345,249680,9.06,2
Jul-2024,Fortnite,Asia,4018052,1999307,272,49,6821200,419696,115908,13.79,5
Jul-2024,Fortnite,South America,3895982,2126443,245,52,7060871,399012,200341,5.5,3
Jul-2024,Fortnite,South America,4379126,1728937,253,46,7477748,541527,223654,6.43,5
Jul-2024,Fortnite,South America,4298178,1923663,278,49,9860582,537976,218985,7.48,0
Jul-2024,Fortnite,South America,4037171,2066060,276,45,8990734,483149,208094,11.68,0
Jul-2024,Fortnite,South America,3924887,2108290,245,44,6385578,415319,141454,17.64,3
Jul-2024,Fortnite,South America,3917279,2003995,281,51,8349072,322845,166797,16.01,5
Jul-2024,Fortnite,South America,4004073,1992656,265,49,8941965,340308,198607,5.66,5
Jul-2024,Fortnite,South America,3826191,1883885,257,45,8011870,458170,211457,22.14,2
Jul-2024,Fortnite,South America,3813448,2033916,268,45,9483680,389571,95945,24.7,1
Jul-2024,Fortnite,South America,3993180,2096414,250,45,8577081,331553,194067,18.66,1
Jul-2024,Fortnite,South America,4224731,1994877,253,54,7719419,336863,240141,24.01,1
Jul-2024,Fortnite,South America,4359381,2053134,243,45,8500606,557752,80301,12.65,4
Jul-2024,Fortnite,South America,3734186,2055517,238,53,8287553,422024,178297,19.84,4
Jul-2024,Fortnite,South America,4135550,2028669,241,50,7834967,504805,224924,18.72,2
Jul-2024,Fortnite,South America,3968679,2001909,270,45,7246112,447742,216155,13.51,2
Jul-2024,Fortnite,South America,3758174,2189188,279,51,5655938,461009,129803,8.38,3
Jul-2024,Fortnite,South America,3944431,2053001,255,48,6212251,471856,188864,5.31,0
Jul-2024,Fortnite,South America,3732126,2117215,249,48,9251650,369365,183616,14.49,2
Jul-2024,Fortnite,South America,4148882,2000875,282,54,6744115,480029,87053,16.26,5
Jul-2024,Fortnite,South America,3958540,1997623,281,53,9127673,445688,246368,14.86,4
Jul-2024,Fortnite,Africa,4334780,1969543,252,47,9729840,351914,214106,24.88,0
Jul-2024,Fortnite,Africa,3898207,2189316,255,49,6016692,411208,206304,9.65,1
Jul-2024,Fortnite,Africa,3809035,1904480,261,49,6432068,380865,170925,8.39,3
Jul-2024,Fortnite,Africa,4102375,2005815,259,47,10132141,316794,248513,11.02,0
Jul-2024,Fortnite,Africa,4246572,1847899,265,49,10177454,535074,186017,6.14,0
Jul-2024,Fortnite,Africa,3876582,1992377,261,45,7671591,258477,205561,21.74,3
Jul-2024,Fortnite,Africa,3906608,1975659,262,52,5894409,377793,208596,21.99,3
Jul-2024,Fortnite,Africa,4035891,1971191,259,51,9641532,462568,143566,21.13,1
Jul-2024,Fortnite,Africa,3978251,1955526,261,47,7353396,335257,225509,14.03,1
Jul-2024,Fortnite,Africa,4042125,2008401,259,48,6085223,288754,204629,20.0,3
Jul-2024,Fortnite,Africa,4112492,1800361,253,44,7223357,358297,209131,24.11,3
Jul-2024,Fortnite,Africa,4222939,2037680,276,44,8455062,388983,256643,13.36,4
Jul-2024,Fortnite,Africa,3958472,1817995,269,51,6159459,385399,103471,6.08,2
Jul-2024,Fortnite,Africa,3842775,2071503,242,50,9095067,317816,143031,23.62,2
Jul-2024,Fortnite,Africa,4402393,1832801,253,49,9912969,347673,163726,21.25,2
Jul-2024,Fortnite,Africa,3988967,2020851,258,53,8241170,494913,194319,9.53,3
Jul-2024,Fortnite,Africa,3862123,1957249,265,51,7153319,300001,191403,15.55,1
Jul-2024,Fortnite,Africa,3933106,1938574,244,48,7026322,365288,162330,9.32,2
Jul-2024,Fortnite,Africa,3946329,1814717,298,45,7471118,368148,178691,23.35,0
Jul-2024,Fortnite,Africa,4248797,1934693,257,46,7283578,338291,307819,11.49,2
Jul-2024,Fortnite,Oceania,4110239,2008751,256,46,7754468,346471,197521,18.44,5
Jul-2024,Fortnite,Oceania,4483430,2005642,256,48,7089826,379209,177898,8.86,3
Jul-2024,Fortnite,Oceania,4073318,1875604,263,42,7447274,302125,200844,11.41,1
Jul-2024,Fortnite,Oceania,3677846,1990858,248,50,8000880,438838,142111,19.38,5
Jul-2024,Fortnite,Oceania,3997853,1918495,262,50,9230436,298147,233909,13.11,5
Jul-2024,Fortnite,Oceania,3902678,2029922,261,52,7312695,447596,188307,10.77,4
Jul-2024,Fortnite,Oceania,4004381,1789707,265,43,6375878,484294,234398,19.99,1
Jul-2024,Fortnite,Oceania,4083502,1862158,279,48,6486937,383353,199492,13.84,3
Jul-2024,Fortnite,Oceania,3861650,1911781,257,50,8758865,298788,180369,6.19,5
Jul-2024,Fortnite,Oceania,4056544,2043392,268,47,9862018,331460,115680,13.91,1
Jul-2024,Fortnite,Oceania,4175438,1884971,259,50,6613113,399193,193997,15.22,5
Jul-2024,Fortnite,Oceania,4037194,2057618,262,49,6381729,435905,191687,10.04,3
Jul-2024,Fortnite,Oceania,3886714,2072248,275,44,7784246,325205,173418,5.24,4
Jul-2024,Fortnite,Oceania,4065046,1950491,274,53,6782533,285749,175127,8.81,5
Jul-2024,Fortnite,Oceania,4382333,1948169,292,47,9886648,457955,191342,5.41,2
Jul-2024,Fortnite,Oceania,4776796,1807949,264,52,10526803,558016,198868,9.77,2
Jul-2024,Fortnite,Oceania,4003939,2181223,271,50,7354884,422560,176510,20.76,1
Jul-2024,Fortnite,Oceania,4101404,2059315,296,49,6332506,252450,240469,21.05,5
Jul-2024,Fortnite,Oceania,3736703,2033536,250,48,5734520,441161,143993,5.89,1
Jul-2024,Fortnite,Oceania,3989776,2036130,267,45,7170238,370235,153404,19.21,1
Aug-2024,Fortnite,NA,4032086,1860634,247,52,7728567,487731,228548,13.43,5
Aug-2024,Fortnite,NA,4093583,2008585,251,50,6155941,337169,190906,24.04,1
Aug-2024,Fortnite,NA,3916208,1888651,284,51,6966579,310751,185127,21.87,0
Aug-2024,Fortnite,NA,3736051,1959692,239,51,9104700,404391,183356,7.21,4
Aug-2024,Fortnite,NA,4112919,1968932,276,47,8296787,385400,226940,20.29,2
Aug-2024,Fortnite,NA,4192529,1981573,256,49,10449666,372436,245142,5.66,3
Aug-2024,Fortnite,NA,4125473,1942873,278,45,7984585,518544,221368,8.57,0
Aug-2024,Fortnite,NA,3875721,2260355,261,49,8727238,535654,202529,5.01,5
Aug-2024,Fortnite,NA,3953862,2133701,250,50,9655307,391851,169458,19.69,3
Aug-2024,Fortnite,NA,3966795,2015393,276,42,7512410,391475,149599,10.9,1
Aug-2024,Fortnite,NA,3996542,1890542,237,50,8146324,353636,190873,5.16,0
Aug-2024,Fortnite,NA,4220684,1873225,258,54,10437936,440114,281915,7.3,2
Aug-2024,Fortnite,NA,4178360,2147709,265,50,9870239,265114,183903,22.54,0
Aug-2024,Fortnite,NA,3881103,2188833,263,50,6507857,237156,180061,22.62,0
Aug-2024,Fortnite,NA,4051313,1978604,256,53,6510933,416521,178972,19.75,4
Aug-2024,Fortnite,NA,3676795,1981965,281,46,6280979,356959,240974,24.82,2
Aug-2024,Fortnite,NA,4211821,2010718,288,55,6569679,313600,193866,11.27,5
Aug-2024,Fortnite,NA,4244388,2111767,286,52,8657459,275040,159122,20.93,2
Aug-2024,Fortnite,NA,4170317,2066034,264,52,10164164,523406,118827,17.94,2
Aug-2024,Fortnite,NA,3792457,2147758,278,46,8640757,349227,229782,19.16,5
Aug-2024,Fortnite,EU,4255928,2144099,235,49,9383026,479578,232617,8.01,2
Aug-2024,Fortnite,EU,3931041,2000129,276,46,8347617,319198,140257,9.33,3
Aug-2024,Fortnite,EU,4047540,1776212,270,52,8149506,367310,266341,23.9,1
Aug-2024,Fortnite,EU,3847918,2064542,231,50,8114327,432179,243295,22.62,0
Aug-2024,Fortnite,EU,3885414,1966304,244,50,9262729,353348,243922,7.31,5
Aug-2024,Fortnite,EU,4249355,1921710,264,49,9098326,341110,155428,16.34,5
Aug-2024,Fortnite,EU,3944653,2195859,294,48,7718581,277536,195742,11.28,0
Aug-2024,Fortnite,EU,4354925,1980297,268,52,10594276,376031,276002,11.76,1
Aug-2024,Fortnite,EU,4036688,1882345,266,53,8521922,452550,206782,16.93,1
Aug-2024,Fortnite,EU,4172435,2029571,272,47,7357265,443202,264561,22.26,0
Aug-2024,Fortnite,EU,3872843,2060815,283,49,7790655,379070,222960,18.64,5
Aug-2024,Fortnite,EU,4156760,1761151,266,48,9038855,415031,276584,13.38,2
Aug-2024,Fortnite,EU,3611623,1905552,265,42,7223984,333352,202279,13.15,5
Aug-2024,Fortnite,EU,4072257,1997074,256,52,8851449,403328,273976,9.78,5
Aug-2024,Fortnite,EU,4022527,1976917,275,50,7886714,296349,237142,9.64,4
Aug-2024,Fortnite,EU,4065719,1980508,254,48,8764673,535861,154019,12.6,2
Aug-2024,Fortnite,EU,3895490,2012571,252,45,6714812,382314,182304,16.1,4
Aug-2024,Fortnite,EU,4085329,2062072,263,51,10008926,327047,260418,13.68,1
Aug-2024,Fortnite,EU,4294257,1729271,257,48,9112992,364110,247859,12.87,0
Aug-2024,Fortnite,EU,3878145,2008198,246,47,9568788,439096,168265,20.82,0
Aug-2024,Fortnite,Asia,4206485,2002735,268,49,9760024,491107,192113,15.85,1
Aug-2024,Fortnite,Asia,4030971,1980458,292,45,6753051,546374,292456,14.2,5
Aug-2024,Fortnite,Asia,4354678,1925290,243,42,10692119,428096,191940,10.42,2
Aug-2024,Fortnite,Asia,3621426,1906253,267,49,7796354,384460,165737,24.68,3
Aug-2024,Fortnite,Asia,4026416,2179136,253,48,6083436,467975,163063,7.6,4
Aug-2024,Fortnite,Asia,3714655,2060993,277,51,9163132,418370,209763,20.51,2
Aug-2024,Fortnite,Asia,3966634,1943184,255,48,8127113,242657,168986,23.69,0
Aug-2024,Fortnite,Asia,4283701,2096775,249,51,7365380,369639,225797,17.57,0
Aug-2024,Fortnite,Asia,4097570,1934051,260,49,6778812,492690,220056,23.34,1
Aug-2024,Fortnite,Asia,3829282,1989719,254,46,7546860,526958,204336,20.41,5
Aug-2024,Fortnite,Asia,3911948,2039904,242,50,5887856,353288,149762,23.93,2
Aug-2024,Fortnite,Asia,4223028,1858111,263,50,9075139,413908,105547,14.05,4
Aug-2024,Fortnite,Asia,4102347,2034174,266,55,9543284,471724,151540,19.76,0
Aug-2024,Fortnite,Asia,4061923,2066053,278,48,6312768,455600,243724,19.21,0
Aug-2024,Fortnite,Asia,3778597,1900595,307,49,9265770,119961,185353,7.51,0
Aug-2024,Fortnite,Asia,4311157,2034555,266,47,6529354,492563,236234,24.62,1
Aug-2024,Fortnite,Asia,4348611,1961004,262,51,7658055,420498,244965,23.38,3
Aug-2024,Fortnite,Asia,4063377,2092959,271,44,7310879,337098,173242,14.05,1
Aug-2024,Fortnite,Asia,3997971,1938470,252,51,9364169,290020,160442,6.13,2
Aug-2024,Fortnite,Asia,3918628,2086492,257,50,5979546,419900,179595,8.55,4
Aug-2024,Fortnite,South America,4107852,2157860,254,51,7559457,397879,247020,14.36,2
Aug-2024,Fortnite,South America,3649328,2044885,275,47,7925831,273109,220510,20.78,2
Aug-2024,Fortnite,South America,3916726,1784992,257,46,6664590,436363,210922,20.89,4
Aug-2024,Fortnite,South America,3737213,2015863,252,49,7911654,458373,164573,19.22,5
Aug-2024,Fortnite,South America,3707428,1894100,266,51,6455208,424898,160519,14.42,0
Aug-2024,Fortnite,South America,3956009,1834984,236,52,8352170,394324,239527,21.31,5
Aug-2024,Fortnite,South America,3499527,1953178,242,47,6765269,424073,144671,21.62,2
Aug-2024,Fortnite,South America,3820397,2059267,273,43,7484036,421740,135596,13.39,0
Aug-2024,Fortnite,South America,3568837,1904214,273,51,7183737,247738,188754,21.84,1
Aug-2024,Fortnite,South America,4411179,1978145,274,50,8363173,608328,249847,20.42,5
Aug-2024,Fortnite,South America,3755190,1880614,257,46,6082650,353628,184442,18.89,4
Aug-2024,Fortnite,South America,4285042,1919523,269,54,6887641,502621,187744,8.92,0
Aug-2024,Fortnite,South America,3975903,1997330,278,43,6701083,463466,220950,19.18,0
Aug-2024,Fortnite,South America,3995463,2112854,245,45,8781737,518745,280820,17.05,0
Aug-2024,Fortnite,South America,4013266,2124308,272,50,7756740,502490,135606,10.52,2
Aug-2024,Fortnite,South America,3941001,2025952,266,41,9797100,456335,203355,13.9,3
Aug-2024,Fortnite,South America,4171410,1965602,237,43,10092024,394540,237632,15.26,4
Aug-2024,Fortnite,South America,4125821,2008697,260,48,9598842,430307,125802,17.26,3
Aug-2024,Fortnite,South America,4121474,2038510,254,47,9508234,358175,231296,10.21,3
Aug-2024,Fortnite,South America,4119632,1888662,278,54,7445581,379863,226787,17.46,2
Aug-2024,Fortnite,Africa,4057523,2092035,241,50,9155131,478814,202811,6.72,2
Aug-2024,Fortnite,Africa,3922068,1920345,267,53,6136046,428605,212327,22.01,3
Aug-2024,Fortnite,Africa,3963345,1970505,270,47,6654217,405175,243831,17.7,5
Aug-2024,Fortnite,Africa,4116576,1861990,281,49,8644346,360858,219255,21.38,2
Aug-2024,Fortnite,Africa,4204724,1994609,271,49,6669828,458110,237576,16.95,2
Aug-2024,Fortnite,Africa,3906559,2117901,271,44,6777765,323261,194240,18.57,0
Aug-2024,Fortnite,Africa,4064220,1973445,255,49,9030863,481894,255740,19.05,0
Aug-2024,Fortnite,Africa,3998338,1998164,250,48,9581423,466730,232125,9.49,4
Aug-2024,Fortnite,Africa,4213868,2041363,288,46,6549194,335596,209221,16.39,2
Aug-2024,Fortnite,Africa,3895114,2059675,254,50,6058712,480314,250451,10.11,2
Aug-2024,Fortnite,Africa,4193716,1732148,272,49,8345493,517396,171359,21.08,0
Aug-2024,Fortnite,Africa,3924267,2093579,260,45,6290944,373394,178593,14.37,0
Aug-2024,Fortnite,Africa,4015846,1882648,262,52,9473143,498370,182340,22.35,0
Aug-2024,Fortnite,Africa,4251907,2010174,257,49,8405550,488385,229488,7.73,1
Aug-2024,Fortnite,Africa,3788760,1976147,274,53,6899593,384544,166910,8.26,1
Aug-2024,Fortnite,Africa,3877480,2139747,257,55,7202728,288104,187450,5.2,4
Aug-2024,Fortnite,Africa,3938422,1838540,259,48,9695117,150661,206127,9.96,2
Aug-2024,Fortnite,Africa,4101211,1963166,232,48,8266911,367497,202140,6.59,0
Aug-2024,Fortnite,Africa,4046199,1996787,279,53,6519716,386740,97371,6.44,1
Aug-2024,Fortnite,Africa,4113911,2053375,238,46,6487058,326582,160088,24.86,0
Aug-2024,Fortnite,Oceania,3766810,1930381,256,44,8540648,324670,220939,13.47,0
Aug-2024,Fortnite,Oceania,4436244,2018411,271,49,6958334,467917,282799,23.86,4
Aug-2024,Fortnite,Oceania,4163038,1891599,296,45,6400620,374955,215219,13.23,0
Aug-2024,Fortnite,Oceania,3926407,2005143,272,51,7611642,408860,213213,7.32,5
Aug-2024,Fortnite,Oceania,3880078,2003603,260,47,7976543,429639,169495,14.81,2
Aug-2024,Fortnite,Oceania,4209490,1915710,266,50,7498413,324733,232861,10.96,3
Aug-2024,Fortnite,Oceania,4244582,2163897,262,48,7216854,431389,266663,22.07,1
Aug-2024,Fortnite,Oceania,3780332,2053896,256,47,6094080,490469,220183,21.89,5
Aug-2024,Fortnite,Oceania,4098187,2051560,277,41,6379570,430845,215627,20.61,3
Aug-2024,Fortnite,Oceania,4217934,2110560,256,52,7340450,381234,233803,13.78,4
Aug-2024,Fortnite,Oceania,3776551,2090762,267,50,7267320,283174,206827,22.48,3
Aug-2024,Fortnite,Oceania,4034929,2079704,264,51,9804917,559947,175965,18.11,5
Aug-2024,Fortnite,Oceania,3905192,1860950,241,53,6233090,472842,224036,7.71,3
Aug-2024,Fortnite,Oceania,4222520,2015068,230,45,10172798,368884,243699,24.71,3
Aug-2024,Fortnite,Oceania,4101336,1995308,265,49,7740342,323324,184122,20.22,5
Aug-2024,Fortnite,Oceania,3857430,2124542,258,48,6729683,423220,184412,16.0,4
Aug-2024,Fortnite,Oceania,4234117,2074298,258,48,7041535,498796,219969,17.67,0
Aug-2024,Fortnite,Oceania,3815356,2004593,272,52,8894764,384511,190184,22.15,2
Aug-2024,Fortnite,Oceania,4095082,1911542,249,49,9593262,435428,175800,20.16,3
Aug-2024,Fortnite,Oceania,3853045,2028442,259,46,8675864,349235,194263,6.84,4
Sep-2024,Fortnite,NA,3899303,1908779,255,47,8001300,455936,195191,22.83,0
Sep-2024,Fortnite,NA,3995341,1926865,267,49,7830266,375220,184132,20.52,0
Sep-2024,Fortnite,NA,3935460,1911032,276,47,6040047,513576,218283,5.33,4
Sep-2024,Fortnite,NA,3904402,1960220,263,48,9313107,409024,185919,14.43,5
Sep-2024,Fortnite,NA,3698326,1909697,278,45,7988548,366451,209323,7.83,1
Sep-2024,Fortnite,NA,4160306,1937374,251,49,7624314,274290,284096,14.56,5
Sep-2024,Fortnite,NA,4232005,1990228,262,49,7313855,257834,183699,21.63,3
Sep-2024,Fortnite,NA,4122091,1953861,259,49,9801105,407838,270909,5.25,0
Sep-2024,Fortnite,NA,4152407,2092498,290,46,9253334,462765,197039,7.93,3
Sep-2024,Fortnite,NA,3889589,1948491,253,49,7688095,281762,198213,19.44,3
Sep-2024,Fortnite,NA,3791100,1925543,277,44,6374510,291191,169258,23.47,5
Sep-2024,Fortnite,NA,4210121,1898638,265,49,8401386,561532,247154,23.01,2
Sep-2024,Fortnite,NA,3930446,1780075,266,51,8001367,285597,179496,6.44,4
Sep-2024,Fortnite,NA,3974988,2046533,268,50,9211398,308526,220057,16.38,2
Sep-2024,Fortnite,NA,4329339,1818805,250,47,9045480,334459,232381,24.89,5
Sep-2024,Fortnite,NA,3921105,2027689,272,50,7148541,377495,181680,17.45,4
Sep-2024,Fortnite,NA,4292669,2016444,245,48,7432433,485112,214114,12.99,5
Sep-2024,Fortnite,NA,3839814,1877139,256,53,6361660,323255,237485,14.44,3
Sep-2024,Fortnite,NA,3807273,1850771,260,53,6192937,283133,146829,6.16,3
Sep-2024,Fortnite,NA,3998047,1937226,261,47,7421370,445033,156003,7.86,4
Sep-2024,Fortnite,EU,4274624,1928968,249,47,9433887,445461,154259,12.3,0
Sep-2024,Fortnite,EU,4073342,2061433,281,45,9362810,425368,200825,7.63,5
Sep-2024,Fortnite,EU,3617099,1782114,246,47,7520603,333245,223209,13.29,1
Sep-2024,Fortnite,EU,4088013,2126823,262,50,7855504,268931,171137,14.88,4
Sep-2024,Fortnite,EU,4206766,1934871,263,47,9466175,230534,301895,23.4,3
Sep-2024,Fortnite,EU,3919820,2150564,279,48,6929922,365922,174381,20.69,3
Sep-2024,Fortnite,EU,3632361,2240266,279,53,6771505,524272,182145,7.94,3
Sep-2024,Fortnite,EU,3730349,2086340,276,48,8440406,337769,176263,19.75,0
Sep-2024,Fortnite,EU,3881409,1912464,277,48,6449853,257144,242353,14.98,2
Sep-2024,Fortnite,EU,3896582,2019744,264,46,8848422,470634,210764,24.26,1
Sep-2024,Fortnite,EU,4242975,1967825,254,49,10327667,507420,158957,8.36,0
Sep-2024,Fortnite,EU,4406783,1869436,242,45,8444783,429907,214597,20.09,1
Sep-2024,Fortnite,EU,3654278,2041037,276,48,8935986,214227,230006,13.71,2
Sep-2024,Fortnite,EU,4626493,1807380,276,41,10832159,436450,282420,21.45,1
Sep-2024,Fortnite,EU,4060567,2001991,257,51,7534830,450849,152480,16.78,2
Sep-2024,Fortnite,EU,3996890,1876544,279,53,6258269,395628,194371,20.15,5
Sep-2024,Fortnite,EU,4078368,1915081,254,44,7101558,499550,226462,8.6,1
Sep-2024,Fortnite,EU,3829244,1918193,268,47,8775081,507602,146835,8.34,2
Sep-2024,Fortnite,EU,4020750,1979650,255,49,7467431,335419,228188,7.41,2
Sep-2024,Fortnite,EU,4043340,2046151,261,50,8940142,374650,124917,9.6,1
Sep-2024,Fortnite,Asia,3927605,2004813,251,47,7618672,315312,189049,18.8,3
Sep-2024,Fortnite,Asia,4005597,2040909,288,44,8718958,325049,193646,18.78,5
Sep-2024,Fortnite,Asia,4001454,2116514,310,47,7626425,444166,130981,22.74,3
Sep-2024,Fortnite,Asia,3989095,1975768,306,48,7409228,471960,259454,9.38,4
Sep-2024,Fortnite,Asia,3638441,2154216,242,42,6613236,337014,119385,21.09,1
Sep-2024,Fortnite,Asia,4298847,2031272,253,42,9667443,549855,230715,20.12,1
Sep-2024,Fortnite,Asia,3807816,1888822,265,49,9156351,395915,186341,6.23,3
Sep-2024,Fortnite,Asia,4276031,1941030,261,54,9359488,531554,210271,5.64,5
Sep-2024,Fortnite,Asia,3968092,1923982,236,54,8396732,484525,162755,14.83,0
Sep-2024,Fortnite,Asia,4336598,1921080,281,44,9148886,597357,242702,24.8,2
Sep-2024,Fortnite,Asia,3983994,2056635,264,54,8547004,465219,223953,19.17,2
Sep-2024,Fortnite,Asia,3906802,1966274,260,47,7679618,365978,216693,13.43,1
Sep-2024,Fortnite,Asia,3909104,2186535,246,51,8831909,375259,180653,10.11,0
Sep-2024,Fortnite,Asia,4018324,2011185,240,47,9850321,408895,207982,5.7,0
Sep-2024,Fortnite,Asia,3932243,1873901,258,51,7076471,353401,157950,21.19,1
Sep-2024,Fortnite,Asia,3878442,1797322,282,48,6008663,326978,230618,20.83,0
Sep-2024,Fortnite,Asia,4407900,1991929,248,50,8495922,247540,205784,13.07,0
Sep-2024,Fortnite,Asia,3941616,1823829,275,45,9132468,377866,187670,8.31,3
Sep-2024,Fortnite,Asia,4099774,2018664,263,50,8293732,464097,182415,18.81,0
Sep-2024,Fortnite,Asia,3915850,1991058,271,52,6150347,451602,214544,20.86,5
Sep-2024,Fortnite,South America,4090899,1908427,256,52,8518892,533007,203296,12.84,5
Sep-2024,Fortnite,South America,4099656,1970764,233,47,8171973,423708,265576,19.88,4
Sep-2024,Fortnite,South America,4160198,1966935,280,49,9503453,279666,234492,23.22,5
Sep-2024,Fortnite,South America,3972579,2008920,270,47,7962735,217491,196803,22.83,0
Sep-2024,Fortnite,South America,4375378,1733411,263,52,6731573,561711,322896,11.78,3
Sep-2024,Fortnite,South America,3888317,2038851,275,51,6831464,357310,204703,24.17,4
Sep-2024,Fortnite,South America,4167671,1845332,273,48,7718314,372427,238850,23.67,3
Sep-2024,Fortnite,South America,4181647,1891421,265,51,9109382,508837,280966,11.74,1
Sep-2024,Fortnite,South America,3939158,1824947,260,50,9194529,350109,165504,5.76,4
Sep-2024,Fortnite,South America,4023919,2033216,248,52,9896531,369058,124605,7.07,5
Sep-2024,Fortnite,South America,4047105,1921594,293,46,7984499,412954,142983,5.52,1
Sep-2024,Fortnite,South America,3982874,2157725,261,48,9370551,187502,155785,22.93,5
Sep-2024,Fortnite,South America,4045545,1778241,251,49,9641676,444539,228962,12.42,1
Sep-2024,Fortnite,South America,4021086,1937299,259,43,9903487,446652,177531,18.45,1
Sep-2024,Fortnite,South America,4380104,2147187,257,48,8992855,517240,189107,15.79,1
Sep-2024,Fortnite,South America,3873317,1834698,274,51,7702681,400597,201568,15.35,0
Sep-2024,Fortnite,South America,3752129,2137286,277,48,6596669,355707,159973,19.06,3
Sep-2024,Fortnite,South America,3968048,1991611,263,43,6994787,508955,221943,12.43,2
Sep-2024,Fortnite,South America,4085544,1968909,275,46,6799220,365672,258372,9.85,1
Sep-2024,Fortnite,South America,4331013,1979987,281,50,8325337,380942,256176,16.8,3
Sep-2024,Fortnite,Africa,4057914,2009806,260,49,7914808,411771,285348,7.87,4
Sep-2024,Fortnite,Africa,3886279,2029448,256,46,8301985,375772,189807,19.85,5
Sep-2024,Fortnite,Africa,3918591,1997697,279,43,9747092,540513,147896,15.38,3
Sep-2024,Fortnite,Africa,4236822,1925304,267,51,9458020,531710,168898,11.26,0
Sep-2024,Fortnite,Africa,3973093,2034349,260,46,6477789,472501,164619,16.05,2
Sep-2024,Fortnite,Africa,4070295,1923795,248,48,7057106,280655,139923,22.96,1
Sep-2024,Fortnite,Africa,3945432,2026903,257,49,9709456,348901,189010,15.59,3
Sep-2024,Fortnite,Africa,3997540,2072589,267,51,7729814,485973,96487,17.36,1
Sep-2024,Fortnite,Africa,3885440,1971519,273,48,6607567,491407,144069,19.74,5
Sep-2024,Fortnite,Africa,4231975,1963026,278,51,8404152,440364,266192,12.18,5
Sep-2024,Fortnite,Africa,4317869,2050484,253,47,10712871,421321,252738,12.37,1
Sep-2024,Fortnite,Africa,3903631,1955097,255,49,6041568,399991,245531,11.0,5
Sep-2024,Fortnite,Africa,3987305,2138797,285,51,9810431,405350,238605,17.95,1
Sep-2024,Fortnite,Africa,4396375,2032945,293,49,7056204,276988,208839,13.46,1
Sep-2024,Fortnite,Africa,4109402,1872917,292,49,9870690,313048,280674,9.01,3
Sep-2024,Fortnite,Africa,3818781,1869873,237,45,6955424,334022,118504,13.99,4
Sep-2024,Fortnite,Africa,4157168,1957807,277,49,9086437,542503,228347,9.15,3
Sep-2024,Fortnite,Africa,4022958,2054717,282,48,9000365,344793,214514,15.55,0
Sep-2024,Fortnite,Africa,3743507,2038877,272,52,8964316,314730,255474,5.53,2
Sep-2024,Fortnite,Africa,4297735,2017613,281,43,6653181,402759,164441,22.06,4
Sep-2024,Fortnite,Oceania,4148453,1801258,279,51,8279078,358213,296255,13.1,5
Sep-2024,Fortnite,Oceania,3781915,1870748,258,45,5707938,480357,169646,15.49,0
Sep-2024,Fortnite,Oceania,4180849,1910917,273,50,8934452,428675,234404,23.62,3
Sep-2024,Fortnite,Oceania,4338129,1925937,240,47,7559046,391578,179714,8.85,4
Sep-2024,Fortnite,Oceania,3862529,1971353,236,48,6262248,453156,169797,7.09,1
Sep-2024,Fortnite,Oceania,4175162,1848629,262,56,7945120,481248,253601,16.65,1
Sep-2024,Fortnite,Oceania,4258155,2054627,274,47,7665623,529207,200091,17.7,0
Sep-2024,Fortnite,Oceania,3937939,1941033,294,52,8135221,464103,110812,17.82,1
Sep-2024,Fortnite,Oceania,3840800,2063292,293,50,9127933,345513,116636,19.68,2
Sep-2024,Fortnite,Oceania,4182834,2169068,266,48,6490080,366878,239952,21.63,0
Sep-2024,Fortnite,Oceania,4176211,1922872,231,46,7389989,564106,137867,24.53,1
Sep-2024,Fortnite,Oceania,3843298,1991551,247,44,7888116,386493,163247,17.26,2
Sep-2024,Fortnite,Oceania,4247557,1960485,294,51,7981134,370685,216878,15.36,0
Sep-2024,Fortnite,Oceania,3585546,1989948,275,49,7134437,438444,177144,20.23,2
Sep-2024,Fortnite,Oceania,4356193,2278539,260,44,9734810,344509,216131,6.45,1
Sep-2024,Fortnite,Oceania,3776231,1861248,272,51,8556230,256702,188867,13.05,3
Sep-2024,Fortnite,Oceania,4030156,2141830,260,51,6067593,288691,221169,7.77,1
Sep-2024,Fortnite,Oceania,4105746,2098604,297,49,10246810,430882,300592,21.66,0
Sep-2024,Fortnite,Oceania,3922900,1960757,287,51,8214022,370825,215752,7.91,5
Sep-2024,Fortnite,Oceania,3654685,1924996,277,44,6697549,512727,172029,5.34,0
Oct-2024,Fortnite,NA,4131244,2122865,279,50,7238776,423607,196395,18.46,3
Oct-2024,Fortnite,NA,3804968,2196663,261,51,7195137,324705,154045,7.08,5
Oct-2024,Fortnite,NA,3834122,2011871,264,52,8649552,449407,165623,24.94,0
Oct-2024,Fortnite,NA,3795569,1901245,255,50,5828858,379741,186954,7.54,2
Oct-2024,Fortnite,NA,3939074,2013588,254,51,6887077,314605,191516,24.48,2
Oct-2024,Fortnite,NA,4332402,1820863,290,53,8580481,585072,218623,10.96,0
Oct-2024,Fortnite,NA,4272293,1723225,294,46,7121230,375479,246752,15.26,5
Oct-2024,Fortnite,NA,3716057,1967575,257,43,6504289,318091,196776,10.17,0
Oct-2024,Fortnite,NA,4566022,2008689,255,48,8448330,521908,214616,24.62,4
Oct-2024,Fortnite,NA,4272512,2030030,246,47,10393071,380872,242802,15.08,2
Oct-2024,Fortnite,NA,4046378,1956688,277,49,9103584,446310,171882,17.37,4
Oct-2024,Fortnite,NA,4241651,1844757,267,47,9510989,371198,213028,23.28,2
Oct-2024,Fortnite,NA,4090054,1991972,249,49,9808418,309056,209420,12.81,3
Oct-2024,Fortnite,NA,4058041,2124765,263,48,7669343,407068,153937,21.24,0
Oct-2024,Fortnite,NA,4114319,1933092,245,49,6668137,492702,226572,9.35,1
Oct-2024,Fortnite,NA,4153370,1737436,256,52,9523958,279573,240564,22.28,3
Oct-2024,Fortnite,NA,3987046,1942447,268,47,6106098,327732,218487,5.24,2
Oct-2024,Fortnite,NA,3916273,1892364,276,47,6078614,380373,116918,23.81,3
Oct-2024,Fortnite,NA,3871803,1817278,242,48,7033335,466135,188538,5.69,5
Oct-2024,Fortnite,NA,4322313,1949368,266,48,9972575,396462,265806,24.48,0
Oct-2024,Fortnite,EU,4286753,1915663,283,47,6525921,390645,242250,18.37,5
Oct-2024,Fortnite,EU,4096841,1874648,251,46,8431903,432023,165823,20.01,5
Oct-2024,Fortnite,EU,3735153,1902083,253,45,7925331,394641,155315,17.78,2
Oct-2024,Fortnite,EU,4081894,1848346,237,52,8376963,396620,182644,5.62,1
Oct-2024,Fortnite,EU,3698232,2007191,304,45,7207031,410213,111828,19.29,2
Oct-2024,Fortnite,EU,4218302,1938457,272,49,6720856,306656,253466,16.92,1
Oct-2024,Fortnite,EU,4099147,1979048,277,47,7563282,330100,206161,13.53,3
Oct-2024,Fortnite,EU,4081919,2022988,275,52,9959767,439002,209034,18.42,2
Oct-2024,Fortnite,EU,3982071,1903875,269,50,9216040,410335,197440,23.21,4
Oct-2024,Fortnite,EU,3749448,2006257,250,46,7791075,278486,248822,7.26,1
Oct-2024,Fortnite,EU,4115844,1960067,285,53,8830683,520674,187047,20.6,5
Oct-2024,Fortnite,EU,3699194,1936241,283,51,7418452,454410,153073,5.98,0
Oct-2024,Fortnite,EU,4070706,1914337,256,45,8048494,464086,178442,17.28,5
Oct-2024,Fortnite,EU,4396452,1955901,251,51,7000434,623337,244475,18.01,1
Oct-2024,Fortnite,EU,3921547,1895654,261,49,7747804,457834,164488,8.43,2
Oct-2024,Fortnite,EU,4064000,1970563,262,48,6506084,581864,152643,13.74,4
Oct-2024,Fortnite,EU,3874096,1948396,276,49,8073271,324880,194332,17.81,0
Oct-2024,Fortnite,EU,4373303,2002538,252,50,7356533,403743,235717,7.3,5
Oct-2024,Fortnite,EU,3725220,1829864,272,53,7727416,333032,190435,10.34,0
Oct-2024,Fortnite,EU,4183188,1729640,263,49,9355157,356972,237497,10.3,2
Oct-2024,Fortnite,Asia,4180926,2026936,275,49,9808279,506165,249743,18.7,4
Oct-2024,Fortnite,Asia,3733948,1940439,261,49,6122823,326544,230922,16.82,5
Oct-2024,Fortnite,Asia,4110366,2029573,283,47,9102967,459504,213884,19.21,4
Oct-2024,Fortnite,Asia,3837457,1881359,269,49,9242306,422929,221082,18.12,3
Oct-2024,Fortnite,Asia,3952324,2041459,276,48,8751866,450803,267542,18.18,3
Oct-2024,Fortnite,Asia,3604216,2315590,257,53,8817394,367406,201900,19.43,3
Oct-2024,Fortnite,Asia,4232638,1887734,260,48,6767387,358760,155346,21.48,1
Oct-2024,Fortnite,Asia,4088446,1958657,260,45,10007640,541479,161961,23.23,3
Oct-2024,Fortnite,Asia,4207437,2069243,254,51,9822775,513398,220563,13.56,0
Oct-2024,Fortnite,Asia,3977819,1922594,265,52,8525435,435778,189740,20.76,5
Oct-2024,Fortnite,Asia,3895249,2094343,254,46,8484079,388525,191189,16.72,2
Oct-2024,Fortnite,Asia,4136583,2076119,303,42,6906405,524537,214276,19.22,1
Oct-2024,Fortnite,Asia,3909579,1933278,234,48,8830934,280831,215520,18.63,3
Oct-2024,Fortnite,Asia,4276801,2046105,246,54,9769994,404973,260643,20.31,3
Oct-2024,Fortnite,Asia,3913375,2056597,281,52,7124917,358892,138345,24.05,2
Oct-2024,Fortnite,Asia,4427579,2050320,262,46,7683338,541984,192487,13.92,5
Oct-2024,Fortnite,Asia,3779543,1979270,281,48,7537644,312027,194554,10.12,0
Oct-2024,Fortnite,Asia,4127801,2091477,246,54,8982651,409872,125965,15.16,0
Oct-2024,Fortnite,Asia,4228355,1895768,249,44,10483408,367967,356878,16.09,4
Oct-2024,Fortnite,Asia,4072774,1771936,247,52,6562944,437663,192126,24.63,0
Oct-2024,Fortnite,South America,4106183,2069676,250,45,7172713,300885,229237,18.89,0
Oct-2024,Fortnite,South America,3754817,2054816,251,50,6568200,346106,235430,7.88,4
Oct-2024,Fortnite,South America,4144202,1925119,253,48,10117878,439269,254216,16.24,4
Oct-2024,Fortnite,South America,4076586,1950678,273,48,9492046,547622,173483,6.65,4
Oct-2024,Fortnite,South America,3818908,2093685,272,49,7204467,202064,178025,7.9,1
Oct-2024,Fortnite,South America,4065364,1944137,238,48,9965551,507628,152569,14.1,1
Oct-2024,Fortnite,South America,3986336,1851456,257,54,8767629,314395,98756,16.09,4
Oct-2024,Fortnite,South America,4326299,2052712,243,57,10141138,398690,177544,16.97,4
Oct-2024,Fortnite,South America,4178185,2172203,258,44,6872958,381238,204463,20.95,2
Oct-2024,Fortnite,South America,3817432,2099848,244,51,7663288,409205,237580,10.98,4
Oct-2024,Fortnite,South America,4099761,1886566,273,47,8654018,451993,189392,20.12,2
Oct-2024,Fortnite,South America,4397639,1955970,243,43,10969278,404253,264348,18.88,1
Oct-2024,Fortnite,South America,3975802,1975626,273,52,8624300,396422,238786,10.41,0
Oct-2024,Fortnite,South America,4086683,1880873,268,52,8300815,370327,256523,20.77,4
Oct-2024,Fortnite,South America,4080394,2092222,285,44,6637191,441385,120319,11.9,2
Oct-2024,Fortnite,South America,4231635,2051607,260,48,7569747,285048,197431,12.39,1
Oct-2024,Fortnite,South America,3960770,1948629,252,50,7018727,401471,174779,23.42,1
Oct-2024,Fortnite,South America,3948190,1775496,252,47,8889621,451206,138664,14.41,3
Oct-2024,Fortnite,South America,3934887,1914201,257,49,8124446,443448,204744,24.01,0
Oct-2024,Fortnite,South America,4204778,2029013,254,42,8818331,345065,159357,11.24,5
Oct-2024,Fortnite,Africa,3660159,1956291,259,47,5906158,268483,209259,17.83,1
Oct-2024,Fortnite,Africa,4053633,1995092,246,46,8842201,237078,148709,20.91,0
Oct-2024,Fortnite,Africa,4101548,2066242,257,51,6591752,330383,150549,8.74,4
Oct-2024,Fortnite,Africa,4398504,1795710,251,51,8197592,573433,203008,21.58,0
Oct-2024,Fortnite,Africa,3976133,2054767,242,44,8705321,418420,260450,6.79,3
Oct-2024,Fortnite,Africa,3979641,1876161,249,46,9308590,431576,202608,14.48,3
Oct-2024,Fortnite,Africa,3730730,2144745,268,48,8661638,369463,134893,24.86,4
Oct-2024,Fortnite,Africa,3688194,1900446,261,53,6234016,391595,166119,23.8,3
Oct-2024,Fortnite,Africa,4320597,1944960,264,50,9817646,362764,222988,15.9,2
Oct-2024,Fortnite,Africa,4203743,2034779,259,47,7573525,419691,172144,13.11,1
Oct-2024,Fortnite,Africa,4082511,2036454,263,48,10070386,482877,171876,22.98,2
Oct-2024,Fortnite,Africa,3950972,1917529,290,46,8618093,495395,117923,18.75,0
Oct-2024,Fortnite,Africa,4221182,2064249,288,47,6704034,401014,128646,20.43,1
Oct-2024,Fortnite,Africa,4012060,2002785,225,52,8996500,476246,193888,17.53,2
Oct-2024,Fortnite,Africa,3726321,1999803,254,48,9105283,268788,196666,24.14,0
Oct-2024,Fortnite,Africa,4063799,1827793,259,46,8705621,394061,159250,7.25,0
Oct-2024,Fortnite,Africa,3820661,1998227,279,51,7211494,347395,135415,24.96,3
Oct-2024,Fortnite,Africa,4022223,1917477,271,48,6606848,370694,234603,11.77,3
Oct-2024,Fortnite,Africa,3851973,1923698,258,46,9536757,522072,155822,22.14,2
Oct-2024,Fortnite,Africa,4160640,2172969,266,46,6601238,502063,155199,5.22,1
Oct-2024,Fortnite,Oceania,4186662,2047373,263,50,9671522,349173,148667,16.64,2
Oct-2024,Fortnite,Oceania,4031626,2015720,267,47,7296336,417021,210953,6.66,2
Oct-2024,Fortnite,Oceania,4193699,2072355,278,49,8749840,389016,249046,13.96,2
Oct-2024,Fortnite,Oceania,4113190,2063069,245,44,8482635,501022,218426,18.75,1
Oct-2024,Fortnite,Oceania,3559702,2084552,249,52,7298434,340380,184097,17.39,5
Oct-2024,Fortnite,Oceania,4016590,1911845,231,51,7999807,431234,182983,9.07,4
Oct-2024,Fortnite,Oceania,4485134,1983163,264,47,9464512,355984,185667,16.64,2
Oct-2024,Fortnite,Oceania,3983464,2163525,277,48,9581612,596601,207491,6.55,2
Oct-2024,Fortnite,Oceania,4328210,2174905,248,45,8510031,384728,238310,6.3,0
Oct-2024,Fortnite,Oceania,3713312,1982643,262,52,5888804,303673,150305,6.39,1
Oct-2024,Fortnite,Oceania,3787275,2053632,263,53,9337607,353427,151489,15.89,4
Oct-2024,Fortnite,Oceania,4040162,2004564,244,52,7673928,443287,159561,23.07,1
Oct-2024,Fortnite,Oceania,4091533,2084576,249,47,8702230,446034,191404,13.06,5
Oct-2024,Fortnite,Oceania,3759160,2130567,244,44,7851389,387690,166388,20.66,3
Oct-2024,Fortnite,Oceania,4093966,2066247,270,48,9364102,455122,250449,15.0,4
Oct-2024,Fortnite,Oceania,4173142,1826373,258,50,7708835,478040,225000,24.57,0
Oct-2024,Fortnite,Oceania,3674695,2001173,246,53,8186297,275952,105051,20.31,4
Oct-2024,Fortnite,Oceania,4008827,1990384,250,48,9842043,341608,250436,17.6,5
Oct-2024,Fortnite,Oceania,4095479,2066905,259,46,9783341,282909,202097,8.04,4
Oct-2024,Fortnite,Oceania,3982157,1974308,263,52,9895682,473478,196924,13.17,3
Nov-2024,Fortnite,NA,4346544,1739615,259,50,10005956,526990,240144,23.31,4
Nov-2024,Fortnite,NA,4122150,1773690,271,44,9126009,363390,211316,12.72,2
Nov-2024,Fortnite,NA,3993388,1969572,234,44,7282005,344043,235373,17.2,1
Nov-2024,Fortnite,NA,3991486,2014145,266,57,9114639,466726,225205,6.09,2
Nov-2024,Fortnite,NA,4241174,1894856,254,55,9276279,363211,207581,11.63,2
Nov-2024,Fortnite,NA,4094220,1948762,297,47,7687826,528259,194775,10.23,1
Nov-2024,Fortnite,NA,4336068,2163411,254,41,8778340,409948,230599,8.47,1
Nov-2024,Fortnite,NA,4626444,1919899,271,50,11240502,452591,201635,21.98,1
Nov-2024,Fortnite,NA,3917643,2097630,265,50,8958654,568854,224643,18.61,3
Nov-2024,Fortnite,NA,3792776,2166396,268,49,6843051,491602,222178,23.48,3
Nov-2024,Fortnite,NA,4100712,2028014,285,48,9269286,433589,271044,22.39,3
Nov-2024,Fortnite,NA,3915474,2041374,223,49,7379579,390577,188066,15.92,4
Nov-2024,Fortnite,NA,3839832,1952348,238,50,6209921,467123,175798,6.86,3
Nov-2024,Fortnite,NA,4202839,1864907,276,54,7425489,459225,280526,22.79,1
Nov-2024,Fortnite,NA,4152365,2008858,259,49,8621241,537916,223382,21.67,0
Nov-2024,Fortnite,NA,3843920,1976383,257,45,7735503,405474,118159,10.43,4
Nov-2024,Fortnite,NA,3914808,1987178,253,49,9117362,411519,187056,19.0,0
Nov-2024,Fortnite,NA,4134256,2186248,268,50,8672429,281808,244234,19.01,2
Nov-2024,Fortnite,NA,4266830,2189304,273,46,7813885,329246,179622,16.53,1
Nov-2024,Fortnite,NA,3743508,2008865,255,49,9260584,382588,190653,9.52,0
Nov-2024,Fortnite,EU,4137735,2083588,261,55,7004295,449410,172797,9.22,0
Nov-2024,Fortnite,EU,4160767,1960602,256,49,6320714,403664,245104,14.92,4
Nov-2024,Fortnite,EU,4102450,1989114,271,41,8446520,472508,270672,13.39,3
Nov-2024,Fortnite,EU,3874499,2075122,258,47,5848378,488233,203974,23.32,5
Nov-2024,Fortnite,EU,3946070,2015129,229,50,6246862,355682,157811,15.01,1
Nov-2024,Fortnite,EU,3924954,2131823,259,45,9530015,429845,250314,13.07,4
Nov-2024,Fortnite,EU,3631037,1981403,259,46,7677635,395286,218639,7.01,1
Nov-2024,Fortnite,EU,3879414,2041058,261,46,8837895,338658,194068,24.95,0
Nov-2024,Fortnite,EU,4200445,2050055,273,47,10346191,258935,174611,21.54,5
Nov-2024,Fortnite,EU,4269196,2129430,251,47,7782150,304544,228436,11.1,3
Nov-2024,Fortnite,EU,4171843,1932764,251,52,9245714,226995,218785,22.47,5
Nov-2024,Fortnite,EU,3994537,1936845,252,48,6947576,319423,189283,21.03,2
Nov-2024,Fortnite,EU,3984571,2098394,276,48,6741213,522059,241155,9.28,5
Nov-2024,Fortnite,EU,4171348,1728248,244,50,7405227,474486,187400,7.14,2
Nov-2024,Fortnite,EU,3913735,2052854,283,52,6893306,332894,187657,12.41,0
Nov-2024,Fortnite,EU,3941804,1968467,259,49,6449108,370045,186030,6.1,3
Nov-2024,Fortnite,EU,4011800,1682017,254,51,7434934,442468,155798,22.7,0
Nov-2024,Fortnite,EU,4032040,1954393,256,46,8408464,550530,294395,24.69,0
Nov-2024,Fortnite,EU,3970429,1799615,256,47,8511620,344031,228971,5.58,2
Nov-2024,Fortnite,EU,4007424,1999990,280,50,6745006,581083,199736,8.53,4
Nov-2024,Fortnite,Asia,4095889,1942568,267,46,9597525,497801,152862,19.32,3
Nov-2024,Fortnite,Asia,3984966,2308761,285,49,7367744,389827,186360,22.08,0
Nov-2024,Fortnite,Asia,3869129,2117385,265,49,7806943,413234,184602,9.39,5
Nov-2024,Fortnite,Asia,4189685,2091199,278,52,7917434,494562,206788,6.82,0
Nov-2024,Fortnite,Asia,4006477,2036172,257,53,9042826,251342,261636,6.31,4
Nov-2024,Fortnite,Asia,4056724,2107860,259,52,9236469,342022,233152,18.34,2
Nov-2024,Fortnite,Asia,4213483,1905920,266,52,9928560,491546,145784,23.9,3
Nov-2024,Fortnite,Asia,4050277,1984502,272,47,8373909,407640,245521,19.38,3
Nov-2024,Fortnite,Asia,4294811,1989364,242,46,7189803,503469,272424,9.03,2
Nov-2024,Fortnite,Asia,4119531,1929882,252,44,7530269,444349,237963,24.16,0
Nov-2024,Fortnite,Asia,3810579,1951914,265,48,5873862,392066,185824,16.96,1
Nov-2024,Fortnite,Asia,4028860,2062700,256,47,9744813,296084,154228,22.46,1
Nov-2024,Fortnite,Asia,3617192,1931522,247,50,8306984,293893,203555,15.13,3
Nov-2024,Fortnite,Asia,4238140,1726294,250,48,10484699,337373,190304,14.99,5
Nov-2024,Fortnite,Asia,4087216,2128200,241,40,6243489,361143,169305,12.05,0
Nov-2024,Fortnite,Asia,4226885,1981994,262,48,9493707,476885,257984,19.86,0
Nov-2024,Fortnite,Asia,3929737,1959385,260,46,6856784,332463,257970,5.48,1
Nov-2024,Fortnite,Asia,4229829,2042369,240,46,10022733,473419,137070,11.52,5
Nov-2024,Fortnite,Asia,4171395,1968392,276,47,8384923,395448,272300,17.27,0
Nov-2024,Fortnite,Asia,3950575,1725901,281,43,6590784,434916,243354,11.86,3
Nov-2024,Fortnite,South America,4118179,2065892,269,51,10073519,444553,222863,9.26,5
Nov-2024,Fortnite,South America,3837304,1908730,266,48,6137892,458615,189015,8.47,5
Nov-2024,Fortnite,South America,3474094,1938835,258,44,8456349,327886,194735,12.2,5
Nov-2024,Fortnite,South America,3989801,1914474,260,46,7739745,461959,220613,15.71,4
Nov-2024,Fortnite,South America,3976692,2031771,251,49,6703876,418718,228814,11.97,3
Nov-2024,Fortnite,South America,4359585,1938529,270,50,9631430,360771,194728,23.59,1
Nov-2024,Fortnite,South America,3978928,2010477,253,48,7573100,395443,152023,20.28,2
Nov-2024,Fortnite,South America,4438179,1883468,268,53,7163507,474291,162596,11.25,2
Nov-2024,Fortnite,South America,3763943,2030256,272,53,8484123,478924,119418,6.29,4
Nov-2024,Fortnite,South America,4084518,2169813,289,53,8234178,477375,221200,9.4,4
Nov-2024,Fortnite,South America,4049555,1847795,258,44,6525516,482590,175398,10.29,5
Nov-2024,Fortnite,South America,3869639,2035025,270,48,9174143,286868,158568,8.03,1
Nov-2024,Fortnite,South America,3843650,1975087,259,48,8878221,456293,183956,14.44,5
Nov-2024,Fortnite,South America,4119970,1939654,243,52,7693070,395425,182611,11.65,5
Nov-2024,Fortnite,South America,3977875,2001163,265,44,7726620,440157,182518,11.33,5
Nov-2024,Fortnite,South America,3899339,2113409,262,51,6972476,490291,174820,12.3,5
Nov-2024,Fortnite,South America,4146254,1993753,252,44,8174179,441327,216954,7.13,4
Nov-2024,Fortnite,South America,4105324,1986006,251,49,7041916,290568,150417,18.73,5
Nov-2024,Fortnite,South America,4313667,1968598,285,47,9087467,521490,229472,23.6,5
Nov-2024,Fortnite,South America,3895326,2081251,229,49,7250679,331880,105857,17.75,1
Nov-2024,Fortnite,Africa,3965190,1945883,271,49,9673574,210166,197867,21.19,5
Nov-2024,Fortnite,Africa,3940987,2091045,279,46,8743158,369142,253045,22.91,1
Nov-2024,Fortnite,Africa,3761416,2010239,251,52,8274265,302327,182306,10.73,4
Nov-2024,Fortnite,Africa,3826970,1872528,253,38,7320290,369019,152884,11.27,5
Nov-2024,Fortnite,Africa,4029481,1849320,250,44,7246860,319116,265461,18.59,0
Nov-2024,Fortnite,Africa,4036243,2020064,252,53,7617467,439662,149234,18.52,5
Nov-2024,Fortnite,Africa,3918779,1927652,258,48,7111705,416287,170828,17.98,2
Nov-2024,Fortnite,Africa,3998008,2033654,261,48,8123946,211664,217889,21.52,5
Nov-2024,Fortnite,Africa,3854007,1944318,306,43,6576635,482863,173677,20.52,5
Nov-2024,Fortnite,Africa,3804007,2043797,265,52,8475586,432616,199620,9.61,0
Nov-2024,Fortnite,Africa,4038408,2031314,275,46,8046991,287004,233732,22.5,4
Nov-2024,Fortnite,Africa,3901156,2058108,218,49,7164656,607211,237158,21.86,5
Nov-2024,Fortnite,Africa,4085064,1869303,270,54,6674890,203239,267748,21.6,0
Nov-2024,Fortnite,Africa,3950157,1984204,260,50,9104919,544982,179132,18.82,5
Nov-2024,Fortnite,Africa,4083265,1882965,247,49,8194494,499588,173043,16.05,3
Nov-2024,Fortnite,Africa,3910614,1986345,250,48,6457571,361764,153371,20.91,0
Nov-2024,Fortnite,Africa,3924440,1896513,230,45,7398711,400435,162850,10.78,1
Nov-2024,Fortnite,Africa,4253234,2144126,272,50,7517379,427451,224241,16.1,2
Nov-2024,Fortnite,Africa,4093652,1983818,260,49,9687853,405813,182067,22.1,4
Nov-2024,Fortnite,Africa,3908008,2034240,262,46,9337291,442882,246764,13.93,4
Nov-2024,Fortnite,Oceania,4233610,2051622,288,48,9072538,359715,171554,12.07,3
Nov-2024,Fortnite,Oceania,4121608,1980722,265,51,8550075,506453,234868,8.74,3
Nov-2024,Fortnite,Oceania,3919165,1874289,272,49,6346308,261703,242952,6.95,5
Nov-2024,Fortnite,Oceania,4058081,1917025,248,47,7210091,459956,223913,15.25,3
Nov-2024,Fortnite,Oceania,4317334,1896884,272,45,9006590,453531,175420,20.39,2
Nov-2024,Fortnite,Oceania,3701803,1892110,273,48,6549101,447359,207378,8.31,4
Nov-2024,Fortnite,Oceania,3888256,1967428,253,47,7910102,317456,200475,5.25,1
Nov-2024,Fortnite,Oceania,4342052,2028514,265,51,9056503,337931,200161,7.97,0
Nov-2024,Fortnite,Oceania,3753149,2130343,277,52,5727518,427891,142082,15.34,0
Nov-2024,Fortnite,Oceania,3815156,2146519,265,51,8485727,405193,139783,6.71,5
Nov-2024,Fortnite,Oceania,4029409,1792911,246,43,6678191,348816,237197,11.18,1
Nov-2024,Fortnite,Oceania,4141811,1794519,275,47,9472630,371519,268636,8.13,1
Nov-2024,Fortnite,Oceania,3894732,1934674,267,49,8061073,405103,176770,17.46,5
Nov-2024,Fortnite,Oceania,3892565,2093309,269,45,7440235,429447,196998,14.9,0
Nov-2024,Fortnite,Oceania,4579481,1954132,265,52,7923917,404838,210002,10.75,1
Nov-2024,Fortnite,Oceania,3838588,2039665,257,50,9407606,414055,268899,19.72,4
Nov-2024,Fortnite,Oceania,3921317,1842599,283,46,9023164,394630,153013,22.56,3
Nov-2024,Fortnite,Oceania,4489601,2155421,248,44,8686455,454795,241419,7.55,5
Nov-2024,Fortnite,Oceania,3568944,1877166,250,51,7101587,381706,192864,10.28,1
Nov-2024,Fortnite,Oceania,3709669,2112522,260,49,8657970,448925,195484,19.67,2
Dec-2024,Fortnite,NA,4258030,2063596,260,45,7073123,347496,257097,17.15,0
Dec-2024,Fortnite,NA,3907988,2116790,264,54,6617914,453314,211902,9.96,0
Dec-2024,Fortnite,NA,3872210,2006209,251,47,8897967,352261,219320,5.55,3
Dec-2024,Fortnite,NA,3881820,1870941,283,50,8170985,423872,162217,21.51,0
Dec-2024,Fortnite,NA,4207194,2144415,245,47,10129785,475858,162730,18.66,5
Dec-2024,Fortnite,NA,4043993,1827072,252,51,8123500,468261,227318,11.59,5
Dec-2024,Fortnite,NA,3915084,1794053,264,46,9756042,373303,119114,13.41,5
Dec-2024,Fortnite,NA,4114886,1983127,252,50,9706571,277345,295634,13.03,0
Dec-2024,Fortnite,NA,3862189,1918025,246,43,7578738,262419,179901,7.93,1
Dec-2024,Fortnite,NA,4346452,2178106,258,54,7330503,565796,207345,9.05,2
Dec-2024,Fortnite,NA,4141698,2010113,267,50,6851736,606526,209547,12.64,3
Dec-2024,Fortnite,NA,3856293,2012794,246,49,7665486,278433,115288,16.89,5
Dec-2024,Fortnite,NA,4381238,1992402,274,53,10375701,445400,234780,6.53,2
Dec-2024,Fortnite,NA,3980915,1919277,277,52,7667249,437133,108579,9.32,0
Dec-2024,Fortnite,NA,4281185,1961748,264,53,6467716,592314,252094,8.96,3
Dec-2024,Fortnite,NA,4114695,1995437,271,47,6430570,400543,187591,22.42,3
Dec-2024,Fortnite,NA,4016157,1822348,265,51,7018256,365624,196886,17.79,0
Dec-2024,Fortnite,NA,4107251,1786465,246,50,8694146,492046,246888,21.43,2
Dec-2024,Fortnite,NA,4032090,1933644,264,53,9602706,331871,184416,19.43,3
Dec-2024,Fortnite,NA,3879576,2037188,292,53,7128209,341970,184822,7.71,0
Dec-2024,Fortnite,EU,3964263,1973224,245,50,7309792,442205,222741,11.53,1
Dec-2024,Fortnite,EU,4218789,2039538,265,49,9647819,313139,222342,20.75,1
Dec-2024,Fortnite,EU,3933636,1886054,255,47,6808051,337269,271638,14.53,0
Dec-2024,Fortnite,EU,4305144,2149703,276,49,10232528,438902,153063,19.12,5
Dec-2024,Fortnite,EU,3859764,1954134,278,52,7182154,280152,139340,20.02,0
Dec-2024,Fortnite,EU,4364135,1907408,271,46,9477636,391701,223969,18.75,2
Dec-2024,Fortnite,EU,3904631,2117273,283,47,9492305,468207,214823,22.02,5
Dec-2024,Fortnite,EU,4214995,1974469,260,51,7002702,428406,168413,14.55,4
Dec-2024,Fortnite,EU,4123797,1996994,278,50,8947654,381407,195107,23.5,1
Dec-2024,Fortnite,EU,4052816,2115712,263,50,8220419,425353,201888,24.73,0
Dec-2024,Fortnite,EU,3883126,2070590,248,48,6834717,371324,163016,15.05,4
Dec-2024,Fortnite,EU,3923147,1924179,277,50,9642158,466094,175119,15.45,0
Dec-2024,Fortnite,EU,4119433,2078076,278,50,10028193,282261,326289,18.38,0
Dec-2024,Fortnite,EU,4064577,2010165,251,50,8807416,479028,215053,17.58,4
Dec-2024,Fortnite,EU,3435224,2007958,240,48,5997184,321402,129973,14.4,4
Dec-2024,Fortnite,EU,3930119,1805750,255,39,8927131,331066,212070,16.94,5
Dec-2024,Fortnite,EU,4346039,2011140,265,50,8327273,501959,181479,20.7,5
Dec-2024,Fortnite,EU,4017774,2020069,265,48,8200866,463508,248570,15.53,1
Dec-2024,Fortnite,EU,4137687,2084073,245,51,8819443,498999,246309,20.78,1
Dec-2024,Fortnite,EU,4025913,1982909,235,44,8297664,375681,224273,11.1,1
Dec-2024,Fortnite,Asia,3799352,2124821,263,47,7201390,475980,162381,24.71,5
Dec-2024,Fortnite,Asia,3843887,2242047,254,51,6954317,349303,71220,6.0,3
Dec-2024,Fortnite,Asia,4294991,1960875,254,49,8414424,380970,276248,5.07,2
Dec-2024,Fortnite,Asia,4012080,2055646,257,43,6485802,382488,245473,9.98,0
Dec-2024,Fortnite,Asia,4165655,1807020,230,46,7908813,525656,283031,11.82,5
Dec-2024,Fortnite,Asia,3700902,1809502,270,48,6330015,241022,156581,20.84,5
Dec-2024,Fortnite,Asia,4257776,1799138,275,49,6584836,423260,193191,6.01,5
Dec-2024,Fortnite,Asia,4065747,1967489,272,47,6866839,340279,174002,21.15,2
Dec-2024,Fortnite,Asia,4091013,2013312,238,49,6748854,426111,253673,8.96,5
Dec-2024,Fortnite,Asia,3758057,1694573,254,47,7248993,423883,315983,18.7,3
Dec-2024,Fortnite,Asia,3727467,1965201,248,45,8153485,339899,129353,20.63,4
Dec-2024,Fortnite,Asia,3933890,2050436,250,48,8185213,309013,199503,7.69,0
Dec-2024,Fortnite,Asia,4241536,2093652,255,52,8201968,451092,177140,23.69,2
Dec-2024,Fortnite,Asia,4009529,1930557,264,48,6174787,390772,228297,18.0,4
Dec-2024,Fortnite,Asia,4208161,2029453,279,48,7165463,404960,198792,23.96,3
Dec-2024,Fortnite,Asia,4024442,2146264,245,46,9591901,385143,211168,18.95,2
Dec-2024,Fortnite,Asia,4103630,1906656,246,45,8510978,384189,168928,6.49,0
Dec-2024,Fortnite,Asia,4341444,1878911,258,49,7686739,460918,217700,7.21,3
Dec-2024,Fortnite,Asia,3852487,2016534,253,45,6379068,456358,220899,19.48,2
Dec-2024,Fortnite,Asia,3768510,2065218,253,50,9363185,507236,223474,24.35,4
Dec-2024,Fortnite,South America,3810182,2069551,278,44,8097574,324981,205438,15.68,2
Dec-2024,Fortnite,South America,4034528,1883278,248,46,8458728,300538,222858,14.78,1
Dec-2024,Fortnite,South America,3825205,1977732,264,45,5846738,392704,153826,5.34,2
Dec-2024,Fortnite,South America,3824667,1993687,261,50,6039269,392497,198086,11.6,4
Dec-2024,Fortnite,South America,4384981,2074594,282,47,8638482,490362,172774,13.27,3
Dec-2024,Fortnite,South America,4225962,2010191,294,51,7394388,408787,141096,6.07,4
Dec-2024,Fortnite,South America,4200537,2139954,282,47,6860204,428663,230704,11.74,5
Dec-2024,Fortnite,South America,4107844,1887104,268,41,6998985,466481,202516,21.85,3
Dec-2024,Fortnite,South America,3909712,2025926,292,47,6152697,345890,240294,12.8,3
Dec-2024,Fortnite,South America,4410451,1990493,300,44,9577799,393522,248167,14.9,4
Dec-2024,Fortnite,South America,4456170,2027750,259,51,9969546,570675,176524,12.93,0
Dec-2024,Fortnite,South America,4141678,2090800,254,53,10103136,522774,223624,8.26,3
Dec-2024,Fortnite,South America,4186024,1896720,262,46,9505031,353665,219247,20.63,4
Dec-2024,Fortnite,South America,4394144,1915112,224,53,8302701,458811,247722,12.24,2
Dec-2024,Fortnite,South America,3961525,2256477,269,51,8134367,383606,165979,16.07,2
Dec-2024,Fortnite,South America,4356305,2000017,270,50,10254304,429482,174048,19.41,2
Dec-2024,Fortnite,South America,3824012,2126470,275,50,7730114,348855,212196,22.31,3
Dec-2024,Fortnite,South America,3838676,2044625,281,48,6665998,494843,254042,16.8,0
Dec-2024,Fortnite,South America,4029794,2136921,262,54,9554718,447132,233220,5.87,3
Dec-2024,Fortnite,South America,3588810,1897431,242,49,7864627,271415,207073,6.15,2
Dec-2024,Fortnite,Africa,4284422,2073483,259,45,10001226,408762,153422,23.48,0
Dec-2024,Fortnite,Africa,4040139,1997874,256,52,7178427,337133,176693,12.37,1
Dec-2024,Fortnite,Africa,4123843,1885306,276,45,9346395,313017,176750,18.69,2
Dec-2024,Fortnite,Africa,4170464,1969946,262,51,7857271,525577,196566,6.53,3
Dec-2024,Fortnite,Africa,3960828,2019342,240,50,6541675,328815,242705,17.5,0
Dec-2024,Fortnite,Africa,4137915,1905408,256,53,6890973,291400,205331,19.28,3
Dec-2024,Fortnite,Africa,4020716,2202590,254,54,8818307,402938,121666,19.25,2
Dec-2024,Fortnite,Africa,4172720,1987369,269,47,6606477,384753,287576,9.35,1
Dec-2024,Fortnite,Africa,3919467,1825273,267,52,7916882,437440,204867,21.02,5
Dec-2024,Fortnite,Africa,3885578,1883475,280,47,6412305,337156,184815,19.35,3
Dec-2024,Fortnite,Africa,4288997,2075248,243,45,6776220,445583,216028,18.59,2
Dec-2024,Fortnite,Africa,3937104,1950008,242,44,7577163,287315,203453,17.32,5
Dec-2024,Fortnite,Africa,3746078,1924919,254,49,7510015,386468,145967,20.64,2
Dec-2024,Fortnite,Africa,4138040,2046089,286,46,6510928,501068,264841,24.48,5
Dec-2024,Fortnite,Africa,3611844,1928513,260,51,6534862,395548,202189,12.01,4
Dec-2024,Fortnite,Africa,4228552,1926674,260,51,8355343,438425,193229,23.55,5
Dec-2024,Fortnite,Africa,3754462,2016915,278,43,6377275,357013,203045,8.39,4
Dec-2024,Fortnite,Africa,4378832,1994090,227,45,8834306,452666,209618,17.22,2
Dec-2024,Fortnite,Africa,3849661,2054866,260,47,8256699,455753,189716,11.28,1
Dec-2024,Fortnite,Africa,4311211,1907894,250,45,8456199,596890,231694,10.82,1
Dec-2024,Fortnite,Oceania,3886333,1962061,283,49,9461950,444470,233830,22.91,5
Dec-2024,Fortnite,Oceania,4227857,2171708,267,45,8763329,514077,258297,8.64,2
Dec-2024,Fortnite,Oceania,4133938,1826777,258,47,7197028,345844,182577,14.22,5
Dec-2024,Fortnite,Oceania,4709995,2044024,264,50,7155271,436978,217851,9.75,1
Dec-2024,Fortnite,Oceania,4065701,1893847,256,47,9879794,275069,253803,8.52,0
Dec-2024,Fortnite,Oceania,3810086,2027277,249,49,8378513,393519,147380,13.82,3
Dec-2024,Fortnite,Oceania,4287196,1908901,260,49,6990477,443698,232701,19.79,0
Dec-2024,Fortnite,Oceania,3908958,1977856,268,50,9483881,357388,255782,22.47,0
Dec-2024,Fortnite,Oceania,4256845,2317326,280,49,7148916,360672,193372,17.05,4
Dec-2024,Fortnite,Oceania,3648611,1929430,263,47,7800235,385319,126997,11.42,5
Dec-2024,Fortnite,Oceania,4083472,2081711,256,49,10007183,486829,161512,9.81,3
Dec-2024,Fortnite,Oceania,4134320,1941132,270,52,10081766,462871,178182,15.1,5
Dec-2024,Fortnite,Oceania,4136896,2080703,262,42,9713859,331727,240803,11.65,4
Dec-2024,Fortnite,Oceania,3937387,1885083,259,51,6220337,587316,218082,21.01,1
Dec-2024,Fortnite,Oceania,4195759,1957248,257,50,8584167,401826,227780,15.61,2
Dec-2024,Fortnite,Oceania,4112698,2048185,281,49,8590241,508022,235841,19.78,0
Dec-2024,Fortnite,Oceania,4099371,1946044,252,48,8975478,490836,218994,22.64,5
Dec-2024,Fortnite,Oceania,3809711,2067313,269,45,6373845,301991,161622,8.54,5
Dec-2024,Fortnite,Oceania,3831834,2082973,260,44,7247747,393393,187340,11.98,1
Dec-2024,Fortnite,Oceania,3810808,1916643,246,49,6049425,411160,181080,6.77,0
Jan-2024,League of Legends,NA,3597128,1755915,263,51,6540084,362401,213643,10.97,3
Jan-2024,League of Legends,NA,3325723,1722058,255,49,7562301,447091,156668,21.02,3
Jan-2024,League of Legends,NA,3212400,1670844,285,52,5671450,305491,163909,15.52,4
Jan-2024,League of Legends,NA,3261945,1834735,297,48,6794900,427521,195749,20.63,3
Jan-2024,League of Legends,NA,3103618,1845901,287,51,7464931,272618,172875,23.05,1
Jan-2024,League of Legends,NA,3393269,1719063,286,48,5558416,348050,197667,10.0,1
Jan-2024,League of Legends,NA,3288563,1717496,255,48,5582336,266962,138609,22.86,5
Jan-2024,League of Legends,NA,3300699,1719681,291,54,5589395,371669,196716,9.78,0
Jan-2024,League of Legends,NA,3204312,1732023,306,50,6764158,300176,179949,10.39,2
Jan-2024,League of Legends,NA,3346929,1867936,295,52,7552489,407633,208343,8.25,4
Jan-2024,League of Legends,NA,3410591,1778003,279,50,6783004,191420,167007,21.27,2
Jan-2024,League of Legends,NA,3542512,1753180,291,46,6054409,321004,77788,8.65,4
Jan-2024,League of Legends,NA,3347589,1763768,288,42,8165798,316955,141350,5.43,4
Jan-2024,League of Legends,NA,3480276,1728049,302,52,8646341,418998,137196,5.09,4
Jan-2024,League of Legends,NA,3257993,1664237,300,49,6490246,263600,123148,13.17,4
Jan-2024,League of Legends,NA,3632764,1718318,287,45,6278433,346284,148501,8.17,0
Jan-2024,League of Legends,NA,3397658,1766630,287,47,5322710,383124,181677,15.4,1
Jan-2024,League of Legends,NA,3235484,1757704,279,51,5629159,395219,197836,24.49,4
Jan-2024,League of Legends,NA,3111662,1753522,256,48,7228007,274416,114148,23.72,5
Jan-2024,League of Legends,NA,3224633,1811422,285,50,7391588,386874,152914,13.0,4
Jan-2024,League of Legends,EU,3182094,1911762,315,49,7356557,270133,149361,6.89,1
Jan-2024,League of Legends,EU,3211977,1703961,309,47,5711825,445988,145569,24.84,1
Jan-2024,League of Legends,EU,3465583,1663030,302,46,8493945,334812,193324,8.34,3
Jan-2024,League of Legends,EU,3596776,1665485,267,48,5633110,377598,143760,16.82,1
Jan-2024,League of Legends,EU,3290892,1723877,284,49,6591157,410086,174391,21.49,1
Jan-2024,League of Legends,EU,3277322,1895264,276,55,5954502,392625,163390,13.58,4
Jan-2024,League of Legends,EU,3551117,1714950,322,47,8794336,335707,198521,7.77,3
Jan-2024,League of Legends,EU,3334710,1728483,284,49,6127116,243392,196696,12.45,3
Jan-2024,League of Legends,EU,3258602,1702041,262,53,5173156,413195,184076,5.69,4
Jan-2024,League of Legends,EU,3428681,1712100,281,50,6710525,321190,193893,19.1,0
Jan-2024,League of Legends,EU,3521509,1722685,298,51,5348071,370525,141880,20.66,4
Jan-2024,League of Legends,EU,3285958,1654914,278,49,6394171,272489,175247,17.66,0
Jan-2024,League of Legends,EU,3190601,1808709,275,49,6379767,253701,155995,21.72,4
Jan-2024,League of Legends,EU,3193017,1723091,283,55,7539599,234789,176788,10.25,2
Jan-2024,League of Legends,EU,3589288,1592992,303,46,7008596,376166,195552,13.19,2
Jan-2024,League of Legends,EU,3085641,1700079,301,51,5079282,298180,206983,5.48,2
Jan-2024,League of Legends,EU,2990362,1895110,293,48,4645582,161455,141982,6.12,0
Jan-2024,League of Legends,EU,2994595,1766541,304,50,6890776,247161,165185,9.01,3
Jan-2024,League of Legends,EU,3236488,1764680,281,51,5585659,311475,190326,11.49,5
Jan-2024,League of Legends,EU,3110082,1807193,281,45,7007981,276561,129403,21.1,0
Jan-2024,League of Legends,Asia,3637527,1802829,299,49,8702738,322815,202543,5.18,2
Jan-2024,League of Legends,Asia,3231507,1762566,277,50,6683643,408886,154666,11.83,5
Jan-2024,League of Legends,Asia,3110182,1696782,289,52,7123770,338873,206292,11.61,2
Jan-2024,League of Legends,Asia,3125937,1648091,266,52,7657330,352076,183948,19.1,5
Jan-2024,League of Legends,Asia,3341942,1660035,285,51,5582354,448562,185343,22.02,2
Jan-2024,League of Legends,Asia,3115522,1695583,289,53,5010240,244755,141220,13.39,2
Jan-2024,League of Legends,Asia,3322890,1740820,269,51,5707360,376431,150420,12.78,1
Jan-2024,League of Legends,Asia,3420842,1935295,272,51,8323988,279204,203173,10.54,5
Jan-2024,League of Legends,Asia,3332958,1692321,272,53,8307774,267545,196496,15.66,3
Jan-2024,League of Legends,Asia,3495161,1781124,275,54,8611341,322884,235020,5.51,3
Jan-2024,League of Legends,Asia,3194664,1817327,305,50,6755427,267640,187191,11.46,3
Jan-2024,League of Legends,Asia,3458481,1766499,310,51,7978575,321136,164187,12.36,1
Jan-2024,League of Legends,Asia,3217443,1772905,252,47,5351320,300649,152341,18.14,5
Jan-2024,League of Legends,Asia,3396920,1729209,281,51,5450234,420579,168336,18.62,4
Jan-2024,League of Legends,Asia,3344921,1792708,263,52,5024776,286964,212397,9.26,3
Jan-2024,League of Legends,Asia,3354090,1843033,299,50,6688116,378589,199721,8.85,1
Jan-2024,League of Legends,Asia,3251290,1834943,284,47,6460887,362012,133118,8.55,3
Jan-2024,League of Legends,Asia,3256357,1816930,291,46,7329025,327250,206215,20.8,2
Jan-2024,League of Legends,Asia,3322776,1609856,327,47,5714823,387227,182976,24.8,0
Jan-2024,League of Legends,Asia,3162612,1893026,274,51,5938398,357903,139742,9.9,2
Jan-2024,League of Legends,South America,3340142,1721701,303,51,7653728,384158,150486,22.53,3
Jan-2024,League of Legends,South America,3175370,1796731,307,51,6651187,230046,149871,22.27,1
Jan-2024,League of Legends,South America,3223359,1618255,281,53,6091818,324311,166657,23.41,5
Jan-2024,League of Legends,South America,3093964,1577743,290,52,7674264,287588,113241,24.01,5
Jan-2024,League of Legends,South America,3074990,1777397,289,55,5344226,265051,185259,15.93,0
Jan-2024,League of Legends,South America,3163367,1708133,283,53,5937367,308635,203606,17.98,0
Jan-2024,League of Legends,South America,3690722,1764561,294,54,5809287,579794,225756,6.92,1
Jan-2024,League of Legends,South America,3147059,1620992,262,53,4975944,281757,191917,16.86,0
Jan-2024,League of Legends,South America,3372928,1819514,265,48,8316631,311987,214550,13.56,5
Jan-2024,League of Legends,South America,3427698,1712895,278,52,8021260,423476,149193,12.01,2
Jan-2024,League of Legends,South America,3410244,1803942,288,51,6053111,347442,160896,6.44,0
Jan-2024,League of Legends,South America,3392754,1610405,278,48,5432071,324175,140384,10.99,4
Jan-2024,League of Legends,South America,3256853,1735593,296,52,5563113,372485,116889,14.06,0
Jan-2024,League of Legends,South America,3272548,1697417,283,52,5621448,335131,208273,21.77,0
Jan-2024,League of Legends,South America,3196714,1810359,281,49,5888577,253657,139329,22.23,1
Jan-2024,League of Legends,South America,3415654,1638310,282,51,7908057,280695,213103,13.52,3
Jan-2024,League of Legends,South America,3271970,1765898,262,53,6700876,349606,167874,12.31,1
Jan-2024,League of Legends,South America,2859784,1775623,276,50,6870219,298415,187109,12.51,2
Jan-2024,League of Legends,South America,3111842,1757026,291,44,5033271,253675,121429,5.2,1
Jan-2024,League of Legends,South America,3431102,1786896,311,51,5169524,224318,170488,16.02,0
Jan-2024,League of Legends,Africa,3284252,1770121,268,43,5125472,417077,193234,8.38,0
Jan-2024,League of Legends,Africa,3154585,1650835,299,53,5023927,192288,126573,13.25,5
Jan-2024,League of Legends,Africa,3378495,1733273,273,57,6852554,251578,178829,14.76,0
Jan-2024,League of Legends,Africa,3210282,2026786,275,53,7631352,223119,136809,10.86,1
Jan-2024,League of Legends,Africa,3056834,1681361,269,44,7600286,355448,138589,22.28,0
Jan-2024,League of Legends,Africa,3512548,1841563,304,49,6609974,365289,227974,16.43,3
Jan-2024,League of Legends,Africa,3380529,1871731,261,52,7770323,341128,186280,23.86,0
Jan-2024,League of Legends,Africa,3234818,1756147,284,49,8005017,496364,93316,7.01,2
Jan-2024,League of Legends,Africa,3287081,1792394,293,54,5644984,278973,180206,11.98,0
Jan-2024,League of Legends,Africa,3058650,1816754,251,54,4808569,323043,184254,24.37,5
Jan-2024,League of Legends,Africa,3408955,1634258,279,51,5474869,372675,139276,5.39,0
Jan-2024,League of Legends,Africa,3232281,1696936,279,46,6400233,343787,172961,10.89,0
Jan-2024,League of Legends,Africa,3201557,1825431,304,53,5816249,418144,155428,17.02,0
Jan-2024,League of Legends,Africa,3565736,1826292,293,47,8153641,284282,156618,12.14,4
Jan-2024,League of Legends,Africa,3344378,1745128,291,45,6872444,254251,107812,17.34,5
Jan-2024,League of Legends,Africa,3097318,1743796,297,49,5932270,342796,196408,14.01,0
Jan-2024,League of Legends,Africa,3316343,1692335,295,51,6440849,160838,151738,21.16,5
Jan-2024,League of Legends,Africa,3054810,1695919,278,49,7629114,360249,114743,12.21,5
Jan-2024,League of Legends,Africa,3233317,1864725,309,47,7687848,256907,191527,10.37,0
Jan-2024,League of Legends,Africa,3386256,1686575,285,48,5212894,329814,165138,8.24,4
Jan-2024,League of Legends,Oceania,2983243,1759398,302,49,7409593,344955,180445,20.0,4
Jan-2024,League of Legends,Oceania,3254470,1810666,283,54,7441734,350342,188643,10.0,5
Jan-2024,League of Legends,Oceania,3327377,1730824,298,47,6636412,299595,178805,16.12,0
Jan-2024,League of Legends,Oceania,3378372,1695183,293,50,7139926,311516,106520,10.57,5
Jan-2024,League of Legends,Oceania,3441247,1618899,274,48,5800636,224858,166724,21.77,3
Jan-2024,League of Legends,Oceania,3438790,1674867,307,45,7999579,281756,229241,7.99,3
Jan-2024,League of Legends,Oceania,3368230,1694271,297,52,6493464,282318,141623,11.21,1
Jan-2024,League of Legends,Oceania,3189981,1828895,277,46,4807022,262474,170192,23.13,0
Jan-2024,League of Legends,Oceania,3042920,1665829,310,48,5387704,352909,146264,18.17,2
Jan-2024,League of Legends,Oceania,3187406,1748617,285,48,5558249,312827,227746,8.74,5
Jan-2024,League of Legends,Oceania,3164528,1713735,290,48,6847864,208531,122589,24.96,0
Jan-2024,League of Legends,Oceania,3354711,1696330,287,50,8300479,317005,182264,17.46,3
Jan-2024,League of Legends,Oceania,3194091,1900212,264,51,7498255,327210,248628,16.96,0
Jan-2024,League of Legends,Oceania,3357718,1737962,289,50,6305376,301610,143133,6.56,2
Jan-2024,League of Legends,Oceania,3286677,1775932,276,47,7851343,340908,166000,23.0,5
Jan-2024,League of Legends,Oceania,3354427,1681900,243,50,6750062,426288,162579,17.12,5
Jan-2024,League of Legends,Oceania,3089859,1605615,280,50,5671031,194349,200212,19.9,1
Jan-2024,League of Legends,Oceania,3146495,1767863,285,49,6963153,399117,233889,18.42,5
Jan-2024,League of Legends,Oceania,3481752,1773289,284,51,5905961,343923,189568,6.9,5
Jan-2024,League of Legends,Oceania,3465159,1784646,270,47,8095519,340012,181025,14.6,4
Feb-2024,League of Legends,NA,3167572,1806094,259,53,7329913,343737,132046,24.6,4
Feb-2024,League of Legends,NA,3233808,1708130,297,50,7306396,270377,132377,22.08,2
Feb-2024,League of Legends,NA,3303575,1649012,306,50,6239584,259852,159120,12.82,3
Feb-2024,League of Legends,NA,3143502,1794239,289,40,5833130,303036,186385,12.51,2
Feb-2024,League of Legends,NA,3421548,1701354,288,54,7869498,355336,174690,5.6,1
Feb-2024,League of Legends,NA,3381885,1644812,266,53,7579426,364199,124673,5.32,5
Feb-2024,League of Legends,NA,3440613,1701255,280,48,7338148,280222,153519,11.21,3
Feb-2024,League of Legends,NA,3255416,1603810,300,51,8112746,251614,164160,5.64,3
Feb-2024,League of Legends,NA,2933059,1909071,298,48,5726399,275502,164880,20.86,3
Feb-2024,League of Legends,NA,3151543,1574991,264,55,6030684,210846,193637,14.8,2
Feb-2024,League of Legends,NA,3027574,1687212,294,51,7008005,303566,162825,18.64,0
Feb-2024,League of Legends,NA,3319705,1705393,300,51,6037329,436894,192885,10.55,4
Feb-2024,League of Legends,NA,3364044,1624977,266,57,6008049,417419,179850,24.34,4
Feb-2024,League of Legends,NA,3527429,1592700,270,44,5856794,373196,190423,7.28,1
Feb-2024,League of Legends,NA,3413687,1870750,293,50,7848407,241747,141576,10.55,4
Feb-2024,League of Legends,NA,3328237,1791842,299,49,8167970,196333,140743,21.24,1
Feb-2024,League of Legends,NA,3238375,1720312,287,50,6169987,347521,166137,16.69,2
Feb-2024,League of Legends,NA,3255556,1659808,262,42,5782451,277346,133961,8.37,4
Feb-2024,League of Legends,NA,3523424,1801892,282,52,5652185,485587,159927,9.63,1
Feb-2024,League of Legends,NA,3180687,1818885,258,50,5858688,314630,125306,7.13,1
Feb-2024,League of Legends,EU,3397595,1663776,271,53,6756631,261482,190820,6.19,2
Feb-2024,League of Legends,EU,3450164,1768786,293,46,5633139,258106,188694,10.43,3
Feb-2024,League of Legends,EU,3361338,1649291,274,48,5581522,362923,158521,6.99,2
Feb-2024,League of Legends,EU,3452498,1843504,301,49,8349628,342959,167713,19.08,5
Feb-2024,League of Legends,EU,2970099,1734784,309,50,5749649,361582,84575,18.16,1
Feb-2024,League of Legends,EU,3025861,1694231,319,53,6473196,320387,102602,10.15,0
Feb-2024,League of Legends,EU,3650388,1754104,309,46,7787200,324155,177957,9.3,2
Feb-2024,League of Legends,EU,3218168,1629264,280,48,7831616,413938,219711,20.69,5
Feb-2024,League of Legends,EU,3011755,1868828,265,44,4565161,214136,183981,24.25,0
Feb-2024,League of Legends,EU,3023226,1765177,274,47,5180952,400278,159573,10.24,3
Feb-2024,League of Legends,EU,3193487,1853124,271,53,7406426,406035,181647,22.19,5
Feb-2024,League of Legends,EU,3275615,1746966,306,47,6275587,354205,188066,17.95,2
Feb-2024,League of Legends,EU,3080786,1876912,277,55,5668125,329600,123949,11.25,2
Feb-2024,League of Legends,EU,3474566,1804594,278,52,8294702,355684,173180,16.8,4
Feb-2024,League of Legends,EU,3209714,1774293,307,48,7021465,175322,207026,7.53,5
Feb-2024,League of Legends,EU,3466846,1782260,244,50,7719897,347814,132277,20.22,4
Feb-2024,League of Legends,EU,3149970,1728897,285,45,6683132,331534,127829,21.06,5
Feb-2024,League of Legends,EU,3354241,1966171,292,51,7225440,252647,180874,23.32,1
Feb-2024,League of Legends,EU,3046706,1908670,301,47,5027550,235254,155942,17.27,5
Feb-2024,League of Legends,EU,3147775,1664773,310,46,6293073,255149,78255,16.11,2
Feb-2024,League of Legends,Asia,3503018,1634707,287,54,7960886,372235,138851,19.65,1
Feb-2024,League of Legends,Asia,2996880,1573263,299,51,4822434,377007,154507,10.95,2
Feb-2024,League of Legends,Asia,3326583,1575859,314,47,8229819,357947,155170,18.04,1
Feb-2024,League of Legends,Asia,3366309,1812568,283,51,7154805,360845,194895,22.47,0
Feb-2024,League of Legends,Asia,3108373,1675806,302,58,7635358,350023,101885,18.53,3
Feb-2024,League of Legends,Asia,3187410,1701216,265,45,7524728,399301,207276,16.35,5
Feb-2024,League of Legends,Asia,3045312,1681616,283,49,7496508,233189,126228,16.84,4
Feb-2024,League of Legends,Asia,3540394,1725800,279,53,7283187,370938,102837,22.38,5
Feb-2024,League of Legends,Asia,3324639,1540542,309,52,5902643,281301,188443,15.24,2
Feb-2024,League of Legends,Asia,3258708,1785208,312,53,6874015,363983,122926,11.97,0
Feb-2024,League of Legends,Asia,3442561,1710856,304,49,6052397,285660,122135,17.58,0
Feb-2024,League of Legends,Asia,3583743,1633052,281,46,5701992,447764,164064,15.6,2
Feb-2024,League of Legends,Asia,2970118,1669709,276,47,6961699,289320,142280,9.94,4
Feb-2024,League of Legends,Asia,3242546,1760043,312,45,7237059,198990,139843,16.84,4
Feb-2024,League of Legends,Asia,2954645,1780288,262,50,5115710,272455,176597,16.59,3
Feb-2024,League of Legends,Asia,3320582,1755944,284,50,5478469,416271,164975,22.11,1
Feb-2024,League of Legends,Asia,3277457,1692402,287,49,6516876,283447,162880,11.88,2
Feb-2024,League of Legends,Asia,3124415,1714638,306,48,5434174,302707,198885,10.6,4
Feb-2024,League of Legends,Asia,3394148,1854737,297,49,7375224,349185,128100,21.28,1
Feb-2024,League of Legends,Asia,3548512,1839840,259,50,6461860,260421,172132,22.92,1
Feb-2024,League of Legends,South America,3630368,1771395,281,45,7833630,323715,114272,7.45,2
Feb-2024,League of Legends,South America,3238364,1650411,278,51,7933352,394356,167808,16.39,3
Feb-2024,League of Legends,South America,3169082,1652664,291,52,6109433,315451,151698,14.04,3
Feb-2024,League of Legends,South America,3677878,1920004,285,48,7349603,280887,189259,5.04,3
Feb-2024,League of Legends,South America,3307482,1728648,268,50,6814799,360816,140994,12.46,1
Feb-2024,League of Legends,South America,3221306,1773056,281,46,7635317,392476,157945,23.59,3
Feb-2024,League of Legends,South America,3142727,1778592,304,51,5371547,347041,170823,7.85,3
Feb-2024,League of Legends,South America,3271295,1778029,271,46,6052635,333743,140961,7.11,2
Feb-2024,League of Legends,South America,3315805,1660711,268,51,6647649,315033,143174,6.95,3
Feb-2024,League of Legends,South America,3346036,1636998,264,54,7085496,337848,95619,24.17,5
Feb-2024,League of Legends,South America,3489707,1687147,310,45,5501739,499644,184967,16.48,3
Feb-2024,League of Legends,South America,3159069,1785784,283,49,7696705,223401,192623,24.52,0
Feb-2024,League of Legends,South America,3325099,1755390,309,44,6862219,334810,139339,10.83,0
Feb-2024,League of Legends,South America,3367482,1770608,265,45,5643073,384915,177166,24.42,4
Feb-2024,League of Legends,South America,3334419,1742429,310,48,7300347,306650,166692,18.88,2
Feb-2024,League of Legends,South America,3485752,1760841,281,53,7770263,413850,151020,16.95,0
Feb-2024,League of Legends,South America,3562394,1812206,262,46,7863079,267660,165099,11.94,1
Feb-2024,League of Legends,South America,3456766,1732252,282,50,7603775,492122,114894,7.4,3
Feb-2024,League of Legends,South America,3323745,1685115,304,52,6376300,365810,148756,11.51,2
Feb-2024,League of Legends,South America,3210258,1733808,297,56,6092749,318181,157952,24.86,5
Feb-2024,League of Legends,Africa,3140443,1713512,293,51,5446475,239044,162542,19.58,2
Feb-2024,League of Legends,Africa,3488918,1678927,282,53,8395377,370009,192848,19.2,0
Feb-2024,League of Legends,Africa,2981048,1770307,289,49,6461670,279553,118004,13.94,3
Feb-2024,League of Legends,Africa,3077288,1834212,296,50,7627745,284045,157215,18.63,3
Feb-2024,League of Legends,Africa,3445744,1750666,291,44,6480033,354208,165684,13.4,2
Feb-2024,League of Legends,Africa,2927510,1840075,257,55,5829346,314908,104860,7.24,1
Feb-2024,League of Legends,Africa,3362986,1825649,283,47,5323266,431391,115304,15.47,5
Feb-2024,League of Legends,Africa,3532133,1858575,278,47,7742670,393323,180267,17.39,4
Feb-2024,League of Legends,Africa,2956490,1715305,292,50,5085603,338087,126364,14.62,1
Feb-2024,League of Legends,Africa,3499967,1762060,284,53,6254579,462413,195283,14.01,1
Feb-2024,League of Legends,Africa,3151676,1780601,280,50,6749498,396619,172834,13.6,2
Feb-2024,League of Legends,Africa,3542002,1805652,297,48,8780333,411841,148962,11.04,2
Feb-2024,League of Legends,Africa,3276248,1798548,272,48,6413238,440997,168919,13.41,1
Feb-2024,League of Legends,Africa,3558914,1776092,266,52,8245831,363327,124131,23.34,1
Feb-2024,League of Legends,Africa,3140144,1758641,253,49,7288763,306306,188305,20.68,0
Feb-2024,League of Legends,Africa,3501483,1587019,293,50,7067415,340005,106706,13.51,0
Feb-2024,League of Legends,Africa,2895451,1623046,290,46,5197291,270159,154679,14.5,3
Feb-2024,League of Legends,Africa,3489406,1860044,291,54,7669332,294632,146304,12.19,0
Feb-2024,League of Legends,Africa,3453012,1558821,269,49,5715693,258733,252248,17.06,3
Feb-2024,League of Legends,Africa,3311673,1687755,275,55,7027756,293195,193120,16.56,5
Feb-2024,League of Legends,Oceania,3173135,1865675,265,45,5746875,292928,149497,14.2,0
Feb-2024,League of Legends,Oceania,3165152,1810951,278,50,5544663,318737,172575,9.31,5
Feb-2024,League of Legends,Oceania,3141556,1892969,291,51,6919603,271335,156853,16.8,2
Feb-2024,League of Legends,Oceania,3344631,1721110,292,56,8316590,393972,174232,15.79,0
Feb-2024,League of Legends,Oceania,3142294,1868981,267,46,6993539,384170,149900,12.55,0
Feb-2024,League of Legends,Oceania,3514741,1823564,294,48,8600873,257941,179346,15.36,5
Feb-2024,League of Legends,Oceania,3207270,1780074,264,51,7704182,276779,133986,8.28,2
Feb-2024,League of Legends,Oceania,3236360,1740253,274,49,6985397,206635,129110,24.82,4
Feb-2024,League of Legends,Oceania,3435584,1717808,283,48,7907882,379551,152353,17.66,0
Feb-2024,League of Legends,Oceania,3628895,1900313,293,55,8267203,344862,151732,19.46,2
Feb-2024,League of Legends,Oceania,3560148,1770773,276,47,6344448,401695,161211,5.52,0
Feb-2024,League of Legends,Oceania,3452508,1756613,268,50,6984725,405248,258930,7.2,3
Feb-2024,League of Legends,Oceania,3055442,1786775,304,48,7041887,412090,137613,10.94,0
Feb-2024,League of Legends,Oceania,3256026,1791985,291,58,6525884,424758,175315,24.26,2
Feb-2024,League of Legends,Oceania,3564062,1773719,273,51,6428364,465163,223373,23.2,4
Feb-2024,League of Legends,Oceania,3099437,1650552,282,51,5700593,161072,209306,9.04,3
Feb-2024,League of Legends,Oceania,3600920,1635042,288,45,7317373,372566,188932,6.32,3
Feb-2024,League of Legends,Oceania,3281385,1666754,294,49,6885517,286213,140282,15.12,3
Feb-2024,League of Legends,Oceania,3479259,1772194,294,47,8190080,395006,176815,12.03,5
Feb-2024,League of Legends,Oceania,3246860,1879768,283,52,7097350,309326,179612,10.68,5
Mar-2024,League of Legends,NA,3028908,1675417,286,51,7186660,309255,158994,14.65,5
Mar-2024,League of Legends,NA,3195748,1843578,280,51,5222930,435599,74687,24.08,5
Mar-2024,League of Legends,NA,3576571,1823503,277,48,7599064,314790,112354,16.2,3
Mar-2024,League of Legends,NA,3237832,1681576,266,46,5155674,347889,177229,16.35,2
Mar-2024,League of Legends,NA,3291879,1810941,298,44,7732508,350881,202596,22.4,3
Mar-2024,League of Legends,NA,3409035,1664286,294,47,7767611,281007,177247,6.26,4
Mar-2024,League of Legends,NA,3439333,1795491,262,52,5207376,362166,187770,19.42,1
Mar-2024,League of Legends,NA,3553753,1780017,283,41,8566151,452570,207487,20.59,1
Mar-2024,League of Legends,NA,3193871,1690644,317,48,7124210,472842,155116,24.01,2
Mar-2024,League of Legends,NA,3197425,1702580,263,49,6480324,320884,143484,10.61,2
Mar-2024,League of Legends,NA,3348547,1826568,291,42,8357918,371730,187929,6.68,2
Mar-2024,League of Legends,NA,3336560,1599039,292,49,8228226,339883,192765,17.14,0
Mar-2024,League of Legends,NA,3333805,1713300,311,50,5361871,271987,135483,7.79,2
Mar-2024,League of Legends,NA,3423126,1728195,278,56,5284457,360808,153826,17.72,2
Mar-2024,League of Legends,NA,3430530,1690529,271,53,8542996,278615,168532,11.0,2
Mar-2024,League of Legends,NA,3072723,1705231,289,49,6323056,329849,179744,21.29,1
Mar-2024,League of Legends,NA,3242926,1683585,301,53,6566583,330043,170558,21.73,5
Mar-2024,League of Legends,NA,3168981,1839618,287,48,5663832,217411,142578,19.2,3
Mar-2024,League of Legends,NA,3192107,1676085,259,49,6576356,275560,165453,13.05,1
Mar-2024,League of Legends,NA,3187376,1712805,303,52,5702027,262562,203224,19.71,2
Mar-2024,League of Legends,EU,3257352,1899102,283,49,6740446,343947,159724,18.97,0
Mar-2024,League of Legends,EU,3285858,1800662,296,51,6451539,294516,223589,20.02,1
Mar-2024,League of Legends,EU,3543691,1848131,296,49,7502322,325507,176291,6.16,1
Mar-2024,League of Legends,EU,3424950,1744843,288,49,8455305,236923,171308,21.82,1
Mar-2024,League of Legends,EU,3093804,1788736,308,53,5730184,284888,107979,12.21,0
Mar-2024,League of Legends,EU,3272191,1838997,289,49,7667287,203728,212674,11.38,1
Mar-2024,League of Legends,EU,3325263,1665571,264,57,6657665,266996,207382,8.21,2
Mar-2024,League of Legends,EU,2926098,1811122,288,52,4521916,335397,171745,24.31,2
Mar-2024,League of Legends,EU,3277854,1713322,326,50,7476171,393005,128077,10.47,1
Mar-2024,League of Legends,EU,3313980,1806839,319,49,7896496,272830,172483,11.37,5
Mar-2024,League of Legends,EU,3568359,1835950,285,50,5571690,340564,161861,12.86,3
Mar-2024,League of Legends,EU,3118065,1643254,281,55,6496478,387672,158436,6.97,4
Mar-2024,League of Legends,EU,3132650,1955578,250,47,5750331,332744,164964,6.84,1
Mar-2024,League of Legends,EU,3412484,1917201,288,54,8139756,440013,165688,12.78,3
Mar-2024,League of Legends,EU,3271077,1920326,279,50,5139374,311925,206050,13.19,0
Mar-2024,League of Legends,EU,3269804,1729637,273,53,5872339,304049,148367,13.88,2
Mar-2024,League of Legends,EU,3159677,1594302,272,55,7319355,247174,127009,20.12,5
Mar-2024,League of Legends,EU,3236076,1630593,285,49,6053940,352487,200096,12.95,4
Mar-2024,League of Legends,EU,3175204,1824729,313,43,7408205,337597,127814,21.14,1
Mar-2024,League of Legends,EU,3053057,1650801,309,43,6022495,361548,122260,5.33,3
Mar-2024,League of Legends,Asia,3109125,1681349,296,47,5778851,359948,108775,18.21,5
Mar-2024,League of Legends,Asia,3387748,1839763,265,51,6583764,361307,209112,17.2,0
Mar-2024,League of Legends,Asia,3139254,1759448,273,52,5270653,253738,145595,21.02,1
Mar-2024,League of Legends,Asia,3252230,1687789,270,52,8052492,397504,145254,24.28,2
Mar-2024,League of Legends,Asia,3245951,1863060,291,44,7063038,241322,217723,10.62,3
Mar-2024,League of Legends,Asia,3178561,1710431,281,52,5759116,340111,164319,5.41,2
Mar-2024,League of Legends,Asia,3043570,1857611,285,47,4867559,276720,112213,19.57,3
Mar-2024,League of Legends,Asia,3090776,1923482,271,48,5893636,475980,157278,15.23,1
Mar-2024,League of Legends,Asia,3445328,1788525,285,52,5712003,399675,183455,5.95,2
Mar-2024,League of Legends,Asia,3321810,1834054,306,46,7008727,275160,188061,19.95,5
Mar-2024,League of Legends,Asia,3169648,1636701,289,45,4780645,395716,201559,6.2,3
Mar-2024,League of Legends,Asia,3489864,1853397,283,50,7694710,288444,161143,6.26,4
Mar-2024,League of Legends,Asia,3145503,1679355,294,49,5595349,262645,158685,8.81,3
Mar-2024,League of Legends,Asia,3404257,1638686,271,56,5414450,338361,207655,7.48,2
Mar-2024,League of Legends,Asia,3140483,1788131,275,51,5629015,390447,148365,20.35,3
Mar-2024,League of Legends,Asia,3525549,1876520,277,46,6932152,398322,179919,12.04,4
Mar-2024,League of Legends,Asia,3759251,1755278,286,47,8851513,379959,228103,21.63,3
Mar-2024,League of Legends,Asia,3054833,1918695,308,52,6128389,324654,189244,8.5,4
Mar-2024,League of Legends,Asia,3415187,1832747,267,49,7125356,307194,212687,13.74,3
Mar-2024,League of Legends,Asia,3311000,1686039,291,48,8249414,412943,198282,21.37,2
Mar-2024,League of Legends,South America,3217617,1665477,285,54,7845053,367997,154683,14.92,4
Mar-2024,League of Legends,South America,3109859,1600684,307,48,5589856,442695,194531,24.25,0
Mar-2024,League of Legends,South America,3318693,1800782,251,49,7074160,239972,102492,5.51,3
Mar-2024,League of Legends,South America,3239092,1633478,301,51,7924919,321446,171164,21.0,5
Mar-2024,League of Legends,South America,3168721,1641859,267,54,4900619,302963,198128,6.32,2
Mar-2024,League of Legends,South America,3164277,1869351,248,48,7283052,396086,135309,18.64,3
Mar-2024,League of Legends,South America,3154943,1710901,295,51,5477896,250116,147952,19.42,5
Mar-2024,League of Legends,South America,3650707,1854912,270,51,5981658,411337,202533,5.76,4
Mar-2024,League of Legends,South America,3190449,1800513,281,51,5934101,407381,148605,6.72,3
Mar-2024,League of Legends,South America,3230850,1714910,281,49,7666741,322520,147804,24.48,5
Mar-2024,League of Legends,South America,3299153,1818902,305,53,7786305,236259,182401,18.33,0
Mar-2024,League of Legends,South America,3299636,1761684,278,50,7336391,327099,256275,12.84,5
Mar-2024,League of Legends,South America,3272371,1664472,299,47,5490819,370770,185738,14.77,3
Mar-2024,League of Legends,South America,3104310,1899664,301,51,7303639,244989,170282,12.47,5
Mar-2024,League of Legends,South America,3038526,1824699,301,46,5999856,248598,108175,5.53,1
Mar-2024,League of Legends,South America,3342816,1760631,298,53,6133812,351812,103987,18.48,4
Mar-2024,League of Legends,South America,3536969,1759049,304,44,7388592,302197,173048,8.41,5
Mar-2024,League of Legends,South America,2889154,1876481,296,48,4601109,342257,210060,21.14,1
Mar-2024,League of Legends,South America,3284806,1807851,307,50,5674774,249750,215833,21.27,1
Mar-2024,League of Legends,South America,3321423,1664671,287,51,7853359,465748,153497,14.43,0
Mar-2024,League of Legends,Africa,3191328,1740331,296,47,5022062,221714,157738,11.25,3
Mar-2024,League of Legends,Africa,3382290,1799980,281,57,8256519,336905,144814,17.73,5
Mar-2024,League of Legends,Africa,3248645,1640659,282,52,7813627,309676,209803,14.51,3
Mar-2024,League of Legends,Africa,3379212,1848607,288,50,7677850,317344,184908,11.77,4
Mar-2024,League of Legends,Africa,3338339,1702921,268,44,6335509,446172,194254,5.26,4
Mar-2024,League of Legends,Africa,3338648,1657830,280,47,6160677,322632,187251,8.93,3
Mar-2024,League of Legends,Africa,3225178,1752183,264,52,7751977,382741,149971,13.29,3
Mar-2024,League of Legends,Africa,3021693,1770677,287,56,5873628,260449,153971,18.86,2
Mar-2024,League of Legends,Africa,3253253,1728936,272,48,7654575,371383,131668,22.35,3
Mar-2024,League of Legends,Africa,3024015,1679969,296,47,4816965,283305,120209,7.92,2
Mar-2024,League of Legends,Africa,3761350,1742071,278,48,8887662,302691,181591,12.6,3
Mar-2024,League of Legends,Africa,3264321,1754590,277,53,5129951,273408,183994,20.46,0
Mar-2024,League of Legends,Africa,3222161,1606327,314,46,6956316,364010,101793,13.24,2
Mar-2024,League of Legends,Africa,3434193,1709587,287,48,6856890,279294,214027,23.99,3
Mar-2024,League of Legends,Africa,3584974,1799219,274,51,8666122,574676,156092,24.27,2
Mar-2024,League of Legends,Africa,3144897,1727504,290,49,4893702,325303,167470,15.1,0
Mar-2024,League of Legends,Africa,3439308,1771115,299,48,7302009,309172,177859,19.4,2
Mar-2024,League of Legends,Africa,3562211,1755581,306,48,6642006,436180,190955,8.13,2
Mar-2024,League of Legends,Africa,3437970,1860237,260,53,6477928,460610,184366,8.27,4
Mar-2024,League of Legends,Africa,3518509,1781056,285,51,5805605,342862,194130,20.87,5
Mar-2024,League of Legends,Oceania,3079530,1538431,287,48,4669305,223820,197107,16.85,3
Mar-2024,League of Legends,Oceania,3483401,1738667,283,49,6095725,339163,201212,19.79,3
Mar-2024,League of Legends,Oceania,3129344,1955534,294,47,5704682,250036,108594,14.2,4
Mar-2024,League of Legends,Oceania,3242878,1852089,254,48,6045643,316499,184950,18.3,3
Mar-2024,League of Legends,Oceania,3233197,1675513,282,50,6049765,293888,154046,13.62,2
Mar-2024,League of Legends,Oceania,3238370,1700331,291,49,5308572,234883,143808,24.93,5
Mar-2024,League of Legends,Oceania,3460174,1682201,304,49,7519358,398454,173941,6.47,5
Mar-2024,League of Legends,Oceania,3496158,1650832,266,46,7598666,424020,190246,5.63,5
Mar-2024,League of Legends,Oceania,3109308,1735883,286,45,4881654,348845,159711,10.47,0
Mar-2024,League of Legends,Oceania,3076704,1796327,292,43,7195939,317323,178872,10.39,5
Mar-2024,League of Legends,Oceania,3433137,1780914,281,52,7639751,278406,127147,24.66,3
Mar-2024,League of Legends,Oceania,3333988,1783193,303,45,6873166,354655,219677,22.09,5
Mar-2024,League of Legends,Oceania,3343607,1773686,268,54,5201779,320837,111711,21.41,4
Mar-2024,League of Legends,Oceania,3328538,1758881,271,53,5226578,241990,180480,14.96,2
Mar-2024,League of Legends,Oceania,3369951,1862481,297,50,7857916,370498,169469,12.79,1
Mar-2024,League of Legends,Oceania,3315017,1873347,288,49,5417751,400646,185007,22.4,1
Mar-2024,League of Legends,Oceania,3315916,1845735,280,44,5774348,351263,158103,23.01,3
Mar-2024,League of Legends,Oceania,3493663,1771755,307,44,7484272,304865,198100,6.63,0
Mar-2024,League of Legends,Oceania,3239085,1855999,294,53,6724529,336205,206012,7.23,4
Mar-2024,League of Legends,Oceania,3270839,1852810,296,47,5357239,264002,190411,12.99,2
Apr-2024,League of Legends,NA,3286598,1768766,265,51,6850149,346590,221969,15.47,2
Apr-2024,League of Legends,NA,3260708,1813157,314,49,7170181,267962,188977,7.52,4
Apr-2024,League of Legends,NA,3296540,1849076,308,50,5431757,212200,188773,21.0,2
Apr-2024,League of Legends,NA,3691533,1723107,286,47,5683928,423215,231737,13.51,5
Apr-2024,League of Legends,NA,3324831,1840289,254,47,5890413,373536,198427,5.05,0
Apr-2024,League of Legends,NA,3340869,1712689,257,51,7092229,287563,177265,14.12,1
Apr-2024,League of Legends,NA,3484263,1775765,290,52,5666011,341664,195351,13.06,3
Apr-2024,League of Legends,NA,3339130,1653314,304,49,5139996,292781,142027,19.03,3
Apr-2024,League of Legends,NA,3149200,1764539,282,49,7791100,290737,112817,16.86,5
Apr-2024,League of Legends,NA,3173296,1746787,290,46,7445716,231206,218302,14.15,1
Apr-2024,League of Legends,NA,3563106,1751408,277,50,6590962,309954,198138,11.86,2
Apr-2024,League of Legends,NA,3550436,1772187,280,49,6532288,449810,89298,7.77,0
Apr-2024,League of Legends,NA,3591503,1826073,277,48,7334342,302073,201818,10.88,4
Apr-2024,League of Legends,NA,3216169,1832661,293,51,5633464,335260,157278,15.7,5
Apr-2024,League of Legends,NA,3412375,1716178,256,48,7599741,405771,158499,20.65,5
Apr-2024,League of Legends,NA,3268523,1620872,264,53,5883354,386456,198361,17.78,5
Apr-2024,League of Legends,NA,3388103,1687365,267,48,5392471,312974,140076,22.63,3
Apr-2024,League of Legends,NA,3114350,1733805,299,53,5484808,281700,133066,17.08,1
Apr-2024,League of Legends,NA,3349014,1571415,277,53,7446523,338565,173403,7.1,0
Apr-2024,League of Legends,NA,3057865,1772874,294,49,4704155,255136,207467,20.87,5
Apr-2024,League of Legends,EU,3183965,1717042,280,44,7668099,339361,166516,14.52,2
Apr-2024,League of Legends,EU,3378460,1687645,297,52,8172248,374097,255263,21.93,0
Apr-2024,League of Legends,EU,2962810,1661728,309,45,5198192,291380,115466,19.18,5
Apr-2024,League of Legends,EU,3061216,1732695,283,51,5676337,348833,144676,10.3,5
Apr-2024,League of Legends,EU,3019511,1791979,288,52,6965998,242240,178849,13.64,4
Apr-2024,League of Legends,EU,3329824,1729409,295,49,6473163,363690,184481,13.49,4
Apr-2024,League of Legends,EU,3459417,1716478,280,51,6958052,269604,207198,9.38,5
Apr-2024,League of Legends,EU,3270923,1750375,270,53,6377717,386777,173283,22.96,1
Apr-2024,League of Legends,EU,2926449,1879900,311,46,5236553,241463,171308,19.12,1
Apr-2024,League of Legends,EU,2981954,1737033,249,52,5068204,371320,95608,24.78,1
Apr-2024,League of Legends,EU,3389867,1726791,278,47,7944961,445745,115282,8.15,4
Apr-2024,League of Legends,EU,3505978,1767565,289,47,7585015,307322,170210,15.7,5
Apr-2024,League of Legends,EU,3164326,1814198,276,53,5705475,276477,126142,22.88,1
Apr-2024,League of Legends,EU,3487089,1816912,297,55,6636668,262239,104283,6.16,2
Apr-2024,League of Legends,EU,3173134,1756667,282,51,7692548,420072,195266,16.08,0
Apr-2024,League of Legends,EU,3291229,1669921,303,51,8057315,242649,191680,23.77,5
Apr-2024,League of Legends,EU,3552147,1896180,296,54,6863374,385127,213394,20.08,5
Apr-2024,League of Legends,EU,3434549,1835150,278,46,7363632,391605,155386,15.2,4
Apr-2024,League of Legends,EU,3481919,1891197,297,48,7493354,374843,193294,12.69,0
Apr-2024,League of Legends,EU,3186488,1694692,276,44,6728888,274424,146942,24.55,5
Apr-2024,League of Legends,Asia,3601761,1813316,276,45,7311540,390202,191441,22.56,5
Apr-2024,League of Legends,Asia,3281503,1683352,270,44,6552788,311450,113671,10.06,3
Apr-2024,League of Legends,Asia,2937478,1881032,317,53,4875807,297581,180724,15.77,5
Apr-2024,League of Legends,Asia,3062966,1836264,304,51,7175088,392277,122164,24.76,3
Apr-2024,League of Legends,Asia,3344262,1795187,279,56,8148231,352796,198031,15.07,5
Apr-2024,League of Legends,Asia,2984235,1663498,290,51,7315771,324126,138154,19.9,4
Apr-2024,League of Legends,Asia,3206063,1597146,267,48,4982569,315275,221056,18.03,2
Apr-2024,League of Legends,Asia,3245913,1733845,273,53,5817097,327947,146806,7.39,3
Apr-2024,League of Legends,Asia,3107181,1764969,307,48,5094862,308332,154684,5.32,5
Apr-2024,League of Legends,Asia,3484191,1882166,304,50,7562128,245383,132939,22.46,2
Apr-2024,League of Legends,Asia,3365694,1786203,296,48,5907982,288762,183792,7.78,0
Apr-2024,League of Legends,Asia,3398903,1715580,286,49,6464722,205873,169074,15.36,3
Apr-2024,League of Legends,Asia,3324937,1854685,296,49,5962488,283656,185819,11.47,4
Apr-2024,League of Legends,Asia,3478670,1691521,264,48,5707830,304100,206034,10.89,1
Apr-2024,League of Legends,Asia,3116565,1764587,266,51,7543350,247996,201987,7.03,2
Apr-2024,League of Legends,Asia,3266450,1772810,283,49,5543218,294171,167149,9.22,5
Apr-2024,League of Legends,Asia,3038881,1622684,310,55,5753979,367498,80207,6.85,4
Apr-2024,League of Legends,Asia,3176336,1722631,300,45,6321535,393911,122716,13.53,4
Apr-2024,League of Legends,Asia,3111550,1749554,294,51,5258206,294003,143325,17.39,0
Apr-2024,League of Legends,Asia,3010800,1704660,304,52,5591343,241487,112058,12.4,4
Apr-2024,League of Legends,South America,3452158,1774472,277,52,6742580,223424,167629,5.8,0
Apr-2024,League of Legends,South America,3447933,1865799,282,51,7711250,284673,145260,18.79,2
Apr-2024,League of Legends,South America,3247297,1737567,311,45,4885389,358343,154022,13.37,2
Apr-2024,League of Legends,South America,3185216,1634789,288,45,4864540,354533,213142,19.5,3
Apr-2024,League of Legends,South America,3376458,1686853,291,51,6169639,449554,223132,24.55,1
Apr-2024,League of Legends,South America,3331694,1809569,271,44,6572478,222426,148881,12.04,0
Apr-2024,League of Legends,South America,3025104,1907289,282,51,5381466,243831,112441,13.7,5
Apr-2024,League of Legends,South America,3490649,1876814,288,50,6477398,355274,191921,24.48,4
Apr-2024,League of Legends,South America,3288855,1784174,311,50,8179129,323960,189621,24.23,0
Apr-2024,League of Legends,South America,3184773,1761554,285,49,6618182,315444,135037,24.04,1
Apr-2024,League of Legends,South America,3190671,1778589,265,49,6721426,260738,132626,17.02,2
Apr-2024,League of Legends,South America,3335093,1681089,303,50,6847153,290628,215913,8.24,3
Apr-2024,League of Legends,South America,3445900,1872997,287,50,6370986,271349,199756,8.65,5
Apr-2024,League of Legends,South America,3150888,1674584,276,51,4745397,321070,160125,5.22,5
Apr-2024,League of Legends,South America,3284569,1626159,287,51,7976564,356299,187959,13.65,1
Apr-2024,League of Legends,South America,3310971,1874352,287,49,6635388,428432,211708,14.25,5
Apr-2024,League of Legends,South America,3246610,1758823,309,46,6992980,322904,112026,18.24,3
Apr-2024,League of Legends,South America,3174146,1448562,278,49,5812779,399124,148962,14.86,1
Apr-2024,League of Legends,South America,3399541,1765030,286,51,5670637,278715,167489,6.69,4
Apr-2024,League of Legends,South America,3231683,1679232,301,49,6817802,215949,169648,7.71,2
Apr-2024,League of Legends,Africa,3249538,1601641,289,42,6643923,371403,156710,6.24,2
Apr-2024,League of Legends,Africa,3267982,1871211,307,50,7900521,387222,193966,20.83,2
Apr-2024,League of Legends,Africa,3265032,1829256,278,49,7213087,211257,188707,6.59,3
Apr-2024,League of Legends,Africa,3238741,1804894,295,49,7951735,322328,181164,14.56,2
Apr-2024,League of Legends,Africa,3232201,1659515,276,51,5466312,309934,139206,20.98,3
Apr-2024,League of Legends,Africa,3325534,1723560,306,48,7033299,421693,181743,15.27,4
Apr-2024,League of Legends,Africa,3222099,1759784,303,48,7427737,384202,171188,16.87,4
Apr-2024,League of Legends,Africa,3400362,1703757,292,58,5538932,257141,183893,14.78,5
Apr-2024,League of Legends,Africa,3550425,1659993,287,52,6155037,345003,148701,9.7,1
Apr-2024,League of Legends,Africa,3448094,1694872,313,49,7024886,289577,127866,22.3,2
Apr-2024,League of Legends,Africa,2852003,1703901,274,50,6527854,335159,143282,24.14,3
Apr-2024,League of Legends,Africa,3370170,1932885,293,50,6071614,381260,203526,5.27,3
Apr-2024,League of Legends,Africa,3448117,1733631,282,50,8488103,402966,207484,20.98,3
Apr-2024,League of Legends,Africa,3304521,1796451,282,48,7882814,301431,202002,14.5,0
Apr-2024,League of Legends,Africa,3175932,1666568,292,51,7472964,308438,197935,23.28,3
Apr-2024,League of Legends,Africa,3421677,1755278,333,47,6307250,282972,152417,8.35,4
Apr-2024,League of Legends,Africa,3681204,1704961,281,54,8595156,450678,139499,5.47,1
Apr-2024,League of Legends,Africa,3318120,1622155,292,51,5202883,248585,196228,5.49,2
Apr-2024,League of Legends,Africa,3375283,1552867,310,48,5553232,288625,124034,24.76,5
Apr-2024,League of Legends,Africa,3335798,1798225,279,54,7759869,271945,188176,10.24,0
Apr-2024,League of Legends,Oceania,3495636,1776985,289,51,6990172,309748,217885,22.56,5
Apr-2024,League of Legends,Oceania,3498176,1770981,290,46,5247685,449291,213325,21.63,3
Apr-2024,League of Legends,Oceania,3484661,1706879,263,53,7704449,445028,166680,19.64,5
Apr-2024,League of Legends,Oceania,3347924,1714065,322,49,7293184,388776,201449,10.33,3
Apr-2024,League of Legends,Oceania,3269842,1779225,278,44,7738934,297137,111748,18.48,3
Apr-2024,League of Legends,Oceania,3442376,1768144,306,47,6239595,413316,218725,17.71,4
Apr-2024,League of Legends,Oceania,3219489,1726437,289,49,7159122,369005,187756,19.66,3
Apr-2024,League of Legends,Oceania,3766959,1753995,300,52,7988025,402667,234401,20.38,4
Apr-2024,League of Legends,Oceania,3142999,1695683,282,50,5365720,389629,165715,24.34,0
Apr-2024,League of Legends,Oceania,3270890,1808543,296,50,7177104,319933,115661,13.44,3
Apr-2024,League of Legends,Oceania,3122483,1886936,296,48,6421180,322519,186129,11.75,1
Apr-2024,League of Legends,Oceania,3512377,1680529,277,53,8732035,416078,138375,17.65,5
Apr-2024,League of Legends,Oceania,3006873,1716751,287,48,5627809,299397,136350,21.17,4
Apr-2024,League of Legends,Oceania,3421828,1830519,273,50,5224961,210988,186887,22.2,1
Apr-2024,League of Legends,Oceania,3361106,1849769,283,44,6169099,277689,155516,18.53,1
Apr-2024,League of Legends,Oceania,3285863,1724647,258,50,5781895,315114,205151,10.08,4
Apr-2024,League of Legends,Oceania,3121310,1783373,298,50,7741541,335851,151786,7.44,1
Apr-2024,League of Legends,Oceania,3421525,1869887,304,49,5588511,332613,201560,12.32,1
Apr-2024,League of Legends,Oceania,3247334,1620115,298,45,6062381,334532,134947,12.71,3
Apr-2024,League of Legends,Oceania,3285890,1742376,290,47,7851765,197596,114296,17.24,1
May-2024,League of Legends,NA,3216236,1789625,298,50,6086483,322439,193014,16.87,3
May-2024,League of Legends,NA,3572856,1641442,265,49,5418415,288845,182944,21.27,1
May-2024,League of Legends,NA,3323780,1754249,287,47,5992838,458984,103651,14.03,1
May-2024,League of Legends,NA,3431354,1822508,294,51,7657399,231752,151272,23.03,5
May-2024,League of Legends,NA,3152777,1802733,272,51,6949432,324368,155136,7.73,0
May-2024,League of Legends,NA,3209008,1863051,301,50,6229764,361787,207704,5.34,0
May-2024,League of Legends,NA,3687864,1685624,291,48,7789124,402377,145992,10.33,1
May-2024,League of Legends,NA,3249551,1700963,287,55,5703732,319475,199282,16.7,3
May-2024,League of Legends,NA,2929399,1818090,275,47,5287288,393277,165509,16.34,2
May-2024,League of Legends,NA,3318220,1840525,301,51,5410844,273527,145540,15.26,4
May-2024,League of Legends,NA,3618027,1785684,272,45,5876362,372759,176781,10.2,2
May-2024,League of Legends,NA,3209600,1727489,295,45,6146911,416218,178956,11.27,0
May-2024,League of Legends,NA,3235026,1665484,267,52,5719330,376548,189770,13.55,5
May-2024,League of Legends,NA,3285946,1846715,303,53,5325022,310673,126262,8.8,4
May-2024,League of Legends,NA,3022266,1793558,296,47,6506409,347887,158825,13.81,2
May-2024,League of Legends,NA,3354607,1734261,282,52,5144126,407931,164523,14.8,1
May-2024,League of Legends,NA,3351035,1748131,283,53,7908606,514482,170244,8.99,0
May-2024,League of Legends,NA,3409991,1581127,299,47,6636297,332055,154323,20.48,0
May-2024,League of Legends,NA,3497861,1675376,266,45,8425679,412994,197428,24.15,3
May-2024,League of Legends,NA,3477477,1775728,288,55,8032884,288547,84764,15.55,0
May-2024,League of Legends,EU,3292072,1917791,292,47,5540197,254205,147305,21.0,0
May-2024,League of Legends,EU,3048275,1695526,305,50,6029060,249418,174701,9.45,5
May-2024,League of Legends,EU,3401561,1762227,288,52,6464457,199541,206215,22.35,2
May-2024,League of Legends,EU,3198866,1771641,282,49,5198871,343335,147625,23.55,5
May-2024,League of Legends,EU,3197864,1581342,289,50,6713552,317722,214163,22.21,3
May-2024,League of Legends,EU,3645003,1785247,283,48,7219438,306378,146496,21.94,3
May-2024,League of Legends,EU,3381038,1769972,282,50,7611703,423214,234584,11.05,0
May-2024,League of Legends,EU,3523193,1681976,293,48,6902547,468045,159134,15.22,0
May-2024,League of Legends,EU,3140885,1880840,277,49,6922045,330184,166671,7.2,0
May-2024,League of Legends,EU,3233415,1687630,297,53,5830055,342153,208718,23.44,3
May-2024,League of Legends,EU,3503725,1760748,291,49,8107254,252956,149759,5.09,3
May-2024,League of Legends,EU,3510890,1757385,310,48,8775075,272543,137755,14.22,4
May-2024,League of Legends,EU,3190718,1659744,302,52,6114808,285024,185390,22.95,3
May-2024,League of Legends,EU,3395430,1764269,292,49,5305890,451901,194703,17.43,1
May-2024,League of Legends,EU,3209054,1731950,285,46,7453786,412128,130259,23.02,2
May-2024,League of Legends,EU,3432081,1717707,270,45,7752660,357168,118453,5.51,4
May-2024,League of Legends,EU,3143085,1744090,286,46,6617103,252995,173452,13.1,3
May-2024,League of Legends,EU,3283037,1754246,256,51,5041389,335092,141990,7.02,2
May-2024,League of Legends,EU,3459335,1684960,276,49,8034265,338069,144127,15.81,0
May-2024,League of Legends,EU,3588233,1736372,283,52,5517509,365096,115117,11.78,3
May-2024,League of Legends,Asia,3464600,1910060,302,52,5488945,366153,174483,23.52,4
May-2024,League of Legends,Asia,3009872,1814827,260,42,5893704,239795,138924,20.37,5
May-2024,League of Legends,Asia,3310818,1660172,272,54,5270231,399687,208206,20.75,4
May-2024,League of Legends,Asia,3365922,1702580,273,49,6536630,395070,181773,11.33,3
May-2024,League of Legends,Asia,3532814,1511408,294,47,7566862,289274,206903,18.38,5
May-2024,League of Legends,Asia,3322915,1805046,278,51,8147884,338744,176049,16.07,5
May-2024,League of Legends,Asia,3178994,1786299,305,48,7539250,369980,145558,14.48,5
May-2024,League of Legends,Asia,3631558,1813232,285,49,6189892,406050,118366,17.83,2
May-2024,League of Legends,Asia,3420265,1810659,287,50,6834940,366841,195699,11.12,3
May-2024,League of Legends,Asia,3277004,1809994,299,52,5421646,333869,213736,8.0,4
May-2024,League of Legends,Asia,3107521,1913137,271,51,7667886,334028,156444,22.86,1
May-2024,League of Legends,Asia,3361823,1655385,301,54,7581458,354375,173353,12.28,0
May-2024,League of Legends,Asia,3288283,1744242,275,57,7942443,333393,181599,9.09,0
May-2024,League of Legends,Asia,3162367,1709038,280,52,7506868,332894,223840,17.19,4
May-2024,League of Legends,Asia,3171623,1786325,261,53,6203071,296907,128439,6.38,4
May-2024,League of Legends,Asia,3339203,1816953,295,51,7997525,320657,203618,10.32,4
May-2024,League of Legends,Asia,3350463,1723325,295,57,7070137,312857,182294,19.61,4
May-2024,League of Legends,Asia,3291021,1866821,267,53,6685217,418717,229866,6.8,3
May-2024,League of Legends,Asia,3159925,1746709,282,47,7576244,335847,168801,11.32,5
May-2024,League of Legends,Asia,3087693,1835185,296,50,5340348,314780,149435,20.97,4
May-2024,League of Legends,South America,3453666,1812070,283,51,7515362,428239,176325,5.15,0
May-2024,League of Legends,South America,3379018,1935666,292,56,7879846,225747,159951,15.58,2
May-2024,League of Legends,South America,3115367,1852373,261,53,7429864,325644,140062,23.37,5
May-2024,League of Legends,South America,3050050,1777985,272,45,5967230,407598,132898,18.51,0
May-2024,League of Legends,South America,3720925,1759640,270,51,8016753,333367,175577,5.32,5
May-2024,League of Legends,South America,3425517,1761082,294,50,5276873,519392,163878,11.95,5
May-2024,League of Legends,South America,3331938,1680098,274,49,7524712,224522,213076,8.7,0
May-2024,League of Legends,South America,3272242,1790372,288,48,6111024,148568,196802,24.36,0
May-2024,League of Legends,South America,3406657,1794892,279,49,5536619,313984,203264,9.24,1
May-2024,League of Legends,South America,3236716,1682205,290,55,7566670,279574,204460,20.96,3
May-2024,League of Legends,South America,3348129,1817807,279,50,5865562,342359,163862,17.19,2
May-2024,League of Legends,South America,3611254,1669845,323,51,8614105,397518,178546,8.37,4
May-2024,League of Legends,South America,3470934,1726179,283,48,5282679,493508,150585,23.72,3
May-2024,League of Legends,South America,3140276,1800040,298,48,5345385,417615,119388,16.59,5
May-2024,League of Legends,South America,3292028,1730505,272,49,7153024,371418,165374,13.34,2
May-2024,League of Legends,South America,2887469,1793566,295,50,6756195,248475,139963,6.33,3
May-2024,League of Legends,South America,3098566,1659610,323,52,5954708,130187,194799,23.68,4
May-2024,League of Legends,South America,3359927,1625877,299,50,6751011,388231,123255,11.15,2
May-2024,League of Legends,South America,3086734,1768755,296,48,6202127,293496,170498,12.93,0
May-2024,League of Legends,South America,2974413,1737584,294,51,7037426,354735,144704,5.66,4
May-2024,League of Legends,Africa,3380376,1725147,278,54,6385554,330171,203654,16.84,4
May-2024,League of Legends,Africa,3185011,1673642,297,51,7054963,273274,135230,7.54,1
May-2024,League of Legends,Africa,3211169,1715095,273,47,5465669,254527,198411,21.7,5
May-2024,League of Legends,Africa,3222756,1641389,264,50,5786083,345816,133930,8.19,3
May-2024,League of Legends,Africa,3138395,1659608,302,52,5170420,290417,130874,11.7,1
May-2024,League of Legends,Africa,3307513,1765059,291,61,7165936,309268,217789,7.51,5
May-2024,League of Legends,Africa,3368429,1826257,274,52,8067503,305505,185915,6.53,0
May-2024,League of Legends,Africa,3441149,1748310,260,45,6295201,389996,228725,11.25,1
May-2024,League of Legends,Africa,3154760,1757685,277,48,7649901,317759,133045,10.13,5
May-2024,League of Legends,Africa,3256279,1660292,286,48,5911017,397774,162735,21.08,0
May-2024,League of Legends,Africa,3461233,1732061,303,46,6159448,456568,191252,20.24,3
May-2024,League of Legends,Africa,3370483,1677164,289,45,6032353,349903,144464,13.45,3
May-2024,League of Legends,Africa,3156733,1750340,283,54,4893067,333536,180172,6.31,5
May-2024,League of Legends,Africa,3160407,1658363,296,45,7382372,211367,160873,7.51,0
May-2024,League of Legends,Africa,3298408,1562009,285,48,7926094,259865,122826,10.54,0
May-2024,League of Legends,Africa,3003415,1750346,300,52,5387960,357551,198634,22.6,0
May-2024,League of Legends,Africa,3252996,1719605,313,50,5744751,320419,132505,8.56,0
May-2024,League of Legends,Africa,3013909,1711741,278,52,4558364,226683,220114,21.78,4
May-2024,League of Legends,Africa,3219945,1786655,282,52,5084391,450894,150832,13.05,3
May-2024,League of Legends,Africa,3232080,1794603,254,50,5590867,340439,181842,10.47,5
May-2024,League of Legends,Oceania,3465625,1660672,291,50,6927324,331265,215695,8.77,3
May-2024,League of Legends,Oceania,3177473,1780111,284,50,5424722,364155,147435,12.45,4
May-2024,League of Legends,Oceania,3344539,1803008,284,48,6426568,325116,151457,12.59,5
May-2024,League of Legends,Oceania,3223674,1745257,241,52,7921084,385383,144972,23.73,5
May-2024,League of Legends,Oceania,3165311,1665065,288,54,5337773,212048,176323,9.39,4
May-2024,League of Legends,Oceania,3401911,1782124,322,44,6699535,460981,239891,6.44,2
May-2024,League of Legends,Oceania,3496052,1713129,263,50,7772032,288273,219228,13.86,4
May-2024,League of Legends,Oceania,3150907,1755440,276,46,5472174,340354,137055,17.92,2
May-2024,League of Legends,Oceania,3326302,1751699,289,49,7155909,322090,174394,9.55,0
May-2024,League of Legends,Oceania,3482478,1692261,307,52,7232141,301227,141627,5.67,3
May-2024,League of Legends,Oceania,3285440,1748532,246,50,6849316,291972,234464,24.39,4
May-2024,League of Legends,Oceania,3155698,1753875,269,47,4816250,295092,144632,21.44,1
May-2024,League of Legends,Oceania,3182109,1808393,310,46,4985518,172362,135656,16.36,4
May-2024,League of Legends,Oceania,3360029,1722582,317,53,5396369,294606,206428,14.68,3
May-2024,League of Legends,Oceania,3665995,1660286,263,50,5737139,393333,188844,11.73,4
May-2024,League of Legends,Oceania,3316489,1814017,271,44,5792618,330457,217030,19.96,0
May-2024,League of Legends,Oceania,3471296,1870125,301,48,6134935,302143,221534,21.12,3
May-2024,League of Legends,Oceania,3350550,1627997,262,51,6743330,404765,154631,19.97,0
May-2024,League of Legends,Oceania,3275632,1562190,312,50,4981870,430707,157874,20.59,2
May-2024,League of Legends,Oceania,3484322,1798435,281,46,8048755,453788,206810,18.6,5
Jun-2024,League of Legends,NA,3364541,1804236,280,55,7575571,392730,174393,10.58,4
Jun-2024,League of Legends,NA,3428520,1704831,273,49,5344529,385812,181447,15.96,3
Jun-2024,League of Legends,NA,3342220,1762111,291,45,6035451,384542,210255,6.33,0
Jun-2024,League of Legends,NA,3596432,1725525,286,53,6728261,341710,252450,7.72,2
Jun-2024,League of Legends,NA,3362760,1717381,289,55,7169625,400611,187949,8.65,1
Jun-2024,League of Legends,NA,3315222,1713198,255,47,6848681,336812,154345,11.85,4
Jun-2024,League of Legends,NA,3560845,1753687,263,48,7178456,418138,143402,6.08,5
Jun-2024,League of Legends,NA,3218880,1764126,280,58,5585901,264827,131623,18.18,5
Jun-2024,League of Legends,NA,3477901,1677988,269,50,7963844,303208,120705,11.01,1
Jun-2024,League of Legends,NA,3159654,1745587,242,55,6777236,285500,129259,13.78,0
Jun-2024,League of Legends,NA,3173743,1693094,306,48,7427104,229043,164244,23.23,2
Jun-2024,League of Legends,NA,3370984,1814467,314,52,5199901,416676,140436,14.82,1
Jun-2024,League of Legends,NA,3235483,1715464,281,48,6470692,300638,159908,24.7,3
Jun-2024,League of Legends,NA,3177357,1845751,294,50,6059172,214557,161374,16.58,1
Jun-2024,League of Legends,NA,3452341,1666475,289,48,8464999,402994,134771,14.39,0
Jun-2024,League of Legends,NA,3427879,1636121,337,42,7230593,345362,183939,18.85,3
Jun-2024,League of Legends,NA,3201476,1828381,295,48,7849639,302565,149661,23.52,4
Jun-2024,League of Legends,NA,3227983,1896489,283,46,6833600,282381,131882,9.63,0
Jun-2024,League of Legends,NA,2975522,1804047,289,50,5774673,296973,176945,24.53,4
Jun-2024,League of Legends,NA,3266311,1844943,275,44,7133623,332171,150629,16.51,0
Jun-2024,League of Legends,EU,3241236,1716030,283,52,6165069,239074,107918,19.64,4
Jun-2024,League of Legends,EU,3429550,1732294,264,51,7166418,359641,225961,11.47,2
Jun-2024,League of Legends,EU,3280516,1663488,255,54,8060521,158108,109192,12.8,0
Jun-2024,League of Legends,EU,3173949,1772534,297,48,6423747,366820,154966,9.14,2
Jun-2024,League of Legends,EU,3198714,1784050,314,49,5426576,285057,159781,23.25,2
Jun-2024,League of Legends,EU,3168280,1867078,277,52,5966758,314264,136265,7.35,0
Jun-2024,League of Legends,EU,3097230,1665373,287,50,5202942,268174,166196,20.45,5
Jun-2024,League of Legends,EU,3244883,1790299,289,47,6518219,310791,173013,8.39,2
Jun-2024,League of Legends,EU,3259622,1717299,314,50,5370134,412517,135681,17.98,5
Jun-2024,League of Legends,EU,3292982,1485701,288,51,7093978,357420,180714,24.26,4
Jun-2024,League of Legends,EU,3115721,1773931,308,48,6322452,320275,177441,16.14,0
Jun-2024,League of Legends,EU,3328567,1770924,275,48,8014374,275174,187305,8.25,1
Jun-2024,League of Legends,EU,3241512,1693806,264,49,6191969,347990,143734,24.34,4
Jun-2024,League of Legends,EU,3236996,1859765,292,49,6772980,327221,143625,19.38,2
Jun-2024,League of Legends,EU,2992062,1719491,297,51,5390921,351218,102784,15.97,5
Jun-2024,League of Legends,EU,3313829,1787306,294,56,6482330,268915,205963,17.81,5
Jun-2024,League of Legends,EU,3314583,1761282,270,53,5767478,295347,234470,9.24,5
Jun-2024,League of Legends,EU,3412171,1832415,276,48,8422223,224534,178478,24.03,5
Jun-2024,League of Legends,EU,3486369,1695478,311,48,7545517,418149,173621,10.89,4
Jun-2024,League of Legends,EU,3548006,1664158,266,50,5688258,335638,175920,17.5,5
Jun-2024,League of Legends,Asia,2892412,1789026,280,51,7129187,321322,177726,20.3,4
Jun-2024,League of Legends,Asia,2998929,1792112,302,45,6534201,361727,155410,7.93,1
Jun-2024,League of Legends,Asia,3320072,1759943,270,47,6529004,285683,202324,14.88,1
Jun-2024,League of Legends,Asia,3359579,1719984,273,49,6364632,373021,192932,18.47,4
Jun-2024,League of Legends,Asia,3370885,1714743,277,47,5697045,402056,132948,20.01,4
Jun-2024,League of Legends,Asia,3392735,1719669,266,50,5270949,348923,147734,16.78,1
Jun-2024,League of Legends,Asia,3380573,1701293,314,50,7672717,397314,137716,6.63,5
Jun-2024,League of Legends,Asia,3481341,1736402,253,50,6730125,353205,216425,22.66,2
Jun-2024,League of Legends,Asia,3173670,1815532,273,49,6263672,329222,179068,16.51,4
Jun-2024,League of Legends,Asia,3187220,1736185,287,46,4817872,278503,200758,20.53,4
Jun-2024,League of Legends,Asia,3318053,1777295,286,50,5199812,293335,191103,23.92,3
Jun-2024,League of Legends,Asia,3188042,1944020,277,49,6746217,342532,147361,5.23,5
Jun-2024,League of Legends,Asia,3416412,1808258,335,52,8491888,419978,165635,6.91,3
Jun-2024,League of Legends,Asia,3208879,1681880,283,48,4883239,385441,189108,11.38,3
Jun-2024,League of Legends,Asia,3183741,1737439,276,54,7254155,426246,157864,11.22,4
Jun-2024,League of Legends,Asia,3184965,1748733,286,47,7269847,312431,135083,21.58,4
Jun-2024,League of Legends,Asia,3278738,1614222,283,52,7362212,378895,136942,9.59,4
Jun-2024,League of Legends,Asia,3422783,1689580,290,46,8522141,431316,122752,5.67,0
Jun-2024,League of Legends,Asia,3496851,1577843,283,49,5756791,300222,216252,21.25,1
Jun-2024,League of Legends,Asia,3032271,1625098,278,50,4838025,298166,194282,17.72,0
Jun-2024,League of Legends,South America,3472506,1732412,304,51,6691963,281947,183823,19.99,1
Jun-2024,League of Legends,South America,3514739,1728219,274,55,5728472,293598,213781,16.22,0
Jun-2024,League of Legends,South America,3250440,1937542,286,48,7583227,256421,170751,20.04,5
Jun-2024,League of Legends,South America,3472899,1797900,298,49,5684369,328670,123469,21.85,1
Jun-2024,League of Legends,South America,3193117,1754475,279,50,4792364,415380,160449,16.9,3
Jun-2024,League of Legends,South America,3164848,1724120,282,57,7835983,410950,200844,17.72,1
Jun-2024,League of Legends,South America,3338122,1670464,282,50,5491791,263726,136296,18.59,4
Jun-2024,League of Legends,South America,3126337,1759097,297,44,7298612,284940,133320,18.4,5
Jun-2024,League of Legends,South America,3179508,1654115,292,47,6731607,266055,161692,16.36,1
Jun-2024,League of Legends,South America,3561860,1680277,288,49,5707581,267743,150064,17.7,2
Jun-2024,League of Legends,South America,3302368,1781763,274,46,8128999,295096,138654,5.89,5
Jun-2024,League of Legends,South America,3265962,1620822,268,46,5244896,396373,152174,5.04,0
Jun-2024,League of Legends,South America,3447509,1586650,287,50,7417334,261911,184053,22.49,0
Jun-2024,League of Legends,South America,3126083,1864592,307,51,5472236,287716,199759,18.54,4
Jun-2024,League of Legends,South America,3103895,1854284,281,54,6837367,326744,99800,14.17,5
Jun-2024,League of Legends,South America,3048344,1605901,267,51,4940565,423128,174141,15.75,5
Jun-2024,League of Legends,South America,3457224,1839017,273,50,8475025,285954,142269,12.46,5
Jun-2024,League of Legends,South America,2958082,1797695,270,50,5798856,263032,131371,6.92,3
Jun-2024,League of Legends,South America,3302969,1758188,270,56,5619731,306443,198668,11.1,3
Jun-2024,League of Legends,South America,3362397,1737106,293,51,5553675,360800,155331,7.33,1
Jun-2024,League of Legends,Africa,3248218,1801795,259,49,4887111,304891,169576,24.33,3
Jun-2024,League of Legends,Africa,3218861,1704490,292,49,6238580,509572,130299,13.33,2
Jun-2024,League of Legends,Africa,3538232,1693963,283,45,8122353,219123,162397,8.01,0
Jun-2024,League of Legends,Africa,3096370,1759663,317,49,6764681,257124,157232,19.57,1
Jun-2024,League of Legends,Africa,3421564,1725438,288,50,5364851,212082,192685,23.03,3
Jun-2024,League of Legends,Africa,3360694,1693123,299,53,7148917,229204,155509,10.17,5
Jun-2024,League of Legends,Africa,3440175,1625653,247,53,6351981,290901,142872,5.79,3
Jun-2024,League of Legends,Africa,3172505,1752598,295,52,5764475,391574,189882,20.52,1
Jun-2024,League of Legends,Africa,3382367,1694751,291,53,7423108,273088,166926,12.03,0
Jun-2024,League of Legends,Africa,3054148,1858583,276,46,6457033,210284,226038,14.39,3
Jun-2024,League of Legends,Africa,3139206,1672468,291,46,5750606,295862,190030,15.74,3
Jun-2024,League of Legends,Africa,3315656,1693808,274,53,6131006,338681,126580,9.85,4
Jun-2024,League of Legends,Africa,3163407,1618168,319,46,7831295,342922,184487,16.37,2
Jun-2024,League of Legends,Africa,3180606,1819838,276,51,5839121,257401,219101,8.7,2
Jun-2024,League of Legends,Africa,3443922,1617228,275,49,7761184,311599,190551,15.59,0
Jun-2024,League of Legends,Africa,3235010,1818744,309,51,5668369,311172,165219,8.78,3
Jun-2024,League of Legends,Africa,3343882,1659082,284,48,8221849,346758,160899,11.06,1
Jun-2024,League of Legends,Africa,3651470,1680219,292,47,8097391,343834,189445,17.71,1
Jun-2024,League of Legends,Africa,3463493,1704288,306,54,7527763,293450,115208,21.21,2
Jun-2024,League of Legends,Africa,3502828,1836411,265,50,6800946,235792,202480,14.2,5
Jun-2024,League of Legends,Oceania,3033363,1724985,278,49,5896926,300639,131740,23.3,4
Jun-2024,League of Legends,Oceania,3137695,1713311,260,46,5127300,417571,177043,17.03,5
Jun-2024,League of Legends,Oceania,3343873,1663678,289,47,6331840,399103,203191,21.39,4
Jun-2024,League of Legends,Oceania,3372266,1770151,279,54,6619713,415476,122527,9.21,3
Jun-2024,League of Legends,Oceania,3106078,1625193,286,51,5492529,235796,182790,22.38,3
Jun-2024,League of Legends,Oceania,3230034,1828405,301,53,7544167,314127,217607,23.47,4
Jun-2024,League of Legends,Oceania,3223439,1811515,304,47,5549686,396139,140220,10.11,4
Jun-2024,League of Legends,Oceania,3302191,1773463,270,49,5171431,350490,154985,12.5,4
Jun-2024,League of Legends,Oceania,3293609,1751627,281,47,6377525,258565,196040,24.17,1
Jun-2024,League of Legends,Oceania,3250268,1777849,278,48,6220599,423835,208407,14.17,0
Jun-2024,League of Legends,Oceania,3258148,1816567,273,49,5675408,300410,124846,19.32,3
Jun-2024,League of Legends,Oceania,3328029,1809218,268,51,6977164,402271,152836,16.89,1
Jun-2024,League of Legends,Oceania,3132010,1753470,283,48,5038040,498130,50472,17.24,2
Jun-2024,League of Legends,Oceania,2985149,1774705,282,52,4673580,331717,216412,6.66,1
Jun-2024,League of Legends,Oceania,3278220,1688190,277,46,7585816,309557,201221,24.45,3
Jun-2024,League of Legends,Oceania,3362342,1797621,306,46,6046440,327885,154884,15.89,1
Jun-2024,League of Legends,Oceania,3195062,1913558,305,54,5110928,244261,164546,23.1,2
Jun-2024,League of Legends,Oceania,3249630,1828791,302,51,6719927,263900,229632,6.25,4
Jun-2024,League of Legends,Oceania,3264228,1811380,269,48,7913605,285428,178852,17.76,5
Jun-2024,League of Legends,Oceania,3154459,1609368,262,48,7249540,379560,148553,19.59,3
Jul-2024,League of Legends,NA,3234862,1757204,294,47,6010959,421073,132254,5.19,1
Jul-2024,League of Legends,NA,3064079,1712275,307,50,7454177,258204,173129,20.04,0
Jul-2024,League of Legends,NA,3272755,1835960,255,48,6018360,266064,179167,24.39,2
Jul-2024,League of Legends,NA,3215540,1816042,283,45,7023021,295534,161795,17.87,1
Jul-2024,League of Legends,NA,3093772,1725859,269,52,5186044,314374,157930,13.79,1
Jul-2024,League of Legends,NA,3353889,1886175,278,45,5395058,315263,144130,15.72,0
Jul-2024,League of Legends,NA,3286605,1618507,261,49,7977952,312013,92554,7.5,0
Jul-2024,League of Legends,NA,3294819,1826695,267,49,8110678,398424,153042,19.24,2
Jul-2024,League of Legends,NA,3102999,1682335,316,45,7360504,429547,214375,23.92,5
Jul-2024,League of Legends,NA,3471437,1651915,292,50,7901497,486354,155807,5.39,2
Jul-2024,League of Legends,NA,3332788,1656337,305,51,6038533,338676,206672,8.77,0
Jul-2024,League of Legends,NA,3185200,1825481,300,47,6906282,327944,158878,12.41,5
Jul-2024,League of Legends,NA,3061490,1929124,278,48,5246409,243164,179246,14.22,5
Jul-2024,League of Legends,NA,3395121,1904136,313,45,8376604,410037,225119,13.13,3
Jul-2024,League of Legends,NA,3224266,1655682,295,49,6952802,280089,91110,20.2,0
Jul-2024,League of Legends,NA,3175301,1763411,275,48,5744538,287426,171715,16.0,1
Jul-2024,League of Legends,NA,3458340,1774075,281,46,5212590,350327,179637,23.14,2
Jul-2024,League of Legends,NA,3151076,1653206,282,48,5918828,333274,185952,15.95,0
Jul-2024,League of Legends,NA,3220797,1892382,284,53,5019499,384510,107183,19.85,2
Jul-2024,League of Legends,NA,3176243,1841735,278,53,5786594,356858,214293,22.59,0
Jul-2024,League of Legends,EU,3381562,1684900,306,49,5534296,384547,135235,16.09,3
Jul-2024,League of Legends,EU,3426835,1658653,278,49,5199986,439788,191780,9.66,3
Jul-2024,League of Legends,EU,3398582,1814199,269,46,5694186,363020,213435,7.45,3
Jul-2024,League of Legends,EU,3283507,1692704,284,51,7460444,427050,137060,20.5,3
Jul-2024,League of Legends,EU,3236706,1743819,284,46,5708883,242869,159664,10.52,4
Jul-2024,League of Legends,EU,3551303,1787024,251,45,5707148,225731,207895,23.41,3
Jul-2024,League of Legends,EU,3311398,1729398,304,53,6784597,327590,181035,15.31,3
Jul-2024,League of Legends,EU,3047037,1879402,269,55,6420601,304544,143670,9.28,2
Jul-2024,League of Legends,EU,3379128,1676788,268,51,6834182,245431,137852,17.64,3
Jul-2024,League of Legends,EU,3242125,1852667,280,54,6582496,332850,99693,23.94,5
Jul-2024,League of Legends,EU,3410416,1711493,281,53,5938183,388544,154499,9.18,0
Jul-2024,League of Legends,EU,3252913,1654332,296,45,5558682,294891,222402,19.6,4
Jul-2024,League of Legends,EU,3224060,1757346,290,54,7929014,396338,190604,17.23,5
Jul-2024,League of Legends,EU,3424964,1765188,295,45,7967035,435056,196162,15.55,2
Jul-2024,League of Legends,EU,3395113,1717270,294,51,8440359,309263,180937,19.42,1
Jul-2024,League of Legends,EU,3631065,1796315,288,53,6181513,380444,164625,12.55,2
Jul-2024,League of Legends,EU,3297110,1724387,274,46,7393490,403969,177937,15.79,2
Jul-2024,League of Legends,EU,3182868,1595142,273,50,7287033,318558,184772,10.03,4
Jul-2024,League of Legends,EU,3403153,1739141,309,53,6409764,233946,146476,17.38,2
Jul-2024,League of Legends,EU,3229449,1749671,291,51,6474216,370664,153317,9.32,2
Jul-2024,League of Legends,Asia,3520845,1682479,255,51,6838252,446559,227517,24.82,0
Jul-2024,League of Legends,Asia,3823115,1718822,292,52,8200573,281187,139828,6.29,0
Jul-2024,League of Legends,Asia,3268418,1753094,263,53,8123987,271422,144876,16.3,4
Jul-2024,League of Legends,Asia,3328197,1596902,297,54,7387638,364411,182605,11.68,5
Jul-2024,League of Legends,Asia,3569978,1697131,291,53,6203092,355915,187786,23.13,0
Jul-2024,League of Legends,Asia,3272003,1670746,291,53,6716095,272493,170681,8.18,3
Jul-2024,League of Legends,Asia,3204811,1590951,310,47,5682279,270991,140351,20.94,4
Jul-2024,League of Legends,Asia,3267654,1936348,295,50,5513793,350879,105274,18.11,0
Jul-2024,League of Legends,Asia,3851365,1715388,275,48,6754501,421708,134168,12.88,0
Jul-2024,League of Legends,Asia,3268730,1800760,301,49,5600870,407317,158791,7.66,4
Jul-2024,League of Legends,Asia,3303503,1659978,290,53,7521355,297262,193598,16.24,2
Jul-2024,League of Legends,Asia,3326985,1746462,292,53,6853772,311708,134631,9.19,3
Jul-2024,League of Legends,Asia,3352257,1619987,294,51,8258420,424066,208196,12.65,1
Jul-2024,League of Legends,Asia,3132448,1702633,289,44,4803349,346724,221959,19.82,2
Jul-2024,League of Legends,Asia,3525978,1769238,308,53,7492843,368100,209093,11.58,3
Jul-2024,League of Legends,Asia,3288341,1746026,301,53,5775429,263242,125752,18.54,0
Jul-2024,League of Legends,Asia,3409098,1681334,272,48,7871564,352544,190135,17.78,5
Jul-2024,League of Legends,Asia,3142299,1605285,284,53,5839064,322605,185950,22.52,4
Jul-2024,League of Legends,Asia,2866408,1811528,294,54,5859953,406118,181982,5.29,0
Jul-2024,League of Legends,Asia,3119027,1542294,278,54,4687066,241895,161532,15.67,3
Jul-2024,League of Legends,South America,3368548,1755252,282,49,7908294,350994,219210,24.69,0
Jul-2024,League of Legends,South America,3213935,1840838,276,51,4842897,346735,187575,18.86,2
Jul-2024,League of Legends,South America,3327559,1747984,253,43,5539741,340999,113641,6.57,0
Jul-2024,League of Legends,South America,3264584,1684421,284,50,7130475,328652,163897,18.6,2
Jul-2024,League of Legends,South America,3430062,1665732,286,48,5485327,302384,151643,12.38,4
Jul-2024,League of Legends,South America,3480913,1824082,285,45,6555498,285907,247217,20.93,1
Jul-2024,League of Legends,South America,3218738,1749982,304,50,5403991,289722,165005,15.95,5
Jul-2024,League of Legends,South America,3220169,1844880,307,54,7795244,265133,136542,15.17,2
Jul-2024,League of Legends,South America,3401584,1757199,274,46,6699147,335806,116615,20.23,2
Jul-2024,League of Legends,South America,3701659,1660507,269,50,5962905,368703,204935,20.08,0
Jul-2024,League of Legends,South America,3268060,1852491,326,45,5397778,211870,125136,20.47,0
Jul-2024,League of Legends,South America,3224533,1715117,299,51,5096028,311502,232689,10.84,1
Jul-2024,League of Legends,South America,3344248,1832006,308,48,8236874,359771,146596,9.38,4
Jul-2024,League of Legends,South America,3376181,1658123,296,50,5894565,433651,154573,15.43,1
Jul-2024,League of Legends,South America,3260926,1651987,274,47,5516526,224329,156461,10.03,1
Jul-2024,League of Legends,South America,3131824,1695682,289,51,5462640,263310,158502,20.55,0
Jul-2024,League of Legends,South America,3077688,1862400,282,51,6950277,251303,241332,16.11,4
Jul-2024,League of Legends,South America,3350487,1662711,258,53,6934574,372061,149910,18.65,4
Jul-2024,League of Legends,South America,3291014,1810454,314,45,5061448,315378,156828,14.81,3
Jul-2024,League of Legends,South America,3568465,1761641,269,42,6923585,430348,174515,10.15,0
Jul-2024,League of Legends,Africa,3409931,1701482,281,47,5262878,417093,217185,18.42,2
Jul-2024,League of Legends,Africa,3585287,1912739,295,50,6974598,391837,192897,18.48,5
Jul-2024,League of Legends,Africa,3086765,1794678,268,53,7591134,340862,175405,22.47,3
Jul-2024,League of Legends,Africa,3105303,1863246,282,49,6132195,303774,110089,17.46,3
Jul-2024,League of Legends,Africa,3421977,1684307,282,52,6493740,420394,208436,7.48,4
Jul-2024,League of Legends,Africa,3376029,1732797,260,52,6523968,287910,129610,9.74,5
Jul-2024,League of Legends,Africa,2921042,1739471,294,50,4684080,375784,148466,5.68,1
Jul-2024,League of Legends,Africa,3480034,1695776,292,47,6104631,390902,184499,19.5,2
Jul-2024,League of Legends,Africa,3050836,1625960,325,51,5671944,291632,166144,19.36,5
Jul-2024,League of Legends,Africa,3457949,1676614,313,37,5528539,409551,239653,19.91,0
Jul-2024,League of Legends,Africa,3544769,1797679,304,50,8280513,331139,188235,18.11,1
Jul-2024,League of Legends,Africa,3051597,1778847,266,53,7612182,242618,171288,13.32,5
Jul-2024,League of Legends,Africa,3435913,1725825,278,45,6011630,271562,198758,9.43,2
Jul-2024,League of Legends,Africa,3456224,1671388,304,49,7960258,476830,179779,23.79,1
Jul-2024,League of Legends,Africa,3043778,1636334,281,39,6064566,358312,236018,7.22,2
Jul-2024,League of Legends,Africa,3247500,1918560,299,49,7940061,291017,161905,18.05,0
Jul-2024,League of Legends,Africa,3397105,1751534,272,49,8444704,480922,254466,18.38,5
Jul-2024,League of Legends,Africa,3331310,1777975,289,48,7488523,313812,115778,5.54,3
Jul-2024,League of Legends,Africa,3312595,1666020,273,48,7989959,481506,157834,19.56,0
Jul-2024,League of Legends,Africa,3636046,1751284,302,46,5555592,407839,132599,24.55,1
Jul-2024,League of Legends,Oceania,3581561,1831461,289,48,8906249,262388,178615,8.53,5
Jul-2024,League of Legends,Oceania,3455485,1714991,283,51,8509644,356696,154578,17.21,4
Jul-2024,League of Legends,Oceania,3372406,1742311,308,53,7842224,331301,188813,8.73,0
Jul-2024,League of Legends,Oceania,3094290,1885566,278,50,5036777,325429,222079,11.48,4
Jul-2024,League of Legends,Oceania,3146592,1612505,293,48,7620776,431550,121538,15.35,1
Jul-2024,League of Legends,Oceania,3362402,1664050,275,50,6036623,452358,205005,13.3,4
Jul-2024,League of Legends,Oceania,3183463,1809994,269,48,4804139,265153,131090,11.56,4
Jul-2024,League of Legends,Oceania,3273020,1632540,279,47,6478448,313277,216049,9.05,1
Jul-2024,League of Legends,Oceania,3232238,1746765,284,45,7247391,334865,163430,13.36,1
Jul-2024,League of Legends,Oceania,3551042,1862165,280,49,5915315,305824,176909,13.43,4
Jul-2024,League of Legends,Oceania,3256022,1709221,254,49,7476865,333157,141332,24.85,2
Jul-2024,League of Legends,Oceania,3215443,1789646,274,47,5248355,344199,159043,15.93,2
Jul-2024,League of Legends,Oceania,3132991,1836785,258,47,5238845,321269,164835,15.09,3
Jul-2024,League of Legends,Oceania,3389069,1648735,296,54,6462246,402436,197592,13.24,3
Jul-2024,League of Legends,Oceania,3115618,1686217,271,50,6693616,187289,145459,9.1,3
Jul-2024,League of Legends,Oceania,3337749,1735060,291,46,6596352,308961,202083,22.78,3
Jul-2024,League of Legends,Oceania,3314482,1575231,273,53,6468317,368435,194323,6.98,3
Jul-2024,League of Legends,Oceania,3307118,1826078,276,52,6372329,421801,166323,7.64,5
Jul-2024,League of Legends,Oceania,3235376,1677295,281,47,5124907,342467,139840,17.41,0
Jul-2024,League of Legends,Oceania,3495917,1678514,309,51,8729800,418749,187272,11.7,4
Aug-2024,League of Legends,NA,3257675,1685402,303,45,7957897,220933,171930,6.28,2
Aug-2024,League of Legends,NA,3198556,1755607,286,49,6480852,364845,75568,21.91,1
Aug-2024,League of Legends,NA,3192201,1905247,283,49,7665217,356177,137481,9.47,0
Aug-2024,League of Legends,NA,3157797,2016424,276,49,7629539,223249,132957,9.7,0
Aug-2024,League of Legends,NA,3429169,1858945,290,45,8233498,205929,164577,21.22,3
Aug-2024,League of Legends,NA,3365123,1826875,323,47,6653884,459193,101485,11.44,1
Aug-2024,League of Legends,NA,3353697,1716463,297,47,6561215,348791,216896,10.81,1
Aug-2024,League of Legends,NA,3185838,1812451,304,53,6167575,246814,152013,5.06,5
Aug-2024,League of Legends,NA,3319761,1703487,269,47,5653802,495516,155468,6.92,0
Aug-2024,League of Legends,NA,3465345,1830781,300,53,5459183,270827,220044,7.47,0
Aug-2024,League of Legends,NA,3268734,1756258,289,46,6265067,371916,201883,13.12,0
Aug-2024,League of Legends,NA,3075059,1697229,256,45,5947214,306485,188280,18.1,5
Aug-2024,League of Legends,NA,3272657,1470917,280,47,6393805,334360,198255,23.71,3
Aug-2024,League of Legends,NA,3582561,1797811,288,51,8734591,274765,153798,21.88,3
Aug-2024,League of Legends,NA,3115010,1905249,300,49,6448079,179454,124318,14.79,4
Aug-2024,League of Legends,NA,3064565,1788128,282,44,5795843,280858,214017,18.75,5
Aug-2024,League of Legends,NA,3068043,1769349,284,51,7274373,375159,204133,24.0,1
Aug-2024,League of Legends,NA,3317222,1647184,273,48,6242345,406657,136150,18.25,3
Aug-2024,League of Legends,NA,3416548,1846333,299,51,5719886,324402,164310,24.89,4
Aug-2024,League of Legends,NA,3107803,1904696,296,53,7508953,298657,101130,18.73,2
Aug-2024,League of Legends,EU,3098939,1731815,259,52,5483040,274557,144084,16.52,2
Aug-2024,League of Legends,EU,3189813,1729349,282,54,7166108,444767,152783,10.94,5
Aug-2024,League of Legends,EU,3176195,1741828,276,50,6374087,350015,188318,21.59,1
Aug-2024,League of Legends,EU,3343923,1705890,285,50,8171325,359402,145911,8.09,2
Aug-2024,League of Legends,EU,3120277,1801274,284,52,5877248,254525,139991,14.78,5
Aug-2024,League of Legends,EU,3318130,1710065,276,55,5454795,259197,165874,6.66,1
Aug-2024,League of Legends,EU,3295585,1640672,303,51,5112631,278551,85731,19.48,2
Aug-2024,League of Legends,EU,3139632,1622298,288,50,7582984,346033,92527,9.63,0
Aug-2024,League of Legends,EU,3423306,1891634,295,50,6714388,372328,121751,15.78,2
Aug-2024,League of Legends,EU,3302669,1790390,293,47,5557530,324369,136300,20.17,0
Aug-2024,League of Legends,EU,3358482,1846544,268,46,5529783,329380,154570,7.79,5
Aug-2024,League of Legends,EU,3141575,1631613,281,52,6661452,307776,200867,8.87,5
Aug-2024,League of Legends,EU,3031723,1765326,279,48,7384378,300013,143440,7.26,2
Aug-2024,League of Legends,EU,3020888,1739420,272,43,6099559,298574,116409,10.48,2
Aug-2024,League of Legends,EU,3275832,1752228,299,46,6669214,335112,170155,24.85,5
Aug-2024,League of Legends,EU,3264820,1823661,270,48,5901395,287741,206177,13.55,3
Aug-2024,League of Legends,EU,3329899,1774004,289,47,5570114,306902,175372,13.15,2
Aug-2024,League of Legends,EU,3492473,1866997,299,55,7221542,286686,108196,20.55,1
Aug-2024,League of Legends,EU,3022335,1695081,287,51,5872416,322434,141354,6.9,5
Aug-2024,League of Legends,EU,3306453,1796129,287,52,7117456,327606,188376,10.23,2
Aug-2024,League of Legends,Asia,3218776,1747839,288,52,5500849,293344,142244,14.15,2
Aug-2024,League of Legends,Asia,3352066,1831713,279,51,5643804,272445,86078,24.17,3
Aug-2024,League of Legends,Asia,2743536,1775481,296,47,4310648,312851,72672,23.75,2
Aug-2024,League of Legends,Asia,3285082,1608639,288,46,5639472,313002,116553,18.56,2
Aug-2024,League of Legends,Asia,3205583,1755891,296,47,5913783,328624,89009,5.57,5
Aug-2024,League of Legends,Asia,3194697,1875981,312,49,7606880,326600,192564,24.89,3
Aug-2024,League of Legends,Asia,3219574,1863729,305,47,7594049,274916,167058,8.03,0
Aug-2024,League of Legends,Asia,3359770,1668551,261,49,6619262,368294,184360,12.02,5
Aug-2024,League of Legends,Asia,3413179,1572689,273,52,7322850,290227,144525,21.03,3
Aug-2024,League of Legends,Asia,3448426,1835977,297,53,7329215,255169,129717,7.09,2
Aug-2024,League of Legends,Asia,3256811,1971134,301,50,5661728,346195,179531,22.52,5
Aug-2024,League of Legends,Asia,3232341,1789155,290,46,6411062,205358,167832,16.36,2
Aug-2024,League of Legends,Asia,3373607,1744753,264,48,6425972,320378,191569,21.12,1
Aug-2024,League of Legends,Asia,3235090,1725685,273,50,6417540,308487,121355,6.65,0
Aug-2024,League of Legends,Asia,3103805,1639566,284,48,7211746,270280,154550,5.94,1
Aug-2024,League of Legends,Asia,3235033,1571396,289,56,6578627,332908,144876,8.34,3
Aug-2024,League of Legends,Asia,3136713,1722911,286,46,7077121,298957,182214,8.69,2
Aug-2024,League of Legends,Asia,3357102,1680942,267,48,6852411,360597,161838,19.46,3
Aug-2024,League of Legends,Asia,3000284,1788952,279,49,6235617,273734,109857,13.91,2
Aug-2024,League of Legends,Asia,3410360,1592536,308,50,7105434,364238,168196,8.89,2
Aug-2024,League of Legends,South America,3155876,1861367,271,47,5191784,312385,165426,7.32,0
Aug-2024,League of Legends,South America,3292323,1768528,298,48,6548833,226543,130264,6.15,3
Aug-2024,League of Legends,South America,3041346,1704261,301,55,5372443,414134,175787,24.07,1
Aug-2024,League of Legends,South America,3334782,1671792,275,45,7529766,294946,125381,23.35,3
Aug-2024,League of Legends,South America,3499531,1874860,278,47,8594912,390507,166828,23.2,4
Aug-2024,League of Legends,South America,3125788,1714145,262,47,7060333,240807,222549,23.24,5
Aug-2024,League of Legends,South America,3454837,1815664,281,45,6061730,284141,85930,12.93,1
Aug-2024,League of Legends,South America,3399109,1524691,292,45,7064960,204418,167583,19.34,5
Aug-2024,League of Legends,South America,3262993,1658632,286,52,5664005,307580,142638,14.9,2
Aug-2024,League of Legends,South America,3519455,1739463,266,51,5637739,341345,225865,24.99,2
Aug-2024,League of Legends,South America,3403415,1706485,248,48,6293327,339410,169033,9.1,1
Aug-2024,League of Legends,South America,3229040,1577469,269,54,8038990,251658,156737,19.78,1
Aug-2024,League of Legends,South America,3294955,1649437,328,53,7097326,216684,190832,23.9,2
Aug-2024,League of Legends,South America,3531586,1837981,304,51,7894338,259949,212374,15.02,3
Aug-2024,League of Legends,South America,3429750,1575577,302,53,5190562,427753,205438,24.51,0
Aug-2024,League of Legends,South America,3226367,1850900,306,48,7171483,242514,199320,16.56,0
Aug-2024,League of Legends,South America,3454407,1749134,286,51,6248448,284625,219459,20.84,4
Aug-2024,League of Legends,South America,3452115,1869002,273,49,6733887,423401,181184,15.72,1
Aug-2024,League of Legends,South America,3497340,1736271,281,53,7890037,293622,178387,9.12,2
Aug-2024,League of Legends,South America,2954904,1897885,298,51,6897347,325754,103277,8.13,4
Aug-2024,League of Legends,Africa,3548422,1619218,286,49,7339634,274177,180579,16.69,2
Aug-2024,League of Legends,Africa,3674675,1745166,269,53,7888035,336261,151047,10.02,1
Aug-2024,League of Legends,Africa,3571574,1864269,273,48,7975564,341481,175640,16.99,5
Aug-2024,League of Legends,Africa,3069949,1778128,301,52,7107887,332224,170091,12.3,0
Aug-2024,League of Legends,Africa,3431412,1785448,268,47,6397262,372629,178589,17.79,2
Aug-2024,League of Legends,Africa,3409880,1710042,258,49,8052558,434120,183321,13.27,2
Aug-2024,League of Legends,Africa,3398240,1718867,266,50,6169771,287556,207817,11.25,5
Aug-2024,League of Legends,Africa,3335475,1787813,267,48,7785326,411011,145381,9.54,5
Aug-2024,League of Legends,Africa,3432144,1825906,275,55,8564459,412944,167983,13.43,5
Aug-2024,League of Legends,Africa,3092330,1694137,310,43,7257722,291049,210132,6.84,1
Aug-2024,League of Legends,Africa,3196546,1634751,297,49,6128031,279486,106645,19.29,3
Aug-2024,League of Legends,Africa,3030081,1697680,285,44,4770655,307485,133354,23.8,1
Aug-2024,League of Legends,Africa,3660569,1662709,287,51,6953637,372501,245773,7.0,2
Aug-2024,League of Legends,Africa,3057451,1737745,288,47,7451160,322745,187063,19.22,0
Aug-2024,League of Legends,Africa,3038138,1791865,299,49,5408836,410510,154708,12.0,0
Aug-2024,League of Legends,Africa,3566974,1853184,290,49,7004496,388293,193826,20.15,2
Aug-2024,League of Legends,Africa,3465386,1858728,263,47,8058981,373822,175721,6.55,3
Aug-2024,League of Legends,Africa,3436486,1735957,274,50,7543712,405883,76126,9.31,4
Aug-2024,League of Legends,Africa,3284485,1731047,288,50,6347428,366624,179741,24.25,5
Aug-2024,League of Legends,Africa,3365025,1794923,287,51,6985415,239245,139596,18.69,3
Aug-2024,League of Legends,Oceania,3175791,1630573,288,49,5138166,383709,183703,24.01,4
Aug-2024,League of Legends,Oceania,3233228,1609240,281,50,5450517,321164,135612,20.68,4
Aug-2024,League of Legends,Oceania,3373281,1627635,288,47,8100479,289655,195100,9.22,5
Aug-2024,League of Legends,Oceania,3334219,1812491,257,48,6631616,304250,165936,10.02,3
Aug-2024,League of Legends,Oceania,3168592,1792867,309,55,7342893,271911,135811,9.67,4
Aug-2024,League of Legends,Oceania,3376261,1601282,245,41,5786469,192865,156794,19.45,4
Aug-2024,League of Legends,Oceania,3234580,1794811,297,48,7470752,331076,175176,12.29,4
Aug-2024,League of Legends,Oceania,3511098,1636260,294,46,6098259,286154,124213,17.11,5
Aug-2024,League of Legends,Oceania,3225393,1707926,320,44,6212760,376480,159658,17.23,3
Aug-2024,League of Legends,Oceania,3146024,1666318,276,48,6267189,270582,169240,5.52,1
Aug-2024,League of Legends,Oceania,3268623,1628043,313,53,6519054,232903,172010,21.47,1
Aug-2024,League of Legends,Oceania,3363473,1928299,283,46,7627234,340025,135309,14.12,5
Aug-2024,League of Legends,Oceania,3184462,1591538,280,57,5015451,216803,205561,18.42,4
Aug-2024,League of Legends,Oceania,3456082,1591534,290,50,5311868,177265,158685,11.71,5
Aug-2024,League of Legends,Oceania,3232610,1666141,274,51,7817735,274759,132223,24.87,4
Aug-2024,League of Legends,Oceania,3424361,1746942,302,50,7389574,346531,209658,9.5,5
Aug-2024,League of Legends,Oceania,3124204,1754681,291,53,7572478,312645,161862,11.14,3
Aug-2024,League of Legends,Oceania,3231730,1781458,296,45,7042825,243579,158118,17.01,1
Aug-2024,League of Legends,Oceania,3331528,1669598,287,52,5786283,279755,189758,16.24,4
Aug-2024,League of Legends,Oceania,3059612,1693370,272,49,5048666,303785,148293,19.94,0
Sep-2024,League of Legends,NA,3243487,1915436,294,54,7299291,285223,171636,23.22,2
Sep-2024,League of Legends,NA,3149139,1750844,274,52,7748172,304518,165896,8.09,0
Sep-2024,League of Legends,NA,3715814,1750930,281,45,7975984,453116,180502,20.59,0
Sep-2024,League of Legends,NA,3446850,1780856,262,50,5484454,424428,136363,21.04,4
Sep-2024,League of Legends,NA,3107716,1599612,309,53,5689991,297165,148889,13.83,5
Sep-2024,League of Legends,NA,3257467,1917285,291,48,8043556,292273,115718,21.79,5
Sep-2024,League of Legends,NA,3290727,1928545,271,49,6573061,335633,173377,5.02,1
Sep-2024,League of Legends,NA,3344407,1791489,276,49,6955376,317590,160441,11.72,0
Sep-2024,League of Legends,NA,3157988,1647475,305,50,5830083,252012,178059,6.94,2
Sep-2024,League of Legends,NA,3218246,1758173,319,50,6416507,318761,181553,9.25,0
Sep-2024,League of Legends,NA,3365633,1633502,292,48,6026605,329131,189594,8.18,2
Sep-2024,League of Legends,NA,3239885,1778488,280,52,5104871,288542,158793,11.31,3
Sep-2024,League of Legends,NA,3361207,1734919,281,49,8057658,456391,196503,22.27,3
Sep-2024,League of Legends,NA,3397666,1592911,282,49,7640512,298325,146102,19.2,2
Sep-2024,League of Legends,NA,3391511,1578432,269,46,6189940,346250,203739,23.36,5
Sep-2024,League of Legends,NA,2957916,1719805,258,45,4953563,357304,158361,6.57,5
Sep-2024,League of Legends,NA,3406629,1702638,300,50,8439769,413820,116113,8.0,2
Sep-2024,League of Legends,NA,3281047,1855328,279,48,7056838,330506,172137,16.32,3
Sep-2024,League of Legends,NA,3415919,1560604,273,50,7884566,443905,211801,8.98,1
Sep-2024,League of Legends,NA,3360012,1830297,291,46,6033320,286104,185735,17.99,1
Sep-2024,League of Legends,EU,3402978,1831668,294,45,7852167,373698,181695,15.88,1
Sep-2024,League of Legends,EU,3315611,1939871,281,49,5338424,310372,189668,20.93,4
Sep-2024,League of Legends,EU,2909460,1679924,273,47,4767753,274838,180186,13.75,5
Sep-2024,League of Legends,EU,3233827,1744894,287,55,6006620,400224,166716,19.47,5
Sep-2024,League of Legends,EU,3521729,1728918,277,54,6732810,240029,186231,10.1,1
Sep-2024,League of Legends,EU,3209589,1746164,305,52,5199979,298315,175506,19.96,3
Sep-2024,League of Legends,EU,3647900,1767239,288,47,8067231,368076,193352,14.35,0
Sep-2024,League of Legends,EU,3307236,1834157,323,50,6680695,190847,155166,14.31,0
Sep-2024,League of Legends,EU,3092563,1752985,261,48,6529037,363093,172934,5.22,4
Sep-2024,League of Legends,EU,3378762,1665540,275,42,7889272,293545,192554,18.57,1
Sep-2024,League of Legends,EU,3307662,1620277,302,52,7687087,266734,112788,6.99,0
Sep-2024,League of Legends,EU,3072238,1858930,296,58,5095942,346983,158558,5.73,2
Sep-2024,League of Legends,EU,3479019,1728843,291,47,7502556,446786,182569,20.69,4
Sep-2024,League of Legends,EU,3429491,1687546,288,49,6363048,427623,153650,18.65,1
Sep-2024,League of Legends,EU,3301600,1778637,310,49,6655628,525132,213788,24.16,4
Sep-2024,League of Legends,EU,3337286,1631209,287,56,5843929,348933,153593,15.6,2
Sep-2024,League of Legends,EU,3080648,1655699,304,47,5476572,440688,232556,7.42,0
Sep-2024,League of Legends,EU,3102665,1698050,305,40,6830579,355875,186055,21.09,4
Sep-2024,League of Legends,EU,3120850,1676262,266,46,6636462,416396,162407,24.87,3
Sep-2024,League of Legends,EU,3451276,1763991,297,46,7823309,363868,195361,16.4,3
Sep-2024,League of Legends,Asia,3402215,1756493,262,54,6019216,343563,208418,19.68,5
Sep-2024,League of Legends,Asia,3480828,1714743,298,45,8278001,489687,158222,17.28,1
Sep-2024,League of Legends,Asia,3595576,1694380,286,45,8242408,375576,240567,5.32,0
Sep-2024,League of Legends,Asia,2997721,1764806,284,47,7451090,229463,170527,19.16,4
Sep-2024,League of Legends,Asia,3304231,1713543,289,49,5766889,356142,236502,23.01,0
Sep-2024,League of Legends,Asia,2906766,1794525,287,50,7025003,247336,102413,6.22,0
Sep-2024,League of Legends,Asia,3334107,1742173,312,48,5137896,340830,138210,16.72,0
Sep-2024,League of Legends,Asia,3065707,1659846,275,54,4997346,234231,131986,10.85,4
Sep-2024,League of Legends,Asia,3025240,1754675,266,52,6828464,247557,150238,6.44,3
Sep-2024,League of Legends,Asia,3434694,1791681,268,52,6691623,392894,195952,7.57,0
Sep-2024,League of Legends,Asia,3241563,1744459,270,51,7880711,408238,133793,23.87,4
Sep-2024,League of Legends,Asia,3003462,1813732,256,46,5869731,354325,178419,16.74,0
Sep-2024,League of Legends,Asia,3373945,1632606,306,44,6551679,344528,176349,12.9,1
Sep-2024,League of Legends,Asia,3362627,1640815,296,48,7839675,374219,227134,17.34,3
Sep-2024,League of Legends,Asia,3282657,1717630,292,52,5065922,299736,143624,6.52,3
Sep-2024,League of Legends,Asia,3214580,1655832,301,50,5037733,416641,172048,20.59,0
Sep-2024,League of Legends,Asia,3199030,1743941,294,51,7154190,327589,162706,20.77,4
Sep-2024,League of Legends,Asia,3204576,1753879,290,49,7565166,280864,135015,19.2,5
Sep-2024,League of Legends,Asia,3322594,1770928,316,50,5731543,345479,150710,22.06,5
Sep-2024,League of Legends,Asia,3263618,1636407,274,50,5344742,378591,143206,19.52,1
Sep-2024,League of Legends,South America,3374196,1875302,265,51,7155831,437672,156092,18.18,4
Sep-2024,League of Legends,South America,3068058,1749296,280,45,6476046,277045,198214,8.51,0
Sep-2024,League of Legends,South America,3641773,1634110,269,48,5678787,227066,122920,10.6,4
Sep-2024,League of Legends,South America,3560411,1846425,317,48,7389554,353924,190891,8.67,0
Sep-2024,League of Legends,South America,3224322,1663477,296,48,5867192,350138,176450,19.68,0
Sep-2024,League of Legends,South America,3142572,1798189,300,49,6958701,399678,150642,5.3,2
Sep-2024,League of Legends,South America,3379775,1676503,279,48,5929357,365716,186915,17.0,0
Sep-2024,League of Legends,South America,3103380,1795310,304,46,5467832,212539,149657,7.14,2
Sep-2024,League of Legends,South America,3313403,1839147,308,47,5068774,311003,94684,23.96,2
Sep-2024,League of Legends,South America,3159387,1794116,269,44,6284126,258643,165968,24.53,4
Sep-2024,League of Legends,South America,3338956,1638527,282,48,7565405,265559,184207,15.99,5
Sep-2024,League of Legends,South America,3403355,1647397,279,54,7478427,453011,174075,17.12,3
Sep-2024,League of Legends,South America,3418556,1758478,307,50,6626770,344392,90201,7.3,5
Sep-2024,League of Legends,South America,3226679,1625878,281,49,6004035,320953,135491,18.09,5
Sep-2024,League of Legends,South America,3297668,1699242,273,49,5252905,420467,220617,24.3,2
Sep-2024,League of Legends,South America,3375381,1848447,286,51,6474599,432173,200291,22.69,1
Sep-2024,League of Legends,South America,3344560,1816971,311,50,5512407,305108,123270,11.23,4
Sep-2024,League of Legends,South America,3355895,1826866,288,51,7118296,269948,243316,23.89,0
Sep-2024,League of Legends,South America,3413703,1790683,305,54,6866793,295762,205731,23.37,3
Sep-2024,League of Legends,South America,3212198,1639359,281,52,5000772,264999,164362,13.19,3
Sep-2024,League of Legends,Africa,3211369,1783676,296,51,5181838,343315,152783,13.89,2
Sep-2024,League of Legends,Africa,3020460,1931131,279,48,5344511,275384,166889,15.51,3
Sep-2024,League of Legends,Africa,3063824,1785151,271,49,5542316,292705,187487,23.12,2
Sep-2024,League of Legends,Africa,3127800,1769486,261,45,7477153,354584,167726,5.44,2
Sep-2024,League of Legends,Africa,3442929,1718399,278,50,5525387,367937,154100,13.0,0
Sep-2024,League of Legends,Africa,3101864,1742168,288,51,5529888,345337,170362,10.12,3
Sep-2024,League of Legends,Africa,3530125,1650374,271,48,7392749,259793,78799,8.84,5
Sep-2024,League of Legends,Africa,3278326,1629827,297,50,8048130,316816,154695,5.2,1
Sep-2024,League of Legends,Africa,3328538,1720704,296,51,7660794,449402,186479,12.21,5
Sep-2024,League of Legends,Africa,3005914,1812304,264,52,6292737,284690,174129,23.12,5
Sep-2024,League of Legends,Africa,3177440,1692603,307,47,7934590,311388,118196,17.94,3
Sep-2024,League of Legends,Africa,3100973,1737519,314,49,7398008,299850,138640,5.76,3
Sep-2024,League of Legends,Africa,3297466,1714948,278,48,7119047,246605,178753,20.63,1
Sep-2024,League of Legends,Africa,3278754,1600530,278,49,5121412,376090,188740,8.54,1
Sep-2024,League of Legends,Africa,3004105,1771717,295,48,5718215,325818,168069,17.93,3
Sep-2024,League of Legends,Africa,3375373,1691010,288,51,8218812,358167,144769,24.45,1
Sep-2024,League of Legends,Africa,3453168,1787512,293,49,7594482,331965,141689,7.11,0
Sep-2024,League of Legends,Africa,3422879,1847392,280,52,7923230,310434,209938,6.03,1
Sep-2024,League of Legends,Africa,3610564,1778182,285,48,8623187,335478,170536,12.5,0
Sep-2024,League of Legends,Africa,3211882,1783592,290,49,6335428,347567,230223,7.65,5
Sep-2024,League of Legends,Oceania,3357319,1732624,286,53,6995657,333008,155503,8.03,0
Sep-2024,League of Legends,Oceania,3518313,1820919,288,49,8746294,348395,107007,23.31,1
Sep-2024,League of Legends,Oceania,3259830,1701827,281,50,5378060,388509,153653,13.23,1
Sep-2024,League of Legends,Oceania,3239182,1756803,301,41,5100426,296608,103959,5.38,4
Sep-2024,League of Legends,Oceania,3254907,1752118,275,55,6665395,397273,213116,11.0,4
Sep-2024,League of Legends,Oceania,3190872,1822850,312,50,6435188,243894,136276,7.6,5
Sep-2024,League of Legends,Oceania,3080204,1813110,262,46,5126697,336510,175082,8.18,2
Sep-2024,League of Legends,Oceania,3382113,1756900,272,46,5562710,254069,168848,11.54,2
Sep-2024,League of Legends,Oceania,3277781,1677912,278,53,5193824,322807,156387,20.43,1
Sep-2024,League of Legends,Oceania,3527700,1778329,301,46,8715044,505160,177468,16.79,3
Sep-2024,League of Legends,Oceania,3297598,1715772,264,48,6259535,344926,169884,11.92,5
Sep-2024,League of Legends,Oceania,3538116,1796468,301,49,5683719,299513,146127,22.75,3
Sep-2024,League of Legends,Oceania,3600655,1728671,287,50,8893813,366722,137062,16.17,2
Sep-2024,League of Legends,Oceania,3107113,1785248,303,50,7612345,327005,170065,21.96,4
Sep-2024,League of Legends,Oceania,3270630,1755030,259,50,6979379,186642,155982,24.64,2
Sep-2024,League of Legends,Oceania,3396844,1814462,290,48,7875266,314622,229045,22.09,4
Sep-2024,League of Legends,Oceania,3121784,1839813,310,47,5754993,385112,193661,9.74,2
Sep-2024,League of Legends,Oceania,3206391,1737120,323,46,5983100,365853,155320,9.01,3
Sep-2024,League of Legends,Oceania,3248422,1660728,297,55,7023747,379645,128772,14.58,5
Sep-2024,League of Legends,Oceania,3126074,1841826,317,49,5342698,290113,153865,16.62,5
Oct-2024,League of Legends,NA,3532252,1754362,277,47,7447944,385958,174015,10.53,0
Oct-2024,League of Legends,NA,3508217,1683178,303,54,7575151,344943,118182,7.4,4
Oct-2024,League of Legends,NA,3178003,1672980,273,47,5863673,350450,147693,18.47,5
Oct-2024,League of Legends,NA,3278026,1826519,286,51,6049944,233998,160882,17.12,5
Oct-2024,League of Legends,NA,3425465,1779016,295,50,8095774,287382,148517,10.02,4
Oct-2024,League of Legends,NA,3218187,1806696,279,53,5320964,236613,132739,18.24,3
Oct-2024,League of Legends,NA,3293020,1759873,278,46,8059982,313232,251175,21.04,3
Oct-2024,League of Legends,NA,3270082,1672425,268,49,6191132,253322,140435,8.56,2
Oct-2024,League of Legends,NA,3573345,1658724,261,52,5860796,584798,175353,9.6,1
Oct-2024,League of Legends,NA,3257727,1778426,300,50,7763557,275831,157419,6.71,1
Oct-2024,League of Legends,NA,3517214,1775769,300,49,7292075,402456,169480,6.83,3
Oct-2024,League of Legends,NA,3137931,1739140,288,47,7635801,285693,166464,11.23,4
Oct-2024,League of Legends,NA,3401910,1719607,288,49,8090199,263611,176533,14.11,3
Oct-2024,League of Legends,NA,3232953,1677630,290,56,5174328,286016,209615,8.54,2
Oct-2024,League of Legends,NA,3182277,1744350,287,53,7231517,336428,167053,16.97,4
Oct-2024,League of Legends,NA,3459135,1766418,254,51,7601511,451895,226100,19.44,3
Oct-2024,League of Legends,NA,3421376,1780464,313,53,7203878,488885,137465,15.58,4
Oct-2024,League of Legends,NA,3299844,1616939,276,49,7309723,235319,160208,19.0,4
Oct-2024,League of Legends,NA,3193203,1816197,274,46,5800712,236074,94725,11.53,4
Oct-2024,League of Legends,NA,3414010,1754161,289,51,6915183,309544,120324,17.47,2
Oct-2024,League of Legends,EU,3151567,1721292,289,49,5270347,321154,160666,13.99,2
Oct-2024,League of Legends,EU,3201302,1569741,270,56,7352728,382559,102061,7.94,2
Oct-2024,League of Legends,EU,3646106,1733612,281,50,8163656,474775,205290,7.72,5
Oct-2024,League of Legends,EU,3246246,1791525,274,48,7539941,430064,107932,18.62,3
Oct-2024,League of Legends,EU,3822296,1710279,297,51,9217750,420876,149322,14.84,0
Oct-2024,League of Legends,EU,3276921,1853331,294,49,5044928,449827,163969,19.45,2
Oct-2024,League of Legends,EU,3118503,1706641,310,56,5946551,367180,153307,6.22,1
Oct-2024,League of Legends,EU,2959853,1903682,285,52,7297028,322731,170599,17.94,0
Oct-2024,League of Legends,EU,3292925,1577522,280,46,4964520,299600,193313,21.94,0
Oct-2024,League of Legends,EU,3176502,1738129,270,44,7490753,406289,60518,23.89,0
Oct-2024,League of Legends,EU,3112297,1636388,298,50,6023910,285613,106935,19.8,4
Oct-2024,League of Legends,EU,3396171,1627421,259,48,6922162,271648,112237,5.7,3
Oct-2024,League of Legends,EU,3323531,1825190,244,52,5312088,152725,168932,13.39,3
Oct-2024,League of Legends,EU,3296228,1812414,301,50,5388070,323216,133422,8.78,2
Oct-2024,League of Legends,EU,3437637,1798489,300,52,6581438,370790,233417,12.07,0
Oct-2024,League of Legends,EU,3071024,1801471,267,48,6818436,392152,221217,13.09,3
Oct-2024,League of Legends,EU,3470792,1857182,264,51,5422237,316104,153127,12.69,4
Oct-2024,League of Legends,EU,3229419,1762005,263,51,6839878,399604,187761,9.18,1
Oct-2024,League of Legends,EU,3520846,1861334,264,55,8438694,311008,164121,17.87,2
Oct-2024,League of Legends,EU,3157300,1813022,317,54,6886564,291494,140665,12.92,1
Oct-2024,League of Legends,Asia,3438149,1784024,279,50,7007645,404898,178837,15.42,4
Oct-2024,League of Legends,Asia,3412436,1812352,290,50,5132368,316930,187352,8.7,0
Oct-2024,League of Legends,Asia,3165958,1732618,262,49,7181071,203323,160373,19.47,2
Oct-2024,League of Legends,Asia,3599665,1765810,305,52,5652332,328460,169180,24.77,0
Oct-2024,League of Legends,Asia,3266170,1571605,270,53,5891700,317251,179151,8.37,1
Oct-2024,League of Legends,Asia,3343739,1895398,273,48,6013345,400025,176609,18.25,5
Oct-2024,League of Legends,Asia,3192878,1637842,277,51,5821968,323535,188679,18.25,4
Oct-2024,League of Legends,Asia,3237653,1724392,280,52,5044406,328397,107279,19.27,3
Oct-2024,League of Legends,Asia,3119755,1663884,279,53,5805256,426183,104989,8.71,0
Oct-2024,League of Legends,Asia,3350617,1754499,279,49,6900992,348555,179820,23.99,3
Oct-2024,League of Legends,Asia,3110715,1962799,259,55,6883622,232400,118240,9.81,0
Oct-2024,League of Legends,Asia,3240779,1660573,300,51,5492488,409279,205327,6.63,3
Oct-2024,League of Legends,Asia,3256364,1593398,270,47,5682594,230120,201075,18.07,1
Oct-2024,League of Legends,Asia,3382425,1834099,286,47,7798780,342419,145491,9.18,4
Oct-2024,League of Legends,Asia,3199691,1681462,283,51,7820019,357269,196940,12.86,5
Oct-2024,League of Legends,Asia,3596893,1852949,304,48,7283379,366568,193773,20.93,2
Oct-2024,League of Legends,Asia,3324756,1693019,311,46,6109486,249802,154544,7.97,4
Oct-2024,League of Legends,Asia,3204626,1661676,287,49,5129616,279154,155710,18.9,4
Oct-2024,League of Legends,Asia,3350112,1849064,276,49,5102620,229199,148645,13.58,4
Oct-2024,League of Legends,Asia,3598518,1706220,294,49,6113734,425793,188233,13.42,1
Oct-2024,League of Legends,South America,3204065,1781133,289,48,5144046,314238,198204,15.03,0
Oct-2024,League of Legends,South America,3269438,1733819,291,49,5925936,268877,226526,17.1,1
Oct-2024,League of Legends,South America,3220325,1877969,293,53,5398239,317334,150827,12.26,5
Oct-2024,League of Legends,South America,3577220,1742053,291,48,8000945,366062,247075,24.71,5
Oct-2024,League of Legends,South America,3202314,1694108,286,44,6230243,312841,186016,21.42,1
Oct-2024,League of Legends,South America,3325412,1550664,295,45,6388718,291971,172055,22.86,1
Oct-2024,League of Legends,South America,3270579,1695175,303,46,5901652,389770,161501,11.35,1
Oct-2024,League of Legends,South America,3265504,1560215,270,51,7851741,289449,166791,24.01,4
Oct-2024,League of Legends,South America,3399498,1772891,300,49,7150924,345461,152753,16.15,1
Oct-2024,League of Legends,South America,3313191,1861987,275,49,8027138,236402,152706,9.14,0
Oct-2024,League of Legends,South America,3104216,1817956,286,54,6630114,352086,145213,20.44,3
Oct-2024,League of Legends,South America,3540220,1738221,276,52,8060881,375080,193247,19.77,2
Oct-2024,League of Legends,South America,3257969,1897418,281,51,7606613,335262,215966,10.16,3
Oct-2024,League of Legends,South America,3305114,1731947,276,47,5418389,301755,159972,11.75,3
Oct-2024,League of Legends,South America,3345525,1652666,294,52,6459542,315897,214690,5.98,5
Oct-2024,League of Legends,South America,3118003,1731633,291,55,7058694,224167,169193,18.83,1
Oct-2024,League of Legends,South America,3198408,1854222,297,53,7953132,378436,119764,12.27,0
Oct-2024,League of Legends,South America,3175214,1645878,277,51,5297328,288819,113160,18.6,5
Oct-2024,League of Legends,South America,3360169,1614972,286,52,5267429,278370,164155,15.0,0
Oct-2024,League of Legends,South America,3527629,1710293,306,50,7737041,278025,181688,10.56,2
Oct-2024,League of Legends,Africa,3289158,1801318,281,47,5926794,379872,169686,12.62,5
Oct-2024,League of Legends,Africa,3407856,1817771,262,50,5558165,377819,126010,7.7,5
Oct-2024,League of Legends,Africa,3475111,1916727,267,52,7382293,338641,227850,11.54,0
Oct-2024,League of Legends,Africa,3236079,1592469,271,46,6223693,408309,83893,7.91,5
Oct-2024,League of Legends,Africa,3214391,1936679,290,45,6961669,382221,219753,20.51,4
Oct-2024,League of Legends,Africa,3343731,1823644,304,58,6158278,327546,162356,5.89,1
Oct-2024,League of Legends,Africa,3151216,1844786,294,49,6633490,427233,164623,11.4,2
Oct-2024,League of Legends,Africa,3348776,1633916,296,49,7631909,383200,163413,21.25,4
Oct-2024,League of Legends,Africa,3186278,1785573,279,50,6395701,321329,168055,24.43,0
Oct-2024,League of Legends,Africa,3560831,1671458,300,50,5401494,386298,165790,13.73,1
Oct-2024,League of Legends,Africa,3053962,1791431,294,50,7024078,282696,117526,24.6,5
Oct-2024,League of Legends,Africa,3163583,1787346,284,48,7084162,289735,156109,10.89,3
Oct-2024,League of Legends,Africa,3250133,1847192,290,47,6445183,291648,144404,10.13,2
Oct-2024,League of Legends,Africa,3479392,1719383,285,48,7819949,319764,201286,8.42,0
Oct-2024,League of Legends,Africa,3314726,1777990,303,46,6673418,360627,168473,18.17,2
Oct-2024,League of Legends,Africa,3102351,1879642,264,50,5537676,211817,171250,22.73,1
Oct-2024,League of Legends,Africa,3179942,1740505,280,53,4945951,239563,151740,8.61,5
Oct-2024,League of Legends,Africa,3483838,1731656,289,47,6179471,336858,225061,23.74,4
Oct-2024,League of Legends,Africa,3342389,1825264,283,52,6970475,296405,140698,10.59,5
Oct-2024,League of Legends,Africa,2973084,1711355,281,47,4782767,258175,190682,16.84,5
Oct-2024,League of Legends,Oceania,3325441,1810556,305,49,6683039,516337,182515,11.13,5
Oct-2024,League of Legends,Oceania,3104044,1774037,273,47,5229887,316800,156798,17.37,2
Oct-2024,League of Legends,Oceania,3417930,1885712,319,50,7693881,273846,188940,20.24,2
Oct-2024,League of Legends,Oceania,3489327,1651571,307,48,7139281,311678,176040,11.02,1
Oct-2024,League of Legends,Oceania,3445318,1672555,280,50,5766256,306387,188627,8.75,5
Oct-2024,League of Legends,Oceania,3242783,1733459,276,46,5500077,364931,147110,23.38,0
Oct-2024,League of Legends,Oceania,3417231,1779606,272,47,5302173,312583,119451,18.48,5
Oct-2024,League of Legends,Oceania,3214826,1758170,297,53,5162807,232740,195098,21.22,4
Oct-2024,League of Legends,Oceania,3204099,1744713,279,51,7424014,353081,155394,24.49,5
Oct-2024,League of Legends,Oceania,3122729,1653782,308,51,5954065,320977,158203,9.84,0
Oct-2024,League of Legends,Oceania,3247747,1637308,283,51,7235062,282792,132606,21.46,3
Oct-2024,League of Legends,Oceania,3281140,1778390,279,46,6145226,185856,141648,12.02,0
Oct-2024,League of Legends,Oceania,3441881,1697233,289,50,7045766,263531,98959,20.42,0
Oct-2024,League of Legends,Oceania,3295849,1807772,282,46,8041766,469290,150918,6.74,0
Oct-2024,League of Legends,Oceania,2980079,1808955,265,50,6972910,312071,182674,22.25,2
Oct-2024,League of Legends,Oceania,3288137,1685253,297,54,7800421,357748,170035,18.53,5
Oct-2024,League of Legends,Oceania,3282942,1675752,296,46,6931965,422447,128832,15.03,2
Oct-2024,League of Legends,Oceania,3682463,1857208,304,52,7262150,301800,252903,10.68,0
Oct-2024,League of Legends,Oceania,3447557,1632073,277,42,8381535,356065,197514,12.54,5
Oct-2024,League of Legends,Oceania,3390120,1800212,269,51,5630065,408575,168522,13.73,2
Nov-2024,League of Legends,NA,3341962,1695339,298,49,6501961,382871,170332,24.93,0
Nov-2024,League of Legends,NA,3296301,1699701,304,48,5306510,331645,157953,14.12,0
Nov-2024,League of Legends,NA,3294091,1813811,322,46,7728797,208886,200050,14.51,3
Nov-2024,League of Legends,NA,3227777,1701846,286,45,6534522,318204,128183,7.71,3
Nov-2024,League of Legends,NA,3323861,1848275,289,45,7649602,343361,171851,11.39,1
Nov-2024,League of Legends,NA,3288115,1645751,303,43,5584294,412846,175191,13.76,1
Nov-2024,League of Legends,NA,3422413,1641763,298,45,5682334,417894,176553,15.42,3
Nov-2024,League of Legends,NA,3175393,1817141,267,51,6624468,460984,186967,12.78,4
Nov-2024,League of Legends,NA,3457319,1663481,284,53,6478004,324698,175735,8.24,3
Nov-2024,League of Legends,NA,3332384,1677311,297,45,5735643,348004,130547,21.4,4
Nov-2024,League of Legends,NA,3291599,1937832,278,49,5219074,394249,117433,9.93,3
Nov-2024,League of Legends,NA,3158315,1814842,301,51,7797220,352654,181569,15.71,3
Nov-2024,League of Legends,NA,3252891,1697221,290,54,4995581,428900,215243,8.8,5
Nov-2024,League of Legends,NA,3443764,1635849,274,54,5793490,524440,230266,14.07,0
Nov-2024,League of Legends,NA,3368944,1730342,291,53,8240214,427615,153288,6.22,3
Nov-2024,League of Legends,NA,3261650,1804211,245,45,6358848,238579,221034,18.61,1
Nov-2024,League of Legends,NA,3340398,1736765,287,46,5968219,276073,177730,7.54,4
Nov-2024,League of Legends,NA,3313164,1626120,297,48,7202971,289342,202026,9.72,0
Nov-2024,League of Legends,NA,3252572,1700295,271,52,6876808,332886,204814,5.93,3
Nov-2024,League of Legends,NA,2764273,1740156,337,48,6505061,277839,178792,13.74,2
Nov-2024,League of Legends,EU,3127791,1904104,296,56,6871588,280944,146727,5.21,2
Nov-2024,League of Legends,EU,3175584,1792113,289,51,4946382,308964,168073,5.92,0
Nov-2024,League of Legends,EU,3397126,1774999,314,50,6569769,268247,132642,7.14,3
Nov-2024,League of Legends,EU,3234815,1732847,263,45,6266237,349247,172084,23.14,1
Nov-2024,League of Legends,EU,3263293,1667958,298,54,6484075,309479,177536,10.58,2
Nov-2024,League of Legends,EU,3418266,1814344,281,52,6359940,460905,111171,6.65,4
Nov-2024,League of Legends,EU,3345364,1576675,290,50,6256808,317015,211473,11.3,2
Nov-2024,League of Legends,EU,3354971,1578569,298,50,5081177,333707,150884,19.15,3
Nov-2024,League of Legends,EU,3473808,1770588,283,51,6693328,362576,174447,23.79,2
Nov-2024,League of Legends,EU,3793221,1677125,276,54,5696694,386060,225470,11.28,1
Nov-2024,League of Legends,EU,3334848,1814204,271,51,5560994,309306,160975,24.2,0
Nov-2024,League of Legends,EU,3264065,1869067,284,48,5372020,280924,209576,9.51,4
Nov-2024,League of Legends,EU,3110031,1809370,308,50,6424068,218259,192825,20.02,4
Nov-2024,League of Legends,EU,3580094,1734164,288,49,6123179,358325,119894,8.38,2
Nov-2024,League of Legends,EU,3236522,1980359,312,45,6786969,353780,144742,6.27,1
Nov-2024,League of Legends,EU,3257385,1660882,292,49,7082584,377749,128178,23.35,4
Nov-2024,League of Legends,EU,3428355,1729514,262,51,5651013,383693,159358,9.7,4
Nov-2024,League of Legends,EU,3241923,1984932,295,53,6299667,250784,177192,10.9,2
Nov-2024,League of Legends,EU,3482355,1800954,293,49,5278283,384876,148018,6.96,4
Nov-2024,League of Legends,EU,3343211,1591129,309,47,6289059,225243,78390,15.84,2
Nov-2024,League of Legends,Asia,3361159,1882790,308,48,5838430,459569,167095,8.78,1
Nov-2024,League of Legends,Asia,3213552,1836386,295,48,5758450,406573,154928,7.34,0
Nov-2024,League of Legends,Asia,3250548,1786427,288,55,7388837,262251,151154,16.14,1
Nov-2024,League of Legends,Asia,3400129,1744383,272,47,5442724,520792,146698,22.91,0
Nov-2024,League of Legends,Asia,3157907,1800201,272,52,7561719,282212,213480,16.6,0
Nov-2024,League of Legends,Asia,3230793,1641093,271,51,7462983,301880,149641,9.54,3
Nov-2024,League of Legends,Asia,3461849,1689633,266,47,8170510,344453,189374,24.3,5
Nov-2024,League of Legends,Asia,3360719,1685055,291,49,6157917,266435,127796,8.8,1
Nov-2024,League of Legends,Asia,3234488,1605186,295,50,7086243,366622,221125,13.59,3
Nov-2024,League of Legends,Asia,3168596,1789571,309,46,7901682,295825,88547,16.87,1
Nov-2024,League of Legends,Asia,3231004,1826803,285,48,7848923,487570,131739,9.9,4
Nov-2024,League of Legends,Asia,3266897,1859625,276,43,6315972,307309,193837,12.89,0
Nov-2024,League of Legends,Asia,3600757,1759945,288,52,7511665,329802,228404,7.54,4
Nov-2024,League of Legends,Asia,3344363,1797785,286,45,8045416,286307,190086,24.35,1
Nov-2024,League of Legends,Asia,3291733,1669778,308,45,6472307,362569,135475,23.71,3
Nov-2024,League of Legends,Asia,3550769,1692675,312,51,6560979,255545,147144,16.46,5
Nov-2024,League of Legends,Asia,3388915,1770148,271,50,8062396,288130,102637,10.95,5
Nov-2024,League of Legends,Asia,3103190,1726843,296,54,7281182,243681,178213,23.16,3
Nov-2024,League of Legends,Asia,3765666,1620183,247,51,8166396,268362,187936,11.12,3
Nov-2024,League of Legends,Asia,3128748,1809131,282,51,6246415,314243,193602,11.43,3
Nov-2024,League of Legends,South America,3492697,1696477,286,49,7777206,405572,106496,17.06,5
Nov-2024,League of Legends,South America,3327846,1685440,271,53,5346228,274988,227840,16.91,1
Nov-2024,League of Legends,South America,3268916,1770854,299,48,7722290,419477,167008,12.44,0
Nov-2024,League of Legends,South America,3470508,1778648,297,43,7453580,413827,165178,18.11,4
Nov-2024,League of Legends,South America,3521555,1649337,317,50,5373047,260953,172467,20.57,2
Nov-2024,League of Legends,South America,3523942,1615265,293,49,5753375,469430,127236,13.3,2
Nov-2024,League of Legends,South America,3468045,1735388,278,42,6615452,331075,233923,21.17,2
Nov-2024,League of Legends,South America,3029786,1686322,288,53,5999985,261514,183369,18.72,1
Nov-2024,League of Legends,South America,3107664,1879874,287,46,5338836,331734,155759,6.82,3
Nov-2024,League of Legends,South America,3220240,1580784,288,51,7584902,354901,186508,15.81,5
Nov-2024,League of Legends,South America,3391651,1666338,278,52,5772876,259811,161317,17.8,4
Nov-2024,League of Legends,South America,3374888,1644669,282,51,7919791,337105,152860,18.38,0
Nov-2024,League of Legends,South America,3551018,1604655,280,49,5519586,354339,154766,18.9,3
Nov-2024,League of Legends,South America,3499641,1841882,300,49,5767462,381756,146640,20.25,4
Nov-2024,League of Legends,South America,2999147,1727165,296,52,6899850,314370,146206,11.24,2
Nov-2024,League of Legends,South America,3450860,1751063,304,45,6303954,314608,180136,9.77,5
Nov-2024,League of Legends,South America,3305270,1757607,267,53,5065388,299256,148820,13.89,3
Nov-2024,League of Legends,South America,3292919,1797968,296,47,6721341,300173,180524,16.16,1
Nov-2024,League of Legends,South America,3398396,1892244,293,56,6781593,353767,193514,19.52,2
Nov-2024,League of Legends,South America,3392929,1744854,290,51,7166546,326917,184813,8.35,5
Nov-2024,League of Legends,Africa,3471884,1833949,300,46,7426534,272916,138530,13.23,0
Nov-2024,League of Legends,Africa,3256749,1737082,283,52,5938515,328916,114717,18.37,5
Nov-2024,League of Legends,Africa,3242122,1807831,290,48,7861497,253760,166965,23.08,5
Nov-2024,League of Legends,Africa,3399055,1837125,250,46,5905370,416937,210668,14.43,4
Nov-2024,League of Legends,Africa,3226828,1686152,291,47,6878451,231363,195465,15.46,4
Nov-2024,League of Legends,Africa,3293189,1538179,254,54,6994905,365182,154332,23.19,4
Nov-2024,League of Legends,Africa,3301104,1774000,265,51,6139937,297657,131995,16.81,2
Nov-2024,League of Legends,Africa,3400643,1677933,275,48,7198262,349181,220690,19.77,4
Nov-2024,League of Legends,Africa,3180834,1758683,289,48,6174140,259262,181102,12.95,5
Nov-2024,League of Legends,Africa,2970358,1743609,303,49,6706907,312507,159556,18.0,0
Nov-2024,League of Legends,Africa,3076217,1731321,296,50,6507884,429978,223899,21.36,5
Nov-2024,League of Legends,Africa,3256947,1712810,294,51,5807709,416729,122177,16.41,0
Nov-2024,League of Legends,Africa,3376921,1778097,293,50,6121572,157371,190082,22.46,1
Nov-2024,League of Legends,Africa,3671408,1880674,287,50,5976459,339104,168216,8.21,3
Nov-2024,League of Legends,Africa,3376856,1758280,272,54,6522302,330349,132495,15.36,3
Nov-2024,League of Legends,Africa,3126743,1763979,284,48,7446154,340384,148469,10.53,4
Nov-2024,League of Legends,Africa,3374543,1675622,281,53,7365993,420761,171543,23.76,0
Nov-2024,League of Legends,Africa,3162740,1828040,255,52,6530892,361666,161648,9.02,3
Nov-2024,League of Legends,Africa,3226030,1616434,299,53,4951476,368189,159721,10.05,1
Nov-2024,League of Legends,Africa,3109477,1733947,280,47,6579138,351135,154632,18.38,5
Nov-2024,League of Legends,Oceania,3528720,1785751,297,47,8430187,407970,168705,12.46,4
Nov-2024,League of Legends,Oceania,3400930,1792919,269,43,7310951,318894,149082,20.82,1
Nov-2024,League of Legends,Oceania,3293103,1899564,280,50,6006490,266601,142423,24.2,4
Nov-2024,League of Legends,Oceania,3557480,1722857,263,50,5803030,346558,205027,19.7,5
Nov-2024,League of Legends,Oceania,3056648,1808213,300,49,7339449,291671,206076,14.81,1
Nov-2024,League of Legends,Oceania,3263459,1701972,275,52,6495875,288278,119884,24.68,0
Nov-2024,League of Legends,Oceania,3511411,1588503,296,56,6034237,422138,195899,22.58,0
Nov-2024,League of Legends,Oceania,3354801,1775517,293,51,6751687,202076,184606,7.06,5
Nov-2024,League of Legends,Oceania,3292477,1754811,278,52,6758235,412372,179285,6.28,4
Nov-2024,League of Legends,Oceania,3337357,1840659,297,50,6335721,404176,227044,6.84,0
Nov-2024,League of Legends,Oceania,3409460,1745173,290,50,6112458,418953,181926,20.03,0
Nov-2024,League of Legends,Oceania,3267211,1620736,306,54,7903729,393394,212726,7.76,3
Nov-2024,League of Legends,Oceania,3349440,1864377,322,54,5333895,334068,132917,24.08,3
Nov-2024,League of Legends,Oceania,3359608,1791423,275,51,6161823,356119,204137,12.05,1
Nov-2024,League of Legends,Oceania,3429267,1791634,303,44,6512954,428209,191325,12.03,1
Nov-2024,League of Legends,Oceania,3411803,1869887,272,49,5725669,332148,134411,11.98,1
Nov-2024,League of Legends,Oceania,3528900,1680397,298,52,7812295,295689,142340,7.9,0
Nov-2024,League of Legends,Oceania,3160098,1792852,289,50,5396605,329317,127877,6.87,1
Nov-2024,League of Legends,Oceania,3061042,1773497,304,44,6788147,286190,172007,9.77,3
Nov-2024,League of Legends,Oceania,3313484,1869851,255,53,5812612,408007,110612,16.02,1
Dec-2024,League of Legends,NA,3017972,1575035,285,52,7333230,223813,187885,6.23,4
Dec-2024,League of Legends,NA,3185719,1808017,299,50,5427285,312022,157543,24.48,5
Dec-2024,League of Legends,NA,3501984,1640220,271,48,5739209,375629,174793,8.27,1
Dec-2024,League of Legends,NA,3353901,1788524,299,49,5780104,334232,160766,5.35,4
Dec-2024,League of Legends,NA,3437770,1692977,290,48,6939543,394596,150577,21.84,0
Dec-2024,League of Legends,NA,3316689,1745171,292,52,6497244,388382,194993,19.81,5
Dec-2024,League of Legends,NA,3018119,1765966,282,47,5898782,396324,164255,5.27,1
Dec-2024,League of Legends,NA,3415266,1792572,278,49,8211551,336670,168990,10.55,4
Dec-2024,League of Legends,NA,3319971,1882093,288,50,5780913,387013,179079,13.33,0
Dec-2024,League of Legends,NA,3518347,1692570,303,53,7990945,288008,129233,17.62,1
Dec-2024,League of Legends,NA,3196945,1830629,303,46,7834063,418447,133102,16.77,4
Dec-2024,League of Legends,NA,3214310,1628268,308,54,6499865,372448,226272,12.35,5
Dec-2024,League of Legends,NA,3294079,1673697,273,56,6287832,313889,117325,5.16,0
Dec-2024,League of Legends,NA,3452105,1680845,276,47,5234632,295816,157226,14.31,4
Dec-2024,League of Legends,NA,3434131,1772839,275,52,7550038,385364,114707,19.47,3
Dec-2024,League of Legends,NA,3176551,1751165,266,48,6041198,257921,119502,5.8,3
Dec-2024,League of Legends,NA,3385411,1773496,288,48,6509365,357835,157587,14.29,0
Dec-2024,League of Legends,NA,3447388,1778739,286,46,6248715,236253,198130,12.74,3
Dec-2024,League of Legends,NA,3593290,1835071,284,46,6899406,388285,182752,17.17,4
Dec-2024,League of Legends,NA,3090300,1686871,299,48,4941560,433535,158720,13.02,4
Dec-2024,League of Legends,EU,3193999,1761051,273,50,4796652,285146,110673,11.5,4
Dec-2024,League of Legends,EU,3583900,1789965,289,48,8308884,441426,153075,19.38,4
Dec-2024,League of Legends,EU,3358715,1955338,294,47,7071108,369989,197842,23.34,5
Dec-2024,League of Legends,EU,3073658,1759959,292,47,6797427,309144,115891,23.15,2
Dec-2024,League of Legends,EU,3024609,1781721,276,47,5316724,199847,130244,15.03,4
Dec-2024,League of Legends,EU,3388110,1664784,291,53,5654907,237828,189132,9.99,4
Dec-2024,League of Legends,EU,3233873,1789557,269,49,6133387,297992,159627,13.76,3
Dec-2024,League of Legends,EU,3279571,1746607,298,49,7541456,304514,158461,23.65,0
Dec-2024,League of Legends,EU,3399363,1587332,288,50,7570224,276096,159543,8.41,3
Dec-2024,League of Legends,EU,3304157,1786328,300,50,5827108,333221,217789,7.06,1
Dec-2024,League of Legends,EU,3288366,1831948,296,53,5143704,307595,209542,14.52,1
Dec-2024,League of Legends,EU,3293147,1580252,275,44,6937823,282166,154849,12.46,2
Dec-2024,League of Legends,EU,3048764,1801367,284,47,5162089,289071,185348,22.44,3
Dec-2024,League of Legends,EU,3289429,1801964,303,48,8221249,428167,207948,16.2,4
Dec-2024,League of Legends,EU,3402150,1748693,302,52,7358712,348806,119456,9.92,3
Dec-2024,League of Legends,EU,3110174,1822117,287,54,6717049,371144,144649,17.14,0
Dec-2024,League of Legends,EU,3235306,1798590,289,49,7282311,235360,165695,23.39,5
Dec-2024,League of Legends,EU,3555944,1707767,288,49,7074169,300380,106100,21.52,0
Dec-2024,League of Legends,EU,3359688,1759248,299,46,5761956,343641,158653,13.94,5
Dec-2024,League of Legends,EU,3616481,1462432,266,51,7499311,364865,218228,5.8,5
Dec-2024,League of Legends,Asia,3439850,1655684,296,50,7505607,372604,150270,21.35,2
Dec-2024,League of Legends,Asia,3803456,1826731,254,47,9058409,417223,171184,13.18,3
Dec-2024,League of Legends,Asia,3515971,1695179,275,49,6560126,333704,145794,5.73,2
Dec-2024,League of Legends,Asia,3170943,1747131,314,49,4914716,378720,154585,20.94,1
Dec-2024,League of Legends,Asia,3404865,1805129,271,51,6074414,329899,134443,22.74,5
Dec-2024,League of Legends,Asia,3395829,1855929,248,49,7276629,436522,169051,8.55,1
Dec-2024,League of Legends,Asia,3440762,1789714,278,52,6687215,478948,155324,11.18,5
Dec-2024,League of Legends,Asia,3458975,1672400,252,47,5354354,282364,167635,12.03,5
Dec-2024,League of Legends,Asia,3451855,1793344,299,46,8079183,317221,200806,10.32,1
Dec-2024,League of Legends,Asia,3242358,1826253,290,53,5202362,481738,136327,8.47,2
Dec-2024,League of Legends,Asia,3244699,1923226,256,51,6032482,308108,167268,18.47,1
Dec-2024,League of Legends,Asia,3052069,1783498,294,48,4710412,292394,178930,17.22,5
Dec-2024,League of Legends,Asia,3299719,1682918,287,52,5882365,238956,198322,6.47,3
Dec-2024,League of Legends,Asia,3130311,1823893,280,48,6911207,339327,128589,12.0,3
Dec-2024,League of Legends,Asia,3219063,1815356,275,53,4935518,303217,190319,6.71,0
Dec-2024,League of Legends,Asia,3176991,1758077,296,49,7240810,411880,166436,23.37,5
Dec-2024,League of Legends,Asia,3879668,1721503,284,49,9610799,413647,218759,19.35,1
Dec-2024,League of Legends,Asia,3279386,1809237,281,49,7915994,315029,132102,22.08,1
Dec-2024,League of Legends,Asia,3296718,1527305,302,48,7437258,178632,144924,10.45,3
Dec-2024,League of Legends,Asia,3157031,1831841,297,51,5008329,290616,123626,13.74,0
Dec-2024,League of Legends,South America,3318074,1732624,296,51,7408984,446231,138435,16.28,1
Dec-2024,League of Legends,South America,3479314,1592301,315,49,5814529,280273,162727,14.59,1
Dec-2024,League of Legends,South America,3250125,1927077,264,46,5533885,303278,192446,11.77,4
Dec-2024,League of Legends,South America,3144883,1712829,278,46,5171274,363027,147570,16.46,1
Dec-2024,League of Legends,South America,3327416,1807954,288,50,7045770,195810,169524,15.65,5
Dec-2024,League of Legends,South America,3357416,1691680,304,47,6188388,271978,161759,11.08,4
Dec-2024,League of Legends,South America,3426535,1662336,313,48,5712950,352674,234267,5.55,3
Dec-2024,League of Legends,South America,3240678,1670373,308,50,7341581,297791,140313,21.61,0
Dec-2024,League of Legends,South America,3313492,1842798,297,47,6902053,372635,181610,24.56,4
Dec-2024,League of Legends,South America,3490722,1818371,263,50,7265775,321010,172743,8.12,0
Dec-2024,League of Legends,South America,3273644,1632155,292,51,5142984,345236,169951,24.19,0
Dec-2024,League of Legends,South America,3575563,1619779,299,50,5684468,306652,185749,5.26,3
Dec-2024,League of Legends,South America,3078105,1885925,262,48,7610349,203802,121328,22.13,3
Dec-2024,League of Legends,South America,3471573,1711492,296,51,7434511,316942,171676,16.46,5
Dec-2024,League of Legends,South America,2974723,1741969,268,51,4614725,303368,128194,15.79,2
Dec-2024,League of Legends,South America,3402357,1735944,263,51,5351691,475969,185572,14.09,1
Dec-2024,League of Legends,South America,3442640,1674491,299,50,8424212,342398,155918,9.34,0
Dec-2024,League of Legends,South America,3185003,1718210,288,48,4854228,351887,134697,17.84,4
Dec-2024,League of Legends,South America,3516321,1783320,269,50,6263573,275068,139942,13.89,2
Dec-2024,League of Legends,South America,3283666,1792580,286,58,5008902,490203,257287,10.78,0
Dec-2024,League of Legends,Africa,3498444,1547496,280,51,7768304,496768,154784,20.06,0
Dec-2024,League of Legends,Africa,3202268,1868833,294,46,6763603,380830,184091,14.17,0
Dec-2024,League of Legends,Africa,3435823,1776144,319,47,6455308,444243,214454,13.73,1
Dec-2024,League of Legends,Africa,3202213,1800858,301,52,7637049,310784,118847,8.32,3
Dec-2024,League of Legends,Africa,3456203,1837728,291,50,7372485,362959,142803,14.24,3
Dec-2024,League of Legends,Africa,3183833,1642368,269,47,7159838,329511,195369,15.03,0
Dec-2024,League of Legends,Africa,3235495,1839710,323,50,5465915,387985,144411,5.31,2
Dec-2024,League of Legends,Africa,3381271,1828582,268,52,8215088,364790,233557,8.16,5
Dec-2024,League of Legends,Africa,3214384,1868896,305,50,6620931,305254,181199,17.5,2
Dec-2024,League of Legends,Africa,3404020,1660256,266,44,6061717,230045,140414,7.72,1
Dec-2024,League of Legends,Africa,3158910,1733828,283,53,5165614,338054,196685,13.48,5
Dec-2024,League of Legends,Africa,3596979,1813379,269,51,7360687,376274,178856,9.49,2
Dec-2024,League of Legends,Africa,3331628,1739671,285,55,8196205,311852,159830,8.68,2
Dec-2024,League of Legends,Africa,3581265,1784090,268,57,8084978,273331,207263,24.04,4
Dec-2024,League of Legends,Africa,3578446,1946708,301,43,5520541,291869,102829,10.57,0
Dec-2024,League of Legends,Africa,3064245,1706569,267,52,5595508,367563,145566,19.97,1
Dec-2024,League of Legends,Africa,3244577,1749600,270,51,5934989,232806,127704,14.11,2
Dec-2024,League of Legends,Africa,3177802,1738405,287,49,7931059,341698,188930,12.06,2
Dec-2024,League of Legends,Africa,3409007,1764136,303,49,5961023,484033,123289,15.22,2
Dec-2024,League of Legends,Africa,3340444,1576004,271,48,6693651,442588,203539,22.86,5
Dec-2024,League of Legends,Oceania,3262852,1824449,299,55,7982880,366569,217149,5.89,5
Dec-2024,League of Legends,Oceania,3325794,1728707,283,52,7253523,326916,170016,13.63,5
Dec-2024,League of Legends,Oceania,3279635,1691360,307,49,7469337,357936,161831,24.98,4
Dec-2024,League of Legends,Oceania,3034032,1726519,261,54,6441386,318343,156959,16.99,3
Dec-2024,League of Legends,Oceania,3343940,1765880,292,46,5429801,377122,150901,23.03,2
Dec-2024,League of Legends,Oceania,3238484,1711293,298,49,7139153,223265,112901,9.23,2
Dec-2024,League of Legends,Oceania,3603689,1695026,295,50,7307698,295018,150369,21.08,1
Dec-2024,League of Legends,Oceania,3303163,1646862,311,46,7293765,315145,217834,15.18,1
Dec-2024,League of Legends,Oceania,3513219,1801542,305,49,7122693,297698,192296,11.35,0
Dec-2024,League of Legends,Oceania,3089850,1658551,252,50,6963181,309041,199619,11.9,5
Dec-2024,League of Legends,Oceania,3102716,1715982,279,50,4699198,247935,158140,16.17,5
Dec-2024,League of Legends,Oceania,3373960,1815303,310,47,8172782,260240,150374,21.43,2
Dec-2024,League of Legends,Oceania,3393165,1697377,260,48,5756904,300964,115440,6.15,0
Dec-2024,League of Legends,Oceania,3061993,1635808,295,47,4782120,321497,166578,14.13,5
Dec-2024,League of Legends,Oceania,3450554,1639950,296,50,6765107,368153,189025,11.75,4
Dec-2024,League of Legends,Oceania,3578405,1677132,282,49,8631777,311971,188382,10.38,2
Dec-2024,League of Legends,Oceania,3557484,1742887,283,49,8492029,212820,208902,8.61,3
Dec-2024,League of Legends,Oceania,3447237,1639709,280,49,7764804,296695,227773,10.08,4
Dec-2024,League of Legends,Oceania,3296177,1672015,277,52,6056839,285693,200760,24.91,5
Dec-2024,League of Legends,Oceania,3266007,1903131,297,46,5505304,344858,105778,11.47,2
Jan-2024,Valorant,NA,4267862,2196725,306,49,10084086,531826,162925,5.66,2
Jan-2024,Valorant,NA,4437638,2096789,294,54,6807873,562389,263752,18.57,5
Jan-2024,Valorant,NA,4323517,2036605,295,50,7755723,276065,213284,19.3,3
Jan-2024,Valorant,NA,4147740,2089821,297,47,10295711,417915,194735,18.91,3
Jan-2024,Valorant,NA,3940403,2154716,297,47,8466422,423279,176527,12.72,4
Jan-2024,Valorant,NA,4018801,2131926,286,54,9905063,430135,174710,11.27,5
Jan-2024,Valorant,NA,3799077,2084603,320,52,8373191,450716,195980,22.27,4
Jan-2024,Valorant,NA,4451428,2028366,308,51,11126293,306028,325949,23.31,2
Jan-2024,Valorant,NA,4425290,2117890,277,50,9635941,365545,189963,8.47,5
Jan-2024,Valorant,NA,4006043,2083527,329,54,9415804,349433,275779,10.91,2
Jan-2024,Valorant,NA,4338902,2078799,316,48,6631525,532318,245790,23.94,4
Jan-2024,Valorant,NA,3883170,2138501,295,53,8647206,606804,189219,18.74,4
Jan-2024,Valorant,NA,3902458,2057693,321,53,6576623,414280,231251,19.47,5
Jan-2024,Valorant,NA,4111262,2208645,337,55,7986123,317669,244098,12.19,4
Jan-2024,Valorant,NA,4263203,2078690,285,52,7896114,481929,279592,23.5,1
Jan-2024,Valorant,NA,4129478,1867712,306,50,6827618,396186,226554,21.49,1
Jan-2024,Valorant,NA,4448163,2087465,309,49,6859957,347457,171045,23.27,0
Jan-2024,Valorant,NA,4338019,2106078,302,50,6868666,490140,243057,17.54,2
Jan-2024,Valorant,NA,4017236,2002606,319,50,6514733,494770,238134,18.55,3
Jan-2024,Valorant,NA,3955000,2027926,299,54,7101142,445517,149665,19.97,2
Jan-2024,Valorant,EU,4073324,2135242,317,55,8614726,389539,250899,8.62,2
Jan-2024,Valorant,EU,4012570,2122782,290,47,7630366,453151,204558,11.59,1
Jan-2024,Valorant,EU,4229981,2160296,295,56,7105406,488342,301709,5.01,1
Jan-2024,Valorant,EU,4002433,2189612,294,51,7528494,388715,150636,8.51,4
Jan-2024,Valorant,EU,3861781,2084976,297,49,7500175,353029,189575,7.44,3
Jan-2024,Valorant,EU,4474942,2168797,294,53,8023705,279355,122761,6.87,3
Jan-2024,Valorant,EU,4540913,2121978,324,50,10557924,383795,216889,21.35,3
Jan-2024,Valorant,EU,4362807,2152040,326,53,9963678,515215,262115,20.81,4
Jan-2024,Valorant,EU,4102320,2091400,287,49,7953094,451395,188064,19.51,2
Jan-2024,Valorant,EU,4108161,2277646,281,57,9778024,342000,254003,23.68,3
Jan-2024,Valorant,EU,4381307,1947459,287,52,9694951,498335,212039,19.14,4
Jan-2024,Valorant,EU,4093326,2094654,309,52,7603057,293046,301569,12.77,4
Jan-2024,Valorant,EU,3611918,1998826,297,53,6019821,384558,163547,17.77,3
Jan-2024,Valorant,EU,4378920,2286590,322,56,7732396,335483,185499,21.85,0
Jan-2024,Valorant,EU,4076685,2038303,306,51,7737336,475077,271625,7.48,0
Jan-2024,Valorant,EU,4012292,2036428,296,53,6314789,451736,123676,18.03,5
Jan-2024,Valorant,EU,4014840,2061828,291,54,9027125,351409,209652,6.36,0
Jan-2024,Valorant,EU,4274218,2151503,294,51,9418131,484627,158671,16.84,4
Jan-2024,Valorant,EU,4263070,2108956,334,54,9617150,436070,257377,17.55,5
Jan-2024,Valorant,EU,4249026,2251575,302,52,7123878,384894,257086,7.58,2
Jan-2024,Valorant,Asia,4251660,2136817,299,48,7318200,536552,203724,18.02,1
Jan-2024,Valorant,Asia,4352968,2164354,285,55,8420714,514425,205974,13.85,4
Jan-2024,Valorant,Asia,4115103,2139654,296,52,6327830,398983,246441,13.45,5
Jan-2024,Valorant,Asia,4026447,2105620,316,47,9176144,303648,249654,12.86,4
Jan-2024,Valorant,Asia,4190323,1977836,289,51,8528466,446699,172995,17.61,0
Jan-2024,Valorant,Asia,4373163,1968177,295,55,7119357,407097,287062,23.87,5
Jan-2024,Valorant,Asia,4421002,2295350,307,51,10142601,341578,268740,23.6,0
Jan-2024,Valorant,Asia,4071726,2222222,303,50,8552808,364640,216128,5.48,3
Jan-2024,Valorant,Asia,4039153,2122610,335,50,9450203,414717,264529,6.18,1
Jan-2024,Valorant,Asia,4407574,2007094,285,55,8409563,556700,253675,9.02,5
Jan-2024,Valorant,Asia,4582610,2108417,330,53,10008899,283145,210118,14.5,4
Jan-2024,Valorant,Asia,3960154,2086259,306,49,6454492,480355,235149,12.31,2
Jan-2024,Valorant,Asia,4152693,2165014,317,47,6964610,504033,185503,19.55,0
Jan-2024,Valorant,Asia,4496221,2098854,283,52,8473204,438031,266608,15.58,3
Jan-2024,Valorant,Asia,3636659,2039698,292,53,6063928,457297,207884,9.53,1
Jan-2024,Valorant,Asia,3877837,1908442,311,52,8377493,459409,165519,7.77,0
Jan-2024,Valorant,Asia,4185161,1897512,313,51,7445543,310474,227668,22.77,1
Jan-2024,Valorant,Asia,4317057,1928234,309,53,8657820,393092,249670,24.91,4
Jan-2024,Valorant,Asia,4353388,2203147,294,53,8328594,451991,186403,17.81,5
Jan-2024,Valorant,Asia,4193310,1967259,282,51,6591799,347353,219222,8.52,2
Jan-2024,Valorant,South America,4253626,2117663,298,51,10442540,266572,221492,9.89,4
Jan-2024,Valorant,South America,4174424,2070295,327,49,6792696,331120,257735,10.58,1
Jan-2024,Valorant,South America,4253035,2142929,325,53,7519075,408710,218707,10.51,5
Jan-2024,Valorant,South America,4338634,2095573,303,46,10299590,407459,176280,8.09,1
Jan-2024,Valorant,South America,4665819,2369227,308,48,8511209,499016,195942,20.76,2
Jan-2024,Valorant,South America,4424797,2165014,301,51,8488057,416392,215337,5.39,1
Jan-2024,Valorant,South America,3779062,2116962,322,52,6669656,420207,194909,11.99,5
Jan-2024,Valorant,South America,4040652,2046353,302,51,7875964,512110,248388,14.86,4
Jan-2024,Valorant,South America,3972730,2103526,297,50,8142594,447334,120585,5.79,4
Jan-2024,Valorant,South America,4267680,2105223,301,54,7255890,298162,181928,12.37,1
Jan-2024,Valorant,South America,4170312,2080446,322,55,7735342,391712,197734,12.59,5
Jan-2024,Valorant,South America,4409502,2020835,313,50,7116771,408256,147673,22.45,4
Jan-2024,Valorant,South America,4064806,2008826,291,51,6294144,400354,218133,10.75,5
Jan-2024,Valorant,South America,4482376,2159957,284,53,10396819,399043,182194,20.31,3
Jan-2024,Valorant,South America,4228499,2153698,302,53,9455091,427971,225706,9.86,0
Jan-2024,Valorant,South America,4325493,1978211,312,52,10485346,393081,260591,14.37,3
Jan-2024,Valorant,South America,4345492,2109011,304,46,10545365,493798,219013,10.05,4
Jan-2024,Valorant,South America,4123135,1938465,271,50,6906625,356398,197036,22.02,2
Jan-2024,Valorant,South America,4370574,2286397,317,50,7902390,345394,197814,16.99,5
Jan-2024,Valorant,South America,4043831,2095953,298,46,7857917,504975,180322,21.11,3
Jan-2024,Valorant,Africa,4692467,2187799,300,53,11653882,277143,253448,21.83,1
Jan-2024,Valorant,Africa,4686912,2249676,288,43,10056065,547378,216680,6.4,5
Jan-2024,Valorant,Africa,4311038,2194483,294,53,9382715,478613,287917,22.33,5
Jan-2024,Valorant,Africa,4397391,2251678,318,49,9044208,343886,228791,6.13,5
Jan-2024,Valorant,Africa,4192549,2019735,299,50,6289273,443234,231149,11.63,3
Jan-2024,Valorant,Africa,4347056,2034024,301,51,9319952,373857,159400,9.03,1
Jan-2024,Valorant,Africa,4269536,2034259,281,51,7385468,454961,155020,18.41,0
Jan-2024,Valorant,Africa,4050053,2007504,299,50,7243105,259677,287712,10.02,3
Jan-2024,Valorant,Africa,4376898,2096274,307,53,7019464,504042,179492,20.51,5
Jan-2024,Valorant,Africa,4241807,2181565,298,52,7384391,319306,162723,6.6,1
Jan-2024,Valorant,Africa,4336585,1950078,320,52,6566185,365054,183094,11.68,3
Jan-2024,Valorant,Africa,4087885,2244628,312,49,8823530,287470,187525,13.07,1
Jan-2024,Valorant,Africa,4166438,2242732,324,54,10197642,302824,227828,21.3,5
Jan-2024,Valorant,Africa,4004222,2140305,292,49,7711610,462358,246327,10.94,4
Jan-2024,Valorant,Africa,4569761,2148065,295,51,7807692,460908,291932,15.45,1
Jan-2024,Valorant,Africa,4320885,2196651,301,52,10232717,423189,256258,24.8,3
Jan-2024,Valorant,Africa,4280525,1953799,320,55,8097360,269990,241283,23.19,3
Jan-2024,Valorant,Africa,4415513,2112774,301,52,9168078,453956,196927,9.5,0
Jan-2024,Valorant,Africa,4375358,2295968,316,52,8371250,543786,254815,16.43,4
Jan-2024,Valorant,Africa,4155820,2086033,305,60,8429404,373579,240177,16.53,1
Jan-2024,Valorant,Oceania,4323777,1974424,304,50,8356726,433281,257968,13.46,0
Jan-2024,Valorant,Oceania,4459955,2347895,292,51,9696108,415270,251642,14.27,2
Jan-2024,Valorant,Oceania,4086313,2166101,303,55,6714819,339851,247091,23.92,4
Jan-2024,Valorant,Oceania,4335859,2206515,286,49,10407810,323416,287578,13.68,3
Jan-2024,Valorant,Oceania,4054578,2109972,289,52,6269597,492688,174999,22.75,4
Jan-2024,Valorant,Oceania,4042939,2107372,299,55,9655781,454241,225982,7.12,0
Jan-2024,Valorant,Oceania,3870119,2063144,308,46,8448126,378734,138958,9.76,0
Jan-2024,Valorant,Oceania,4015278,2449248,321,53,9720651,403583,200223,20.4,3
Jan-2024,Valorant,Oceania,4214257,2174501,313,48,7401916,364472,285577,10.4,1
Jan-2024,Valorant,Oceania,3837608,2025328,298,54,6694249,323192,198165,24.62,0
Jan-2024,Valorant,Oceania,4095015,2225701,309,50,6669267,475730,173703,24.52,0
Jan-2024,Valorant,Oceania,4349475,2133598,312,51,7108555,438246,139074,18.89,3
Jan-2024,Valorant,Oceania,4113055,2015791,339,51,9317257,449054,202654,17.0,4
Jan-2024,Valorant,Oceania,3829042,2090917,321,48,6079708,475752,193599,22.24,2
Jan-2024,Valorant,Oceania,4062614,2150034,301,50,9126252,420362,204251,18.91,2
Jan-2024,Valorant,Oceania,4210663,2192402,310,53,7754357,311971,193124,17.82,3
Jan-2024,Valorant,Oceania,4381197,2403554,321,57,10806685,416268,191620,14.5,3
Jan-2024,Valorant,Oceania,4006971,2204930,327,55,7134110,463327,117955,17.37,3
Jan-2024,Valorant,Oceania,4386309,2244512,306,49,10317179,387442,181895,13.02,2
Jan-2024,Valorant,Oceania,4087014,2029130,313,49,7329689,447270,160948,11.85,5
Feb-2024,Valorant,NA,4605142,2027803,300,52,7498319,417207,226347,18.66,3
Feb-2024,Valorant,NA,4196886,1933988,311,52,9960274,437369,194795,13.08,5
Feb-2024,Valorant,NA,4279918,2165155,315,52,8853740,425218,188196,11.77,4
Feb-2024,Valorant,NA,4345767,1977326,300,50,10139813,514952,218579,15.95,0
Feb-2024,Valorant,NA,4143106,2013869,301,52,7795247,425532,87250,5.45,0
Feb-2024,Valorant,NA,4069936,1966130,322,52,8160319,311341,230963,24.62,5
Feb-2024,Valorant,NA,4375618,2077397,299,53,9858177,523582,156633,7.25,4
Feb-2024,Valorant,NA,4289904,2188968,300,47,9675687,558481,219765,15.6,5
Feb-2024,Valorant,NA,4186550,2302798,297,58,9756654,242957,215923,13.09,3
Feb-2024,Valorant,NA,3964109,2076753,314,55,8323449,317787,149368,5.66,1
Feb-2024,Valorant,NA,3868195,1967619,317,52,6041851,286432,204528,7.72,3
Feb-2024,Valorant,NA,4169274,2264611,310,54,7713723,139985,261292,5.58,5
Feb-2024,Valorant,NA,4253593,2179404,306,49,9166510,364022,232613,13.5,1
Feb-2024,Valorant,NA,4253609,2098529,309,52,7389115,301508,203245,5.55,4
Feb-2024,Valorant,NA,4298073,2010485,309,49,8601349,485818,221078,6.43,5
Feb-2024,Valorant,NA,4407572,2238670,299,49,10739425,370797,243118,12.64,0
Feb-2024,Valorant,NA,4111271,1985217,311,54,7704580,252320,183832,11.33,5
Feb-2024,Valorant,NA,4164689,2206509,298,50,9167499,539267,164782,13.92,3
Feb-2024,Valorant,NA,4370149,2318095,324,54,7950169,221113,233354,15.25,2
Feb-2024,Valorant,NA,4242011,2099971,306,57,8794460,360979,176642,5.5,1
Feb-2024,Valorant,EU,4114195,2041376,314,54,7467474,467127,241754,18.07,4
Feb-2024,Valorant,EU,4089166,2177249,339,54,6759185,358500,225557,11.11,2
Feb-2024,Valorant,EU,4366440,2000979,285,53,6804528,362300,231309,11.97,1
Feb-2024,Valorant,EU,4208231,2157112,292,54,6409241,535681,179115,9.33,0
Feb-2024,Valorant,EU,3731618,2114096,331,54,8159822,367647,216453,20.62,3
Feb-2024,Valorant,EU,4266802,1803948,314,52,8703710,522773,272462,19.59,5
Feb-2024,Valorant,EU,4322743,2057065,311,50,10272838,363437,173525,7.26,0
Feb-2024,Valorant,EU,4140754,2130054,324,55,9744293,350770,204566,23.58,4
Feb-2024,Valorant,EU,4306597,2068427,296,50,10103948,533023,194525,8.58,4
Feb-2024,Valorant,EU,4279433,2134882,325,52,7130281,438621,238740,14.6,2
Feb-2024,Valorant,EU,3997778,2230885,289,51,8425566,475711,138414,20.19,0
Feb-2024,Valorant,EU,3830947,2085755,295,51,6776935,285513,175642,17.88,1
Feb-2024,Valorant,EU,4260509,2095958,295,47,8022585,322556,210341,10.62,3
Feb-2024,Valorant,EU,4177712,2027280,309,51,9264247,454377,241856,18.01,5
Feb-2024,Valorant,EU,4196948,2066561,289,52,9626880,477219,92186,20.42,1
Feb-2024,Valorant,EU,4339399,1995899,303,54,9895111,265967,236262,20.18,3
Feb-2024,Valorant,EU,4108307,2257728,275,49,8524699,426056,214441,16.95,3
Feb-2024,Valorant,EU,4635425,2128279,312,49,8482796,526953,229167,8.5,2
Feb-2024,Valorant,EU,4283123,2155988,294,54,10232362,395978,243466,8.88,0
Feb-2024,Valorant,EU,4208039,2015108,282,53,6838047,421230,237406,23.15,3
Feb-2024,Valorant,Asia,4594188,2072806,288,53,7134806,599308,188153,22.6,3
Feb-2024,Valorant,Asia,4014804,2075265,325,48,9795352,359442,124540,20.33,2
Feb-2024,Valorant,Asia,4221691,2033857,297,52,7365867,402574,188203,21.43,1
Feb-2024,Valorant,Asia,4115748,2214201,304,52,7208778,277679,158290,6.44,3
Feb-2024,Valorant,Asia,4074814,1962414,257,53,6730180,259331,178103,8.74,3
Feb-2024,Valorant,Asia,4314516,1994367,307,47,8405553,304487,222205,16.56,4
Feb-2024,Valorant,Asia,3894049,2205667,292,48,9273048,631091,230598,19.58,0
Feb-2024,Valorant,Asia,3825783,2163458,289,53,8059400,450732,194229,22.0,3
Feb-2024,Valorant,Asia,4329716,2010498,307,50,8083554,518910,189268,23.43,1
Feb-2024,Valorant,Asia,4250061,1916502,308,53,6643487,586992,217373,9.48,0
Feb-2024,Valorant,Asia,4618409,2220828,273,50,9775348,469690,240846,15.38,1
Feb-2024,Valorant,Asia,4484616,1957434,318,47,9092378,376070,248022,22.4,3
Feb-2024,Valorant,Asia,4412060,2158968,314,50,7598328,575512,129747,22.24,3
Feb-2024,Valorant,Asia,4558955,2146738,316,50,7509359,474476,211656,11.49,0
Feb-2024,Valorant,Asia,4389529,1863132,306,48,7772839,488321,259146,8.15,4
Feb-2024,Valorant,Asia,3830832,2317777,318,49,8021853,351000,188853,23.12,5
Feb-2024,Valorant,Asia,4402575,2330604,287,51,6695399,393255,258235,23.38,1
Feb-2024,Valorant,Asia,4229426,2035808,308,51,8141009,434886,195920,13.85,0
Feb-2024,Valorant,Asia,4452450,2154789,298,56,7693107,426720,242452,11.8,4
Feb-2024,Valorant,Asia,4431494,2215824,282,51,10630573,431713,347789,7.58,0
Feb-2024,Valorant,South America,4280391,2190400,293,56,7440549,474380,211027,7.83,3
Feb-2024,Valorant,South America,4299890,1903343,310,50,10731701,601947,242192,18.26,4
Feb-2024,Valorant,South America,3682928,2176532,288,49,5728870,152072,137661,16.95,2
Feb-2024,Valorant,South America,4280195,2143501,317,45,8674177,504173,229841,22.54,3
Feb-2024,Valorant,South America,4153540,2042256,302,52,8721383,362586,229673,21.96,0
Feb-2024,Valorant,South America,4416712,2052546,291,48,10401459,384062,182248,14.08,5
Feb-2024,Valorant,South America,3745918,2264395,298,48,8511196,374216,181183,9.56,3
Feb-2024,Valorant,South America,4055255,2107723,291,51,10119486,427017,204770,14.82,2
Feb-2024,Valorant,South America,4158112,2106759,327,50,8234167,370085,182668,8.09,1
Feb-2024,Valorant,South America,4000977,2137896,308,51,6962393,294060,147879,22.53,1
Feb-2024,Valorant,South America,4167547,2230790,321,52,9280421,371623,193625,24.01,1
Feb-2024,Valorant,South America,4418894,2076398,302,51,8164421,443576,208019,12.2,3
Feb-2024,Valorant,South America,4105201,2220934,306,51,8590489,345313,183357,24.78,5
Feb-2024,Valorant,South America,4206234,2142091,306,50,9001529,346291,238075,23.09,0
Feb-2024,Valorant,South America,4179426,2279624,321,50,7708291,334913,231020,21.75,5
Feb-2024,Valorant,South America,4039074,2119944,321,53,6489552,399472,218356,8.84,3
Feb-2024,Valorant,South America,4516075,2207752,308,53,7743461,483883,261980,18.06,5
Feb-2024,Valorant,South America,4206833,2144289,298,51,6970754,452964,230032,5.16,4
Feb-2024,Valorant,South America,4333986,2244164,303,55,8979156,455632,188650,20.0,4
Feb-2024,Valorant,South America,3694227,1962619,314,53,6681048,258894,210098,14.65,5
Feb-2024,Valorant,Africa,4142566,2197543,321,51,9452822,488970,199660,5.54,2
Feb-2024,Valorant,Africa,4581761,2204712,299,54,8413846,490478,163237,18.9,4
Feb-2024,Valorant,Africa,4035559,2292049,314,52,9346068,530770,203755,24.61,1
Feb-2024,Valorant,Africa,4431799,2075069,297,53,7538807,696754,266443,18.07,4
Feb-2024,Valorant,Africa,4381670,2224799,300,48,7368395,408856,268722,14.29,0
Feb-2024,Valorant,Africa,4139093,2189763,287,49,8447735,187718,252924,13.47,3
Feb-2024,Valorant,Africa,3895036,2295096,309,50,9653113,411792,203194,21.68,2
Feb-2024,Valorant,Africa,4055438,1981719,285,52,8696058,405045,224300,10.63,5
Feb-2024,Valorant,Africa,3967837,1883614,312,56,9716447,384224,211290,16.72,0
Feb-2024,Valorant,Africa,4467638,2113783,304,54,9499855,369132,221074,10.16,0
Feb-2024,Valorant,Africa,4517247,1919242,290,52,7935583,600941,219335,14.45,3
Feb-2024,Valorant,Africa,4153640,2125477,289,58,9132469,440863,165353,13.25,1
Feb-2024,Valorant,Africa,3765967,1928645,328,54,6399519,366537,161972,24.13,1
Feb-2024,Valorant,Africa,4002986,2090562,290,53,6382614,242851,203295,10.7,5
Feb-2024,Valorant,Africa,3881324,1982273,312,55,8207900,245115,167908,22.01,1
Feb-2024,Valorant,Africa,4011433,2050460,280,51,9578862,513002,174369,24.48,1
Feb-2024,Valorant,Africa,4212461,2245387,299,55,8107998,515831,212184,14.06,5
Feb-2024,Valorant,Africa,4674885,2202596,276,49,7420520,543776,188020,23.95,2
Feb-2024,Valorant,Africa,4291255,2378226,317,49,8670605,290786,215960,12.36,5
Feb-2024,Valorant,Africa,4501962,2037244,296,46,10257017,357386,177499,12.23,5
Feb-2024,Valorant,Oceania,4229960,1956286,280,51,7486698,323961,195575,19.13,2
Feb-2024,Valorant,Oceania,4482793,2179746,311,53,10158791,355468,203723,22.4,0
Feb-2024,Valorant,Oceania,4132293,2109409,302,50,10113587,435283,202676,21.62,5
Feb-2024,Valorant,Oceania,3970901,2098226,330,55,8624190,380270,135559,7.83,3
Feb-2024,Valorant,Oceania,4239325,1992246,280,51,9201582,406493,69192,17.71,2
Feb-2024,Valorant,Oceania,3907158,2090288,319,50,9727875,491854,192307,15.98,0
Feb-2024,Valorant,Oceania,4112511,2151687,300,56,8858395,364891,212040,7.83,0
Feb-2024,Valorant,Oceania,4374411,2226487,320,48,6653823,498874,201320,23.43,5
Feb-2024,Valorant,Oceania,3965029,2416700,268,50,9584701,341437,150835,5.54,1
Feb-2024,Valorant,Oceania,4135510,2111060,301,51,8329193,342960,237341,18.56,0
Feb-2024,Valorant,Oceania,4267827,1993524,280,50,7125495,504261,255497,13.62,5
Feb-2024,Valorant,Oceania,3914937,1976961,289,51,7996490,328554,184006,9.91,1
Feb-2024,Valorant,Oceania,4241641,2007042,297,53,7964993,326583,259580,8.27,2
Feb-2024,Valorant,Oceania,4341710,2031181,306,49,7553051,382048,188432,23.14,3
Feb-2024,Valorant,Oceania,4225600,2167420,277,49,9678961,372887,275716,8.09,0
Feb-2024,Valorant,Oceania,3956179,2150776,310,53,9775570,491075,229535,7.03,4
Feb-2024,Valorant,Oceania,4562927,2136955,313,47,8051486,536755,270501,8.13,5
Feb-2024,Valorant,Oceania,4146071,2018463,288,53,6281900,426733,223809,16.55,1
Feb-2024,Valorant,Oceania,4298126,2079309,274,51,7142236,510653,221078,6.43,2
Feb-2024,Valorant,Oceania,4078400,2222372,288,45,8621654,171299,205555,5.83,2
Mar-2024,Valorant,NA,4427833,2228174,268,54,8651367,443793,262163,6.11,5
Mar-2024,Valorant,NA,4288752,2082461,299,51,7533107,497117,242928,8.24,0
Mar-2024,Valorant,NA,4028424,2166808,276,54,6402336,415921,211451,8.9,2
Mar-2024,Valorant,NA,4361403,2183671,298,50,7658234,279822,334508,11.22,5
Mar-2024,Valorant,NA,4027320,2008531,291,50,9062795,351010,116213,17.1,1
Mar-2024,Valorant,NA,4174727,1859712,325,52,7272663,309306,188178,21.01,1
Mar-2024,Valorant,NA,4285536,2024190,303,52,7411712,464698,223780,14.54,3
Mar-2024,Valorant,NA,4009721,2229453,311,50,8241544,232781,113230,8.28,4
Mar-2024,Valorant,NA,4152040,1933401,307,53,8526199,440126,156787,24.63,1
Mar-2024,Valorant,NA,4101785,2021715,317,53,7595857,417326,143665,22.97,1
Mar-2024,Valorant,NA,4399169,2107665,307,52,8883494,468175,228238,6.37,0
Mar-2024,Valorant,NA,4254811,2232581,283,48,10117030,462077,174135,17.17,3
Mar-2024,Valorant,NA,4192956,2185502,302,52,7775917,482582,209828,7.32,5
Mar-2024,Valorant,NA,4419537,2004624,320,55,7213420,389931,271163,9.79,2
Mar-2024,Valorant,NA,4115891,2180556,306,52,7299351,425146,239698,9.11,5
Mar-2024,Valorant,NA,4072532,2285709,292,46,6751677,449234,205739,8.22,5
Mar-2024,Valorant,NA,4146514,2046564,306,47,8940719,479130,213734,8.42,4
Mar-2024,Valorant,NA,4084816,2003205,322,52,10079162,461270,285756,6.27,4
Mar-2024,Valorant,NA,3992266,2189320,307,52,7400964,515950,151437,8.7,1
Mar-2024,Valorant,NA,4397171,2035161,265,51,10441820,419226,324159,11.75,1
Mar-2024,Valorant,EU,3996472,1960564,289,55,9162469,334985,197800,15.43,0
Mar-2024,Valorant,EU,4339807,2267716,303,47,6902976,469156,215495,6.0,3
Mar-2024,Valorant,EU,4036749,1827180,309,50,6560453,424354,258610,13.1,5
Mar-2024,Valorant,EU,4328177,2138115,321,54,8274832,466228,264448,12.32,3
Mar-2024,Valorant,EU,4188997,2507149,295,47,8806284,447113,177647,13.82,4
Mar-2024,Valorant,EU,4486311,2211246,291,50,6806995,499961,166585,21.31,2
Mar-2024,Valorant,EU,4642634,2102937,307,50,10646638,354815,199805,15.82,5
Mar-2024,Valorant,EU,4451059,1998767,291,51,10317094,423368,269388,19.74,4
Mar-2024,Valorant,EU,4435857,2080861,318,51,6793347,231883,224958,10.9,4
Mar-2024,Valorant,EU,3880486,2136921,273,50,7901259,233883,191914,11.84,2
Mar-2024,Valorant,EU,3594676,2200821,286,49,8794511,404300,135699,24.47,1
Mar-2024,Valorant,EU,3792592,1996821,320,48,7413626,472481,252681,15.68,4
Mar-2024,Valorant,EU,4406294,2230866,285,53,10718514,413224,237015,10.78,0
Mar-2024,Valorant,EU,4617279,2284999,292,55,11498530,398756,239130,9.25,2
Mar-2024,Valorant,EU,4310445,2216987,322,46,8200159,533182,201114,6.26,1
Mar-2024,Valorant,EU,4246700,2119751,300,51,9888947,489572,154087,14.74,4
Mar-2024,Valorant,EU,4501383,2123251,308,54,7118339,456584,170237,13.85,5
Mar-2024,Valorant,EU,4288067,2023690,285,48,6798475,374237,330336,12.09,4
Mar-2024,Valorant,EU,4368344,2165096,334,52,7391527,379241,230936,18.26,5
Mar-2024,Valorant,EU,4055837,2007033,301,55,7195800,386074,201907,20.03,5
Mar-2024,Valorant,Asia,4102364,2287735,316,50,7963612,438471,247371,23.05,2
Mar-2024,Valorant,Asia,4725642,2270617,334,45,11058144,530522,256064,7.71,4
Mar-2024,Valorant,Asia,4174141,2155984,310,52,7655401,284592,274668,23.73,0
Mar-2024,Valorant,Asia,4552743,2124828,275,47,7365617,367256,222891,10.64,3
Mar-2024,Valorant,Asia,4086742,2040664,311,54,6572780,252140,94671,12.84,0
Mar-2024,Valorant,Asia,4206039,2184212,314,53,9947241,307296,269506,13.18,2
Mar-2024,Valorant,Asia,4131371,1918880,296,54,8794640,373537,160350,5.39,4
Mar-2024,Valorant,Asia,4156442,1959207,301,58,9512318,509724,292329,24.21,4
Mar-2024,Valorant,Asia,4149264,2159219,323,49,9369988,333887,239333,7.62,5
Mar-2024,Valorant,Asia,4537350,2295897,294,51,10843742,630950,211484,6.5,3
Mar-2024,Valorant,Asia,4626392,2144188,283,47,9743528,549486,150284,16.7,0
Mar-2024,Valorant,Asia,4302392,2074998,302,52,10045116,363169,121200,21.06,3
Mar-2024,Valorant,Asia,4274920,1902299,315,48,9678674,253730,235846,23.57,4
Mar-2024,Valorant,Asia,4041447,2400555,310,55,6602306,365725,253755,23.24,3
Mar-2024,Valorant,Asia,4092257,1919749,306,52,7967521,140442,215806,22.58,1
Mar-2024,Valorant,Asia,4125943,2173643,306,52,6430273,522943,187440,11.83,3
Mar-2024,Valorant,Asia,3982521,2068855,289,48,7383614,427780,202139,6.92,4
Mar-2024,Valorant,Asia,4154912,1868456,313,51,8671988,400342,241902,22.56,3
Mar-2024,Valorant,Asia,4304619,2269140,299,53,10494449,375844,186023,9.82,1
Mar-2024,Valorant,Asia,4569961,2165388,287,50,6970320,409419,200227,13.21,4
Mar-2024,Valorant,South America,4134542,2192356,287,54,9246606,382878,227009,17.79,2
Mar-2024,Valorant,South America,4580800,2204104,313,49,7283563,583959,267206,10.3,0
Mar-2024,Valorant,South America,4301332,2088302,312,48,8168554,343035,204812,16.97,5
Mar-2024,Valorant,South America,4280593,2149541,310,54,7565856,362794,147771,19.8,3
Mar-2024,Valorant,South America,4433464,2184659,295,51,10534069,299238,173611,12.24,0
Mar-2024,Valorant,South America,4096935,2225641,305,55,6493444,484080,248770,10.48,4
Mar-2024,Valorant,South America,4052781,2046542,284,52,9127550,390006,180294,10.75,4
Mar-2024,Valorant,South America,4573490,1983169,311,47,9306404,400433,181008,21.0,0
Mar-2024,Valorant,South America,4237044,2245938,315,45,7574486,396544,241098,11.66,1
Mar-2024,Valorant,South America,4110933,2167019,314,51,8809958,285461,213713,19.38,3
Mar-2024,Valorant,South America,3902547,2333431,302,53,7730976,441291,220309,10.45,1
Mar-2024,Valorant,South America,4229359,2145200,301,49,6646608,428009,220773,24.11,5
Mar-2024,Valorant,South America,4299264,2111687,286,52,8823847,345794,202392,24.94,1
Mar-2024,Valorant,South America,4221138,2153625,333,55,7552044,484472,141122,19.9,3
Mar-2024,Valorant,South America,4523843,1947332,341,48,10688714,512045,261845,10.2,5
Mar-2024,Valorant,South America,4818189,2178745,290,48,10763509,598170,305156,10.65,5
Mar-2024,Valorant,South America,4332634,1819095,266,51,9524999,366712,243548,23.6,2
Mar-2024,Valorant,South America,4503418,2204951,309,60,7142293,410735,253323,7.24,0
Mar-2024,Valorant,South America,4001128,2249496,308,50,9272286,491011,139812,20.8,0
Mar-2024,Valorant,South America,4463158,2029859,302,50,8805181,376141,191395,19.36,5
Mar-2024,Valorant,Africa,4411582,2237191,307,56,8594570,420872,217108,13.71,4
Mar-2024,Valorant,Africa,4036579,1997398,324,52,7910763,308621,179459,19.09,0
Mar-2024,Valorant,Africa,4240778,2057037,287,53,9881288,481605,227623,7.36,5
Mar-2024,Valorant,Africa,4578318,2036881,311,54,11369689,422654,193205,7.52,4
Mar-2024,Valorant,Africa,4090418,2153500,313,48,7094545,225351,185625,19.54,3
Mar-2024,Valorant,Africa,4213066,2102686,283,49,7918624,482252,208726,9.64,1
Mar-2024,Valorant,Africa,4089816,2314572,317,50,9057882,487015,252373,5.79,3
Mar-2024,Valorant,Africa,3889423,2351027,334,52,6367850,356364,196675,24.13,3
Mar-2024,Valorant,Africa,4143906,2062537,319,50,8959393,452993,224920,9.37,3
Mar-2024,Valorant,Africa,4193420,2219164,307,55,9357849,484005,226985,6.03,3
Mar-2024,Valorant,Africa,4081930,2130031,304,53,7280742,305630,224629,24.29,2
Mar-2024,Valorant,Africa,4454862,2167145,305,50,7972362,427051,250964,21.69,1
Mar-2024,Valorant,Africa,4159577,2079872,294,49,8584237,510638,242950,20.34,2
Mar-2024,Valorant,Africa,4343077,2076940,286,51,8800397,450323,239492,8.13,1
Mar-2024,Valorant,Africa,4098281,2008970,290,53,6541701,315331,275045,24.49,5
Mar-2024,Valorant,Africa,3976792,2103412,326,53,7485339,331259,182468,24.0,1
Mar-2024,Valorant,Africa,4271395,2245071,314,50,7111753,393872,283921,19.4,1
Mar-2024,Valorant,Africa,4263870,2075998,313,57,9991677,434334,163912,5.5,1
Mar-2024,Valorant,Africa,3799888,2128880,283,53,9238768,332643,206057,19.24,1
Mar-2024,Valorant,Africa,4501219,2266289,340,48,10022429,299351,168710,12.47,0
Mar-2024,Valorant,Oceania,4159741,2043219,327,52,7117698,453643,258628,18.72,3
Mar-2024,Valorant,Oceania,4312553,2169061,313,49,10432483,390738,237706,12.39,2
Mar-2024,Valorant,Oceania,4190470,2181282,279,52,8511674,405197,217800,6.29,1
Mar-2024,Valorant,Oceania,4241326,2235010,305,53,8981283,353229,237364,17.05,4
Mar-2024,Valorant,Oceania,3778401,2301232,294,54,6861200,309005,143311,5.17,0
Mar-2024,Valorant,Oceania,3783079,1997125,303,51,6748029,364901,220357,16.79,1
Mar-2024,Valorant,Oceania,4360292,2146104,302,52,10876936,224489,162484,5.84,3
Mar-2024,Valorant,Oceania,4293197,2180108,300,53,6837000,410676,227847,12.1,2
Mar-2024,Valorant,Oceania,4069801,2113901,317,51,6899460,368568,144958,13.02,1
Mar-2024,Valorant,Oceania,4144280,1964946,324,52,8928415,495974,190682,13.6,1
Mar-2024,Valorant,Oceania,4137657,2097663,314,50,9411243,556377,269936,22.26,0
Mar-2024,Valorant,Oceania,4463942,2195792,300,56,7884235,303696,186418,18.37,3
Mar-2024,Valorant,Oceania,4602516,2244070,328,50,7490764,368809,317971,20.4,2
Mar-2024,Valorant,Oceania,4090171,2095955,286,50,9934453,359309,174004,19.56,5
Mar-2024,Valorant,Oceania,3950822,2073744,309,61,8129846,377576,186828,12.19,5
Mar-2024,Valorant,Oceania,4243316,1930575,295,54,6396943,459393,161132,6.23,4
Mar-2024,Valorant,Oceania,4377462,2271836,301,57,10248971,350991,223835,12.1,0
Mar-2024,Valorant,Oceania,4239526,2178014,301,51,10163870,537970,271347,19.19,2
Mar-2024,Valorant,Oceania,4237799,2047939,315,50,10084176,496326,221261,23.25,2
Mar-2024,Valorant,Oceania,4539320,2122015,292,47,8661470,466167,134235,14.49,0
Apr-2024,Valorant,NA,4452243,2002117,294,54,10171124,435069,189584,12.83,0
Apr-2024,Valorant,NA,4134127,2301499,319,53,6857007,431426,148842,15.65,2
Apr-2024,Valorant,NA,4330822,2011966,285,52,9597667,538134,215875,20.74,0
Apr-2024,Valorant,NA,3788460,2138721,294,55,6241795,431986,173247,8.45,4
Apr-2024,Valorant,NA,4279549,2096565,297,50,9028387,498904,244038,19.4,0
Apr-2024,Valorant,NA,3985811,2061165,276,51,9671816,472061,183619,24.48,5
Apr-2024,Valorant,NA,4618561,2046040,305,55,8901554,442499,144170,20.32,2
Apr-2024,Valorant,NA,4600579,2196836,308,52,7996969,475742,163350,24.84,4
Apr-2024,Valorant,NA,4122984,2051572,309,49,9164413,331608,201371,19.36,4
Apr-2024,Valorant,NA,4232073,2148440,305,49,8252510,477973,218957,11.27,5
Apr-2024,Valorant,NA,4386994,2129675,313,50,6978720,526440,250108,19.58,4
Apr-2024,Valorant,NA,4091938,2079471,285,48,8514478,440812,215671,23.55,2
Apr-2024,Valorant,NA,4278191,2197255,301,51,9669284,350664,218883,17.41,1
Apr-2024,Valorant,NA,4582356,1911223,280,55,10903035,428029,196285,23.15,1
Apr-2024,Valorant,NA,4351428,2158997,303,47,10589205,511095,138363,7.09,1
Apr-2024,Valorant,NA,3849972,2274284,280,55,8447247,291564,228821,18.49,5
Apr-2024,Valorant,NA,4914771,2134888,301,52,9545427,495047,132879,21.33,0
Apr-2024,Valorant,NA,4071304,2213739,326,50,8412379,350624,193363,16.87,2
Apr-2024,Valorant,NA,4007774,2114615,307,50,7343167,498425,234921,5.11,3
Apr-2024,Valorant,NA,4317979,2020242,289,55,7820561,393991,195919,5.54,2
Apr-2024,Valorant,EU,4321587,2302037,333,52,7425701,423992,166144,11.13,1
Apr-2024,Valorant,EU,4276342,2203169,308,48,9577640,624911,150006,6.76,3
Apr-2024,Valorant,EU,4423151,2259717,323,47,9131049,359324,216091,22.09,5
Apr-2024,Valorant,EU,4065302,2225880,307,55,10031699,534412,187521,20.81,2
Apr-2024,Valorant,EU,4139808,2129078,299,54,9909945,543327,183344,10.18,4
Apr-2024,Valorant,EU,3879984,2132458,297,60,9572731,383186,233034,15.41,3
Apr-2024,Valorant,EU,4104952,2105851,305,54,7793379,428787,205991,5.37,4
Apr-2024,Valorant,EU,4369686,2063755,318,52,7889821,547528,212575,8.32,4
Apr-2024,Valorant,EU,4392905,2218806,303,56,9922473,487127,307858,23.56,3
Apr-2024,Valorant,EU,4265464,2318938,309,50,8170673,359282,221346,13.23,0
Apr-2024,Valorant,EU,4325652,2188452,315,54,7651645,468161,255362,15.95,4
Apr-2024,Valorant,EU,4298107,2070854,325,49,10688482,313495,277125,22.82,3
Apr-2024,Valorant,EU,4407558,2124328,286,59,9944324,234737,190782,6.33,2
Apr-2024,Valorant,EU,4098116,1986245,327,57,7243600,275491,171745,5.67,2
Apr-2024,Valorant,EU,3861577,2227602,293,53,5995292,461685,232273,11.26,4
Apr-2024,Valorant,EU,3835200,1913119,287,47,7389851,357802,205093,10.63,4
Apr-2024,Valorant,EU,4254979,2327308,283,51,7009571,452812,174594,15.5,3
Apr-2024,Valorant,EU,4308408,2139529,290,52,9726004,475030,194101,5.11,2
Apr-2024,Valorant,EU,4247416,2006064,310,55,7123465,465480,171972,20.89,4
Apr-2024,Valorant,EU,4125790,1994893,294,54,6642800,500146,155120,12.79,4
Apr-2024,Valorant,Asia,4202836,2019830,307,51,6500373,477392,257521,5.21,0
Apr-2024,Valorant,Asia,4672509,2211417,316,53,10118077,467242,248274,17.45,1
Apr-2024,Valorant,Asia,4146681,2145220,299,53,9460820,340719,279946,16.34,3
Apr-2024,Valorant,Asia,4369329,1971943,317,55,7906322,482069,225323,13.25,4
Apr-2024,Valorant,Asia,4300055,2162713,302,49,8444948,322545,257267,21.93,5
Apr-2024,Valorant,Asia,4311440,2069608,307,51,9427717,357567,250029,8.52,4
Apr-2024,Valorant,Asia,4142613,2302404,303,50,6686264,373911,181030,18.17,5
Apr-2024,Valorant,Asia,3918794,1940236,293,48,7561935,448843,172711,8.31,4
Apr-2024,Valorant,Asia,4484106,2239592,288,57,9789756,467269,174612,24.6,0
Apr-2024,Valorant,Asia,4011887,1969311,312,52,7826652,259278,225309,8.1,2
Apr-2024,Valorant,Asia,4093799,2169199,307,52,9065195,392042,174026,9.55,3
Apr-2024,Valorant,Asia,4498480,2166790,327,50,9093809,574035,235012,8.67,1
Apr-2024,Valorant,Asia,4281321,2241111,297,52,9640602,372457,254384,22.16,0
Apr-2024,Valorant,Asia,3751156,2081714,281,53,6101395,237134,196559,14.13,3
Apr-2024,Valorant,Asia,4296319,2198519,317,50,7487099,456103,165215,19.51,3
Apr-2024,Valorant,Asia,4336701,2079091,291,45,7897880,436787,308080,11.26,0
Apr-2024,Valorant,Asia,4226505,2274976,321,57,9700219,425846,243661,12.73,0
Apr-2024,Valorant,Asia,4264849,2046823,275,55,8791303,464027,189709,9.61,4
Apr-2024,Valorant,Asia,3925877,2166782,289,47,6655287,400118,230682,22.32,2
Apr-2024,Valorant,Asia,4113008,2115621,306,52,8367469,485673,171223,15.38,3
Apr-2024,Valorant,South America,4317658,2025066,315,50,9516608,394630,250513,16.4,5
Apr-2024,Valorant,South America,4145183,2000802,288,51,9686885,376383,154222,18.0,5
Apr-2024,Valorant,South America,4225790,2163014,302,48,8518652,433305,227220,11.46,0
Apr-2024,Valorant,South America,4045149,2312319,300,51,6813979,299724,163763,18.99,3
Apr-2024,Valorant,South America,4164822,2019567,320,57,10157840,527497,183434,11.15,4
Apr-2024,Valorant,South America,3827460,2096969,321,53,8870210,414585,158393,7.26,1
Apr-2024,Valorant,South America,4624103,2265323,282,49,7122750,360551,227565,18.51,3
Apr-2024,Valorant,South America,3808201,1974343,315,50,7247579,421804,95199,16.09,5
Apr-2024,Valorant,South America,4501190,2245279,293,52,7896728,358838,287027,21.18,5
Apr-2024,Valorant,South America,4020185,2169208,282,54,9967041,436230,149812,6.42,1
Apr-2024,Valorant,South America,4331948,2162834,275,60,6728363,424149,222681,22.26,0
Apr-2024,Valorant,South America,4350229,2129796,302,52,7820810,353038,218980,21.75,2
Apr-2024,Valorant,South America,4227038,2157129,336,51,8119222,281041,265485,19.13,5
Apr-2024,Valorant,South America,4438901,2223338,311,57,10816501,336894,198942,12.74,3
Apr-2024,Valorant,South America,4262838,2043158,315,56,9593181,427041,260550,18.61,5
Apr-2024,Valorant,South America,4300816,2100873,298,43,10446072,479995,152438,6.71,4
Apr-2024,Valorant,South America,4301117,2176774,327,54,9646214,398447,292204,11.47,5
Apr-2024,Valorant,South America,4603575,2074305,316,52,10740680,349154,253618,9.21,0
Apr-2024,Valorant,South America,4380478,2221664,306,47,7122593,397747,193136,7.19,5
Apr-2024,Valorant,South America,4199086,2026470,306,54,7810039,328808,243555,15.92,1
Apr-2024,Valorant,Africa,4320044,2080718,302,52,7685378,391841,220029,7.79,5
Apr-2024,Valorant,Africa,4190909,2128687,302,53,7705347,496153,221466,5.26,3
Apr-2024,Valorant,Africa,3983521,2025475,306,49,6157504,356264,155915,9.87,2
Apr-2024,Valorant,Africa,4015868,1990632,314,58,8589827,482205,235562,7.74,5
Apr-2024,Valorant,Africa,4373800,2138348,294,48,7302858,406551,224668,11.3,1
Apr-2024,Valorant,Africa,4395784,2132521,278,47,10853851,394367,322329,19.52,3
Apr-2024,Valorant,Africa,3584599,2120545,338,53,7281541,285208,173118,9.95,3
Apr-2024,Valorant,Africa,4107526,2340633,277,49,7795027,458629,223075,11.01,1
Apr-2024,Valorant,Africa,4034327,2229124,298,49,7347645,517726,219700,11.99,4
Apr-2024,Valorant,Africa,3900913,2166485,281,56,8367830,341110,226960,7.49,3
Apr-2024,Valorant,Africa,4104762,1976194,322,51,9636293,346050,246330,9.51,0
Apr-2024,Valorant,Africa,4282084,2133183,317,57,7293629,390725,246843,14.17,0
Apr-2024,Valorant,Africa,4174290,2002812,311,55,8294063,430705,226028,11.63,1
Apr-2024,Valorant,Africa,3884176,2186487,321,48,7013062,344728,191270,12.58,3
Apr-2024,Valorant,Africa,4309377,2138624,284,50,8985659,362904,256950,22.36,0
Apr-2024,Valorant,Africa,4286389,2029459,290,54,10345008,414690,183895,18.01,3
Apr-2024,Valorant,Africa,4512624,2276419,298,50,9277573,443018,164067,14.53,3
Apr-2024,Valorant,Africa,4358445,2155849,300,52,9237988,457999,191617,6.85,4
Apr-2024,Valorant,Africa,4366726,2224964,303,51,7428100,312959,150304,21.47,5
Apr-2024,Valorant,Africa,4264370,2011459,313,55,8382254,486312,177826,14.03,1
Apr-2024,Valorant,Oceania,4228659,2170501,310,51,7529790,351035,193171,14.59,5
Apr-2024,Valorant,Oceania,4159286,2172604,326,53,7733529,412759,263086,7.57,4
Apr-2024,Valorant,Oceania,4588827,2343168,292,51,7025815,556984,241318,15.79,4
Apr-2024,Valorant,Oceania,4152907,2204618,288,53,7642131,448376,162796,12.79,0
Apr-2024,Valorant,Oceania,4029171,2150905,301,51,7432667,528615,209517,15.5,3
Apr-2024,Valorant,Oceania,4361965,2081167,320,55,9279512,367414,168197,5.13,4
Apr-2024,Valorant,Oceania,4763016,1890864,309,52,9013336,536318,229603,24.24,1
Apr-2024,Valorant,Oceania,4414750,2253781,315,55,10758330,329884,211893,16.47,4
Apr-2024,Valorant,Oceania,4276606,2074658,307,50,9808756,602057,209322,19.57,4
Apr-2024,Valorant,Oceania,4358492,2170616,296,54,7989320,273378,291161,5.06,4
Apr-2024,Valorant,Oceania,4247289,1987741,310,53,6468082,275591,280819,8.74,5
Apr-2024,Valorant,Oceania,4222080,2062980,306,53,8586341,468043,299975,10.51,4
Apr-2024,Valorant,Oceania,4530972,2166534,316,50,10817608,495540,251211,5.54,5
Apr-2024,Valorant,Oceania,4398636,2002531,291,55,8775444,628230,161123,10.85,4
Apr-2024,Valorant,Oceania,4269220,2360982,292,48,9361004,426829,273988,5.24,1
Apr-2024,Valorant,Oceania,3718908,2221213,300,50,7803668,431719,184807,20.48,1
Apr-2024,Valorant,Oceania,4101190,2056026,292,51,7475176,372890,151980,8.05,0
Apr-2024,Valorant,Oceania,4168558,2095254,338,51,7032413,442596,205155,11.59,1
Apr-2024,Valorant,Oceania,4136210,2031119,314,50,8191410,417283,232624,5.12,0
Apr-2024,Valorant,Oceania,4694455,2158011,307,53,10015697,400268,249280,9.5,5
May-2024,Valorant,NA,4228888,1973410,296,54,6504710,416184,256388,10.0,3
May-2024,Valorant,NA,4145746,1951022,302,50,6438711,402973,132110,23.97,1
May-2024,Valorant,NA,4280449,2232826,297,51,10272558,332633,189318,21.57,4
May-2024,Valorant,NA,4391298,2262397,294,48,10331414,531656,248637,10.84,2
May-2024,Valorant,NA,4509142,2308878,289,51,7847846,371066,258278,5.74,0
May-2024,Valorant,NA,4151880,2009774,279,59,10241337,483087,161933,14.7,5
May-2024,Valorant,NA,4231847,1994084,326,48,7021628,481958,146767,6.96,5
May-2024,Valorant,NA,4214419,1929295,281,55,7481553,471111,96164,24.85,4
May-2024,Valorant,NA,4266815,2038500,292,42,7566785,423777,198969,16.14,5
May-2024,Valorant,NA,4331504,2048344,306,52,9291709,344596,179619,5.98,5
May-2024,Valorant,NA,4258333,2153574,344,48,10212556,401409,191842,22.38,0
May-2024,Valorant,NA,4463094,2008053,327,50,9838471,604621,174890,17.81,3
May-2024,Valorant,NA,4011815,2218154,289,56,9324798,374029,164048,14.89,3
May-2024,Valorant,NA,4188634,1940370,303,50,8526484,429035,223078,14.42,4
May-2024,Valorant,NA,3943929,2106226,301,51,8052266,372018,185467,5.47,1
May-2024,Valorant,NA,3892419,2081173,303,55,8989671,435273,234134,9.28,4
May-2024,Valorant,NA,4234359,2028016,304,50,7811972,452284,236768,16.61,2
May-2024,Valorant,NA,4020288,2056792,309,53,6961203,419457,274173,16.5,2
May-2024,Valorant,NA,4292138,2210156,270,53,8789851,378845,188607,23.77,0
May-2024,Valorant,NA,4151815,2115903,310,60,10108265,636642,259498,24.6,1
May-2024,Valorant,EU,4426830,2142017,323,43,7650771,439255,247294,13.61,4
May-2024,Valorant,EU,3865260,2074381,290,51,8594767,367006,195371,21.65,0
May-2024,Valorant,EU,4110082,2145935,279,47,9613597,388994,164474,12.51,0
May-2024,Valorant,EU,4385543,2226073,292,54,7488757,570435,261452,16.53,0
May-2024,Valorant,EU,4232300,2372151,321,50,6559240,384597,200294,23.25,1
May-2024,Valorant,EU,4266097,2121175,330,49,9079355,505335,210550,9.13,4
May-2024,Valorant,EU,4149460,2191891,291,58,8976411,346967,207259,19.63,5
May-2024,Valorant,EU,4522522,1959231,307,52,10618800,370964,264292,5.62,4
May-2024,Valorant,EU,4552284,2025042,267,51,9139525,438016,211507,24.46,0
May-2024,Valorant,EU,4582170,1970243,307,48,8791819,383278,304293,15.24,5
May-2024,Valorant,EU,4195429,1970958,312,51,10418044,303723,179450,6.3,1
May-2024,Valorant,EU,4487310,2158508,294,56,7163834,378943,234689,14.35,1
May-2024,Valorant,EU,4477015,2058015,337,49,9992710,503671,192205,15.74,2
May-2024,Valorant,EU,4140014,2189191,304,52,8273036,449252,250367,5.78,1
May-2024,Valorant,EU,4264250,2081688,295,51,9378635,208955,195369,8.23,3
May-2024,Valorant,EU,4218958,2044941,291,58,7675915,308078,220602,24.29,3
May-2024,Valorant,EU,3941782,2126130,300,50,6791975,405705,271333,16.61,3
May-2024,Valorant,EU,4273549,2095205,318,48,7910170,657086,227937,9.64,4
May-2024,Valorant,EU,4071639,2148654,307,52,6141391,419032,218698,11.83,5
May-2024,Valorant,EU,4078470,2205704,294,53,7170427,292171,183864,13.91,1
May-2024,Valorant,Asia,4251833,2313322,285,51,7842009,456122,252878,7.24,5
May-2024,Valorant,Asia,4088191,2169590,285,46,8229615,392964,288937,9.51,4
May-2024,Valorant,Asia,3871455,2129614,287,53,6370044,388950,226819,24.33,4
May-2024,Valorant,Asia,4388806,2158702,317,54,10737412,364102,186242,24.2,0
May-2024,Valorant,Asia,4164196,2144830,296,56,8152639,521247,239430,15.31,4
May-2024,Valorant,Asia,3968023,2088173,313,54,7197592,291706,184805,15.05,1
May-2024,Valorant,Asia,4414599,2059537,298,53,9486986,400281,208262,16.7,1
May-2024,Valorant,Asia,4033865,2125042,308,53,9527207,313601,192415,23.89,0
May-2024,Valorant,Asia,4269391,2057878,335,48,7615497,532473,242266,8.16,5
May-2024,Valorant,Asia,3991713,2176543,316,52,7931813,308616,198806,8.06,3
May-2024,Valorant,Asia,4529848,2167964,307,53,10029732,541975,209965,17.31,2
May-2024,Valorant,Asia,4401268,2198121,308,53,8318101,410098,263645,13.39,5
May-2024,Valorant,Asia,4066056,2064124,299,49,8555730,250982,238365,14.24,4
May-2024,Valorant,Asia,4509298,2038747,286,50,10919901,564896,167966,7.9,5
May-2024,Valorant,Asia,4186431,2074562,313,48,6324223,278288,223918,11.47,0
May-2024,Valorant,Asia,4312297,1892151,318,47,7388264,341487,243720,14.78,3
May-2024,Valorant,Asia,4326260,2021289,289,51,10486866,562005,178670,7.31,5
May-2024,Valorant,Asia,4571248,2127581,305,47,9820744,361042,172635,16.21,1
May-2024,Valorant,Asia,4042183,2186328,316,49,7668803,428280,231582,23.73,5
May-2024,Valorant,Asia,4204370,2058174,311,49,9790632,342487,155445,19.24,1
May-2024,Valorant,South America,3960649,2081650,304,55,6471969,332274,264017,11.26,4
May-2024,Valorant,South America,3955255,2156935,323,52,8777071,341183,193524,22.26,5
May-2024,Valorant,South America,4125651,2175309,308,45,6682545,366843,135624,18.5,2
May-2024,Valorant,South America,4292561,2100025,289,46,8514241,273014,284191,16.65,3
May-2024,Valorant,South America,4362428,1955079,299,49,6759190,394223,123121,14.25,5
May-2024,Valorant,South America,4046850,1979163,313,54,6263353,452110,230138,21.21,1
May-2024,Valorant,South America,3969405,2023909,299,49,6957333,419330,192159,24.55,0
May-2024,Valorant,South America,4193160,1937635,299,51,8481651,438632,208752,22.66,5
May-2024,Valorant,South America,4596522,2181798,287,50,9633940,583966,230779,11.39,4
May-2024,Valorant,South America,4270476,2335724,289,54,10274371,339781,241303,6.37,5
May-2024,Valorant,South America,4556965,2038248,308,58,10521461,448703,224295,19.81,3
May-2024,Valorant,South America,4270980,2124931,305,47,7425547,391293,210963,13.57,4
May-2024,Valorant,South America,4240431,2073919,302,49,9524873,422001,184764,10.72,1
May-2024,Valorant,South America,4051238,2085661,298,48,9304037,405635,213665,16.53,0
May-2024,Valorant,South America,4098189,2181601,305,53,9719360,244822,288048,17.92,5
May-2024,Valorant,South America,4291923,2092206,310,53,9006010,527060,283796,14.11,0
May-2024,Valorant,South America,4157315,2169888,299,53,8047583,403079,131656,14.2,1
May-2024,Valorant,South America,4007006,2035495,295,51,8872867,499361,214695,16.86,1
May-2024,Valorant,South America,4221781,2049748,295,45,7089711,508404,207806,24.94,3
May-2024,Valorant,South America,4123852,2100982,304,53,7803436,494327,200518,5.97,0
May-2024,Valorant,Africa,4310156,1889874,294,53,6590039,565980,259855,9.52,0
May-2024,Valorant,Africa,3910248,2268538,297,54,7813070,473542,157567,16.89,2
May-2024,Valorant,Africa,3990657,2065268,292,54,7334902,414402,209887,18.3,2
May-2024,Valorant,Africa,4208221,2151157,313,56,6707800,327717,164258,6.02,4
May-2024,Valorant,Africa,4207455,2155576,289,50,8430948,434122,229134,18.58,1
May-2024,Valorant,Africa,3792439,2151771,317,51,6787020,467247,86865,22.53,1
May-2024,Valorant,Africa,4335792,2319500,330,51,7693228,408969,176416,24.77,3
May-2024,Valorant,Africa,4412976,1958643,290,51,8120375,445513,219603,17.95,4
May-2024,Valorant,Africa,4416712,2156405,296,52,6774460,474119,239068,18.04,4
May-2024,Valorant,Africa,4189105,2087274,315,55,6421591,461140,186043,23.77,0
May-2024,Valorant,Africa,3828447,2024579,308,52,7558366,438530,192652,18.5,2
May-2024,Valorant,Africa,3940936,1969248,323,48,6726760,319538,152105,6.56,1
May-2024,Valorant,Africa,4641189,2124024,313,51,10640176,409888,202811,8.07,3
May-2024,Valorant,Africa,4018850,2214324,301,55,8890939,279480,225386,8.86,5
May-2024,Valorant,Africa,4414098,1952963,293,56,7803203,427622,160450,12.61,5
May-2024,Valorant,Africa,4386443,2169562,315,52,10927460,227441,210131,13.92,4
May-2024,Valorant,Africa,4245608,2279106,315,48,7113117,476638,148517,11.04,3
May-2024,Valorant,Africa,4350196,2110191,310,52,7311191,342843,181661,14.47,4
May-2024,Valorant,Africa,3878527,1957271,308,52,8479374,430872,157635,8.6,0
May-2024,Valorant,Africa,3809975,1943134,301,56,8257408,371836,165205,19.78,2
May-2024,Valorant,Oceania,3615506,2096524,320,48,6972945,293534,232894,6.84,3
May-2024,Valorant,Oceania,3801424,2198138,291,47,8518054,358773,176529,20.72,1
May-2024,Valorant,Oceania,3894127,2200808,338,49,8741456,468090,233323,5.17,2
May-2024,Valorant,Oceania,4391705,2056286,281,51,6918872,400871,235736,5.41,2
May-2024,Valorant,Oceania,4425087,2185444,311,51,7788907,465051,304812,16.98,3
May-2024,Valorant,Oceania,4437994,2036417,339,54,6813386,328535,263182,8.79,5
May-2024,Valorant,Oceania,4008252,2308416,283,54,6565973,431460,185637,19.58,4
May-2024,Valorant,Oceania,3983676,2142266,295,53,6915980,328350,245621,23.05,0
May-2024,Valorant,Oceania,4532472,1927349,312,50,10591769,413220,286779,11.68,4
May-2024,Valorant,Oceania,4282573,2186006,313,52,6985038,300567,157616,20.35,2
May-2024,Valorant,Oceania,3882273,1930558,325,44,8463005,312429,193521,8.35,0
May-2024,Valorant,Oceania,4433380,1889068,303,55,9265684,408572,294784,6.62,0
May-2024,Valorant,Oceania,4095172,1908419,301,50,6533618,447058,121099,18.35,1
May-2024,Valorant,Oceania,4067501,2087187,327,51,9914516,479501,230551,23.04,0
May-2024,Valorant,Oceania,4135276,2136695,294,53,6605418,399068,203595,8.27,2
May-2024,Valorant,Oceania,4075934,2173744,294,53,8809738,389285,162871,9.39,0
May-2024,Valorant,Oceania,4479372,2068597,338,55,10292623,584141,232334,5.46,4
May-2024,Valorant,Oceania,4752907,2254233,298,55,11348632,569966,280456,11.11,0
May-2024,Valorant,Oceania,4292870,1969982,315,43,7003920,479181,254386,14.97,4
May-2024,Valorant,Oceania,4654722,2056715,292,52,7914568,266976,300876,23.21,1
Jun-2024,Valorant,NA,3834037,2005306,331,50,6597700,203309,229190,22.49,5
Jun-2024,Valorant,NA,4363431,1946854,312,55,9363752,251082,146641,5.6,0
Jun-2024,Valorant,NA,4266138,1972485,312,50,9964710,340824,230201,20.97,4
Jun-2024,Valorant,NA,4010884,1987358,314,56,6077082,318198,195782,8.89,5
Jun-2024,Valorant,NA,4537138,2286871,339,51,7493095,506943,237546,8.77,4
Jun-2024,Valorant,NA,4456113,2030956,288,58,8712896,558202,213376,6.06,4
Jun-2024,Valorant,NA,4272414,2067314,301,48,8338547,343400,166846,19.85,1
Jun-2024,Valorant,NA,4021321,2156667,280,48,7650344,542378,167840,21.55,4
Jun-2024,Valorant,NA,4014355,2104220,314,57,7870846,394764,185570,5.1,0
Jun-2024,Valorant,NA,4039906,2299186,297,54,7124729,480171,206410,22.46,5
Jun-2024,Valorant,NA,3959824,2152814,304,49,7068072,419287,204836,13.45,2
Jun-2024,Valorant,NA,4358803,2052961,313,52,8844933,503138,199761,5.29,5
Jun-2024,Valorant,NA,4254815,2281784,283,51,8148330,450529,194603,7.03,4
Jun-2024,Valorant,NA,4527407,2062198,306,57,11122366,395039,319750,20.57,1
Jun-2024,Valorant,NA,4383318,2117123,315,53,9019872,559178,227208,15.04,2
Jun-2024,Valorant,NA,4500440,2151422,281,50,8169197,408412,245586,19.1,0
Jun-2024,Valorant,NA,3775031,2364835,315,56,6192395,511186,216756,21.27,0
Jun-2024,Valorant,NA,3859491,2235210,287,57,8191948,473738,182689,22.73,4
Jun-2024,Valorant,NA,4545642,2196408,292,51,8849933,452809,215415,11.4,0
Jun-2024,Valorant,NA,4249423,2196127,302,50,9625440,326138,213365,7.37,3
Jun-2024,Valorant,EU,4178959,2293766,285,48,8816695,444577,202940,5.05,2
Jun-2024,Valorant,EU,4036968,2022049,317,51,9327855,424058,150417,13.67,0
Jun-2024,Valorant,EU,4298318,2257214,298,58,9527680,434045,207304,20.87,2
Jun-2024,Valorant,EU,4464401,2144016,309,49,7334490,489770,222438,5.57,3
Jun-2024,Valorant,EU,4176637,2039121,333,55,9672797,365191,299434,18.25,1
Jun-2024,Valorant,EU,4401083,2171848,295,47,9419366,490156,161319,21.16,1
Jun-2024,Valorant,EU,4416326,2190678,314,50,9925285,333433,225974,8.87,4
Jun-2024,Valorant,EU,4218033,2054503,323,51,6974748,472565,242663,21.54,3
Jun-2024,Valorant,EU,3905280,2126416,284,55,8582041,408715,180017,10.33,5
Jun-2024,Valorant,EU,3961976,2201024,297,56,9246834,503448,209496,9.04,2
Jun-2024,Valorant,EU,4095236,1999440,285,56,8089410,452668,258557,20.65,5
Jun-2024,Valorant,EU,3960932,2066510,324,47,7242338,314289,230449,8.21,2
Jun-2024,Valorant,EU,4025382,2042029,312,48,7620292,398311,225039,17.91,1
Jun-2024,Valorant,EU,4132479,2062519,282,51,6828316,380836,228791,15.3,3
Jun-2024,Valorant,EU,4344686,2225373,333,57,7461196,443844,163343,5.82,5
Jun-2024,Valorant,EU,4034343,2284634,302,58,9819680,434533,202776,14.42,3
Jun-2024,Valorant,EU,3816816,2132698,307,51,6648151,367860,231825,13.11,1
Jun-2024,Valorant,EU,3973677,2239058,302,51,6702778,453998,153987,20.48,0
Jun-2024,Valorant,EU,4074810,2227519,310,56,6440544,402834,209119,24.56,5
Jun-2024,Valorant,EU,4395362,2008196,314,46,10870748,319717,276245,15.41,3
Jun-2024,Valorant,Asia,3855321,2026289,314,52,5866845,339690,95081,17.04,1
Jun-2024,Valorant,Asia,4239874,2096064,298,52,8864471,374305,223201,17.35,4
Jun-2024,Valorant,Asia,3905379,2090309,297,49,6476963,422215,165971,7.36,2
Jun-2024,Valorant,Asia,4381233,2100399,303,55,9679178,506830,218619,5.34,3
Jun-2024,Valorant,Asia,4313657,2226904,296,51,6486968,491799,206361,20.24,3
Jun-2024,Valorant,Asia,4292853,2071197,310,45,9997129,418494,253230,14.66,5
Jun-2024,Valorant,Asia,4171285,2179108,311,53,7822568,289348,263707,18.05,0
Jun-2024,Valorant,Asia,4715477,2212871,314,51,10628187,412991,244950,17.21,2
Jun-2024,Valorant,Asia,4225513,2240069,307,50,6606642,594864,179690,7.49,3
Jun-2024,Valorant,Asia,4231666,2006948,312,51,7469709,394588,190048,17.99,1
Jun-2024,Valorant,Asia,4138207,2192107,310,60,8041783,193129,176243,21.89,4
Jun-2024,Valorant,Asia,4133463,2164923,320,51,9170647,429535,210308,11.31,5
Jun-2024,Valorant,Asia,4133235,2250498,288,53,6665971,286597,314991,10.72,2
Jun-2024,Valorant,Asia,4120821,1979520,307,56,7069774,329008,249053,15.64,1
Jun-2024,Valorant,Asia,4334129,2234858,318,54,7385020,351010,176843,24.87,5
Jun-2024,Valorant,Asia,4083310,2305404,325,47,9260711,499591,285603,23.5,2
Jun-2024,Valorant,Asia,4341893,1943425,279,48,10794288,446777,178668,5.14,5
Jun-2024,Valorant,Asia,4367733,2173260,302,47,7292252,385946,230689,14.94,4
Jun-2024,Valorant,Asia,4217238,2075799,309,51,9927244,405604,210403,5.37,3
Jun-2024,Valorant,Asia,3994473,2206802,289,51,8143170,436462,207126,10.94,3
Jun-2024,Valorant,South America,4338709,2007827,310,53,9879232,528372,143798,23.59,0
Jun-2024,Valorant,South America,4058960,2206056,289,54,7624542,559163,138366,22.25,0
Jun-2024,Valorant,South America,4081888,2151594,301,48,9946093,404147,209843,18.21,5
Jun-2024,Valorant,South America,4156627,2191339,294,55,6969241,411051,227888,10.53,5
Jun-2024,Valorant,South America,4341566,2226946,285,53,10306484,378603,282834,6.49,0
Jun-2024,Valorant,South America,4372302,2064622,313,54,9911502,253538,223525,17.61,5
Jun-2024,Valorant,South America,4188598,2059624,303,52,7152290,388099,197383,6.8,4
Jun-2024,Valorant,South America,4516821,2126433,321,52,7596838,587565,224679,10.58,4
Jun-2024,Valorant,South America,4046332,2188979,296,52,8926263,586963,202329,22.19,1
Jun-2024,Valorant,South America,4163954,2127648,299,50,10157832,554014,204911,23.43,1
Jun-2024,Valorant,South America,4092075,2146180,307,50,8698805,367404,192210,22.85,4
Jun-2024,Valorant,South America,4107711,2330689,304,51,7452612,409455,212234,15.29,0
Jun-2024,Valorant,South America,4311463,2001040,332,50,9059503,497466,161633,8.29,5
Jun-2024,Valorant,South America,4030688,2059494,312,55,9141060,453060,171786,9.11,2
Jun-2024,Valorant,South America,4098700,2243209,306,49,7362642,299194,173511,24.42,4
Jun-2024,Valorant,South America,4188050,2154972,290,52,9207833,342314,176016,19.46,4
Jun-2024,Valorant,South America,4404573,2006049,289,54,7003150,605982,236172,19.14,4
Jun-2024,Valorant,South America,4076553,2026318,320,60,10075357,359053,213472,14.99,0
Jun-2024,Valorant,South America,4411613,2113745,312,55,8813799,345123,296561,6.61,0
Jun-2024,Valorant,South America,3802812,2057262,332,54,8939562,430299,250485,7.07,3
Jun-2024,Valorant,Africa,4219653,2249010,282,53,8161747,439577,219273,18.44,1
Jun-2024,Valorant,Africa,4254817,2081070,311,50,8365486,407007,258672,21.91,5
Jun-2024,Valorant,Africa,4188156,2144873,297,54,6444845,215557,242421,19.32,2
Jun-2024,Valorant,Africa,3972992,2264795,296,52,9064855,516342,184915,19.59,2
Jun-2024,Valorant,Africa,4064263,2058334,270,54,8305846,516386,153960,11.7,2
Jun-2024,Valorant,Africa,4282210,2041988,304,50,7308896,314591,276754,19.1,5
Jun-2024,Valorant,Africa,4115122,2182936,322,54,10273062,459409,205713,23.28,5
Jun-2024,Valorant,Africa,4039792,2173432,309,55,9308550,463910,255703,13.63,4
Jun-2024,Valorant,Africa,3955788,2140988,282,51,7140820,156470,203073,22.8,3
Jun-2024,Valorant,Africa,4307351,1994211,297,57,9677866,359072,195375,19.08,3
Jun-2024,Valorant,Africa,4159940,2185537,300,55,6409487,421443,229172,9.33,2
Jun-2024,Valorant,Africa,4286950,2246634,298,51,8530230,390392,242090,24.26,2
Jun-2024,Valorant,Africa,4370187,2131571,319,51,9568473,455885,262573,20.12,5
Jun-2024,Valorant,Africa,4375909,2130339,287,54,10289902,531802,172764,16.29,0
Jun-2024,Valorant,Africa,4066305,2095305,321,49,8357116,483377,232960,14.41,0
Jun-2024,Valorant,Africa,4756842,2088902,315,52,9474632,484168,288369,12.46,2
Jun-2024,Valorant,Africa,4421337,2040870,311,53,8106686,506199,282545,10.28,2
Jun-2024,Valorant,Africa,4315193,2074924,313,52,9776750,360063,247090,24.05,4
Jun-2024,Valorant,Africa,4185220,2236464,309,50,10197640,394543,193162,10.98,5
Jun-2024,Valorant,Africa,4050338,2232196,303,50,6560767,423537,250162,8.59,4
Jun-2024,Valorant,Oceania,4117362,2031210,274,56,9777309,403679,215743,22.88,1
Jun-2024,Valorant,Oceania,4502526,2195743,295,54,8016906,373885,224458,10.73,4
Jun-2024,Valorant,Oceania,4161721,1998457,309,50,8328038,324594,205025,15.3,1
Jun-2024,Valorant,Oceania,4181769,2090057,306,54,7407048,502551,218667,18.67,4
Jun-2024,Valorant,Oceania,4178288,2154871,309,50,7108041,458511,224774,14.69,2
Jun-2024,Valorant,Oceania,4124550,2097910,292,47,9320587,276643,181392,6.19,3
Jun-2024,Valorant,Oceania,4164471,2275984,287,52,9951287,390415,192504,15.87,0
Jun-2024,Valorant,Oceania,4174145,2140114,315,48,9262409,269377,205804,19.88,3
Jun-2024,Valorant,Oceania,4221520,2067467,308,54,7592897,496090,246540,10.12,3
Jun-2024,Valorant,Oceania,4093050,2082045,312,52,7047707,335699,176313,11.2,4
Jun-2024,Valorant,Oceania,4154850,2121366,291,59,9977084,407528,200965,12.96,5
Jun-2024,Valorant,Oceania,4340991,1974991,323,53,6948467,417111,186993,21.67,4
Jun-2024,Valorant,Oceania,3836039,2134149,306,55,6616668,440956,182574,15.81,4
Jun-2024,Valorant,Oceania,4172245,2204817,314,50,9544458,326808,285817,20.82,1
Jun-2024,Valorant,Oceania,3917979,1930185,322,44,7730306,326349,256366,5.6,3
Jun-2024,Valorant,Oceania,4351868,2201252,324,51,8356762,446038,158991,22.98,1
Jun-2024,Valorant,Oceania,4017864,1911270,283,52,8075240,408213,211573,17.52,4
Jun-2024,Valorant,Oceania,4127650,2175552,267,50,8941338,537606,180052,7.9,0
Jun-2024,Valorant,Oceania,4455334,1957641,332,50,10113030,520349,284494,17.48,5
Jun-2024,Valorant,Oceania,4146327,2328720,312,51,9084434,462311,146243,11.54,0
Jul-2024,Valorant,NA,4508996,2026669,290,54,7936466,476363,290898,12.31,2
Jul-2024,Valorant,NA,4200014,2145785,304,52,10156696,457503,224226,24.63,0
Jul-2024,Valorant,NA,4022050,2182630,309,55,8536749,339455,254677,24.15,4
Jul-2024,Valorant,NA,4331388,2315936,313,60,6710108,475967,271920,22.92,1
Jul-2024,Valorant,NA,4406684,2168817,302,52,7588171,536274,209421,6.09,3
Jul-2024,Valorant,NA,4269522,1961993,296,53,8052621,394045,206307,12.72,1
Jul-2024,Valorant,NA,4072032,1966235,313,55,9771404,414637,217565,13.14,2
Jul-2024,Valorant,NA,4053788,2117012,302,53,8718087,473637,205492,8.72,2
Jul-2024,Valorant,NA,3963194,2125796,311,54,9117190,173971,200681,8.47,1
Jul-2024,Valorant,NA,4235179,2354412,302,53,8651478,501104,145311,11.61,5
Jul-2024,Valorant,NA,4174608,2114176,299,49,9832317,547048,170744,17.61,4
Jul-2024,Valorant,NA,4190222,2220016,317,53,9042784,370310,151956,17.34,1
Jul-2024,Valorant,NA,4313879,2042667,294,54,7217718,474893,289544,11.43,2
Jul-2024,Valorant,NA,4453955,1981275,286,56,9820310,475267,308090,15.13,0
Jul-2024,Valorant,NA,4196514,2084736,300,49,9040991,492608,281583,22.75,3
Jul-2024,Valorant,NA,4125972,1975652,305,52,6448439,542178,265771,7.52,3
Jul-2024,Valorant,NA,4241954,2025176,312,55,8455793,503916,197522,6.76,4
Jul-2024,Valorant,NA,4174856,2242889,315,45,7166752,540084,237191,11.15,1
Jul-2024,Valorant,NA,4122194,1989358,308,55,7877829,402634,193429,22.73,1
Jul-2024,Valorant,NA,4396659,1961447,301,52,10785742,336100,215280,6.95,4
Jul-2024,Valorant,EU,3940667,2162953,319,47,7887561,304814,160106,23.17,3
Jul-2024,Valorant,EU,4148007,2248418,325,56,6546779,417419,253862,18.97,4
Jul-2024,Valorant,EU,4617722,2065694,319,52,7199656,321522,240599,23.48,3
Jul-2024,Valorant,EU,4050356,2009635,326,45,8148943,476759,273785,8.54,5
Jul-2024,Valorant,EU,4345334,2121707,308,51,10364798,461009,183066,19.11,0
Jul-2024,Valorant,EU,4243479,2244387,292,54,7730674,360662,228303,15.41,5
Jul-2024,Valorant,EU,4156607,2065220,300,51,7355794,435309,184403,18.78,2
Jul-2024,Valorant,EU,4354850,2199886,292,49,6546277,547780,274999,20.42,2
Jul-2024,Valorant,EU,4190313,2233529,316,50,9568273,355858,247432,7.68,3
Jul-2024,Valorant,EU,4323660,2000227,290,49,10807762,440497,240728,7.36,5
Jul-2024,Valorant,EU,3904536,2188260,315,52,6926514,407450,130343,17.27,4
Jul-2024,Valorant,EU,4319905,2208810,347,51,10462343,448699,190529,16.65,5
Jul-2024,Valorant,EU,4119326,2169870,302,59,6440786,316574,170221,11.92,1
Jul-2024,Valorant,EU,4388206,2242193,321,56,7177739,400588,222235,22.33,2
Jul-2024,Valorant,EU,4225390,2223007,310,53,10395883,466306,187937,5.94,3
Jul-2024,Valorant,EU,4321536,2108120,309,55,7988660,403247,178434,20.85,2
Jul-2024,Valorant,EU,4229273,2087798,310,51,10547712,454185,179188,14.8,4
Jul-2024,Valorant,EU,4030802,2113630,296,55,8838584,281109,233028,10.28,4
Jul-2024,Valorant,EU,4381804,2170202,295,54,7796619,434233,116663,13.26,1
Jul-2024,Valorant,EU,4396127,1991087,305,51,8778463,454713,132194,8.41,1
Jul-2024,Valorant,Asia,4028961,2107389,286,53,8225755,328865,197854,7.78,4
Jul-2024,Valorant,Asia,4511312,2060030,306,51,8450060,468785,278511,19.49,2
Jul-2024,Valorant,Asia,4123903,2331495,304,54,9200426,625614,213056,17.21,4
Jul-2024,Valorant,Asia,4141497,2313256,295,53,9971605,294207,146816,21.29,1
Jul-2024,Valorant,Asia,4041246,2233068,326,45,6325090,265404,228029,11.61,2
Jul-2024,Valorant,Asia,4344575,2157647,269,57,6920544,622606,168451,15.61,5
Jul-2024,Valorant,Asia,4246144,2176607,296,50,10337941,471297,202590,15.56,0
Jul-2024,Valorant,Asia,4216693,2214968,310,51,10523322,331731,196773,17.33,5
Jul-2024,Valorant,Asia,4140409,2153915,302,54,9804528,530973,180612,11.48,3
Jul-2024,Valorant,Asia,4049048,2014858,303,55,9133128,338412,190007,17.97,4
Jul-2024,Valorant,Asia,4196002,2069934,309,51,10308404,451386,215447,10.4,5
Jul-2024,Valorant,Asia,4164738,2039383,309,48,8979532,413212,196794,13.77,1
Jul-2024,Valorant,Asia,3992086,2046661,296,52,8549223,469882,172672,19.4,1
Jul-2024,Valorant,Asia,4259875,2018159,299,53,7128044,325890,218814,11.41,2
Jul-2024,Valorant,Asia,4191782,2292344,300,52,9154603,366688,272601,6.52,3
Jul-2024,Valorant,Asia,4469055,2188745,291,51,9264125,478181,234625,13.75,3
Jul-2024,Valorant,Asia,4388499,2062195,290,49,9221619,322331,214052,20.98,2
Jul-2024,Valorant,Asia,4596984,2155293,337,54,10023348,314638,221219,9.25,2
Jul-2024,Valorant,Asia,4412259,2019410,307,54,7058953,402149,230671,18.54,1
Jul-2024,Valorant,Asia,4356032,2078020,326,49,8591378,416660,317414,23.64,4
Jul-2024,Valorant,South America,4137869,2189168,287,54,10101369,392168,253088,20.81,3
Jul-2024,Valorant,South America,4430179,2311463,297,55,6875181,460443,176531,16.83,1
Jul-2024,Valorant,South America,4238791,1972202,319,50,7814296,469158,227257,15.53,3
Jul-2024,Valorant,South America,4760313,2200814,323,52,7599484,568039,307190,15.84,5
Jul-2024,Valorant,South America,3981371,2111749,314,50,6754705,328949,205836,5.57,3
Jul-2024,Valorant,South America,3861514,2074581,296,56,9248484,267767,233659,11.82,2
Jul-2024,Valorant,South America,3998246,1896321,287,53,6704851,395905,137311,22.87,2
Jul-2024,Valorant,South America,4286399,2234387,307,54,6882385,436241,216129,16.34,2
Jul-2024,Valorant,South America,3973174,2218427,288,53,9611668,569273,143707,14.45,5
Jul-2024,Valorant,South America,4285946,2150823,303,53,9466260,424798,180637,22.71,1
Jul-2024,Valorant,South America,4413866,2029589,308,54,8005044,391979,272991,8.26,1
Jul-2024,Valorant,South America,4391477,2152000,299,50,6963622,536356,240355,21.25,2
Jul-2024,Valorant,South America,3879668,2188985,316,51,6006915,250533,246532,10.41,5
Jul-2024,Valorant,South America,4032975,2183933,284,50,9493949,482905,159957,18.94,3
Jul-2024,Valorant,South America,4129679,2097078,325,61,7389712,300596,187468,20.29,5
Jul-2024,Valorant,South America,4490774,2048286,317,54,7075618,379249,223955,11.99,4
Jul-2024,Valorant,South America,4540688,1895922,316,57,11016612,419918,128408,14.75,4
Jul-2024,Valorant,South America,4227939,2084430,300,52,6603701,491437,205410,19.35,2
Jul-2024,Valorant,South America,4247216,2189741,288,51,8962639,460660,304510,5.07,3
Jul-2024,Valorant,South America,4018306,2226371,305,51,9352772,481552,200316,20.51,4
Jul-2024,Valorant,Africa,3999616,2141871,288,51,9338704,322271,185594,10.75,0
Jul-2024,Valorant,Africa,4222406,2219958,300,53,6840035,291282,228290,5.65,5
Jul-2024,Valorant,Africa,4139790,2247674,323,51,8963500,378720,200002,11.58,3
Jul-2024,Valorant,Africa,4253715,2032322,299,53,8963476,456779,235775,22.91,3
Jul-2024,Valorant,Africa,3980437,1901672,300,53,9407676,376785,238943,22.45,2
Jul-2024,Valorant,Africa,4220873,2203542,300,54,7988717,355748,258724,17.13,2
Jul-2024,Valorant,Africa,4093076,1926654,312,54,7394006,359072,141779,24.99,4
Jul-2024,Valorant,Africa,4286872,2060576,309,51,7459365,416059,190683,16.65,2
Jul-2024,Valorant,Africa,4204484,2153989,293,53,7936747,539540,232571,24.27,4
Jul-2024,Valorant,Africa,4367957,2186337,319,52,7021767,362010,217474,24.9,2
Jul-2024,Valorant,Africa,4099802,2082484,323,48,9348907,334072,269400,8.25,4
Jul-2024,Valorant,Africa,4024125,2101707,285,48,7358778,377431,256731,12.93,3
Jul-2024,Valorant,Africa,4117872,2042476,294,57,9794767,461726,266451,8.76,3
Jul-2024,Valorant,Africa,3819828,2122210,337,54,9188818,303765,126992,11.82,2
Jul-2024,Valorant,Africa,3827553,2101155,311,53,6624371,564334,172836,14.94,4
Jul-2024,Valorant,Africa,4363381,2147981,318,51,6714042,591601,274545,20.65,4
Jul-2024,Valorant,Africa,4202364,2049149,315,54,9244607,435254,221513,8.99,2
Jul-2024,Valorant,Africa,3950859,1990014,307,53,6572643,369593,150600,10.62,2
Jul-2024,Valorant,Africa,4066766,2163236,296,52,9400489,297545,167987,11.28,0
Jul-2024,Valorant,Africa,4272186,2022364,297,55,10523610,473799,188769,21.77,2
Jul-2024,Valorant,Oceania,4014116,2252561,281,50,8415640,347386,280129,22.09,3
Jul-2024,Valorant,Oceania,4187552,2236804,313,48,8585306,404433,265588,10.93,1
Jul-2024,Valorant,Oceania,4192286,2112627,331,49,8709050,357537,133339,15.2,0
Jul-2024,Valorant,Oceania,4071892,2249142,305,56,8635866,558253,185157,22.92,3
Jul-2024,Valorant,Oceania,4143355,1953756,296,50,9514393,431248,175214,18.51,4
Jul-2024,Valorant,Oceania,4248667,2129118,280,50,7487184,332611,131078,12.2,2
Jul-2024,Valorant,Oceania,4649400,2072350,321,50,8044661,430127,159074,19.94,4
Jul-2024,Valorant,Oceania,3914259,2138341,304,53,5947103,308158,287075,18.56,3
Jul-2024,Valorant,Oceania,4064393,2155908,314,49,9255744,276195,215431,12.68,4
Jul-2024,Valorant,Oceania,3748195,2201584,298,50,7248898,380232,171570,21.96,0
Jul-2024,Valorant,Oceania,4217549,2164991,321,50,9868090,628359,168898,16.01,4
Jul-2024,Valorant,Oceania,4057708,2032373,310,48,9025582,403228,238519,23.74,2
Jul-2024,Valorant,Oceania,4467518,2216776,337,55,8000664,369104,189732,19.55,1
Jul-2024,Valorant,Oceania,4384509,2108101,343,54,10060998,548695,251314,15.26,0
Jul-2024,Valorant,Oceania,4128038,2064492,302,53,6504904,378488,239361,13.2,3
Jul-2024,Valorant,Oceania,4273981,2054354,311,48,9152629,476460,145602,18.98,1
Jul-2024,Valorant,Oceania,4317733,2047843,309,55,8609323,375979,174565,11.69,3
Jul-2024,Valorant,Oceania,4144472,1988806,307,52,9346641,274207,232631,20.47,1
Jul-2024,Valorant,Oceania,4242155,2092161,309,54,6528324,277599,268184,20.43,0
Jul-2024,Valorant,Oceania,4317323,2110437,339,53,10225787,339585,161063,17.57,3
Aug-2024,Valorant,NA,4300912,2131101,302,54,10069183,524089,224099,19.78,5
Aug-2024,Valorant,NA,4188135,2012532,308,50,8623677,351605,222499,7.99,1
Aug-2024,Valorant,NA,4446458,2279821,314,53,8432266,392410,155058,9.03,3
Aug-2024,Valorant,NA,4153583,2125653,312,50,9795421,426613,188081,5.38,5
Aug-2024,Valorant,NA,4041592,2021929,312,58,7221510,479717,232963,22.28,0
Aug-2024,Valorant,NA,4503591,2120760,292,45,8999578,625793,221483,8.71,4
Aug-2024,Valorant,NA,4622759,2180723,323,53,8438528,421351,281109,23.72,0
Aug-2024,Valorant,NA,4289504,2288255,285,49,9291604,300752,171862,14.22,4
Aug-2024,Valorant,NA,4467524,2058354,302,55,6927489,450996,185032,7.72,2
Aug-2024,Valorant,NA,3720641,2211411,302,46,6614045,352507,189222,12.92,0
Aug-2024,Valorant,NA,4188406,2047856,303,55,6333547,442855,172657,11.72,1
Aug-2024,Valorant,NA,4235009,1969942,295,51,10281441,406751,304828,18.85,3
Aug-2024,Valorant,NA,4250224,2130144,302,51,9974263,530264,228826,16.25,5
Aug-2024,Valorant,NA,4410107,2193945,300,50,7439182,407990,228127,15.25,1
Aug-2024,Valorant,NA,4272367,1964542,287,50,7225573,513737,256513,15.84,5
Aug-2024,Valorant,NA,4332060,2122573,300,56,8216827,467915,228770,16.38,4
Aug-2024,Valorant,NA,3907170,2086042,340,50,9333848,397504,108232,17.5,3
Aug-2024,Valorant,NA,4314521,2160444,305,51,8262275,443600,219859,19.85,2
Aug-2024,Valorant,NA,4384829,2005774,266,56,9131415,482952,211348,12.75,2
Aug-2024,Valorant,NA,3833546,2037447,291,54,8893529,428705,124643,24.1,1
Aug-2024,Valorant,EU,3768399,2051880,290,48,8470503,454615,232106,13.68,5
Aug-2024,Valorant,EU,4400882,2159705,321,56,9212232,468269,335625,14.6,2
Aug-2024,Valorant,EU,4377265,2083239,308,52,9384071,479101,337523,16.75,2
Aug-2024,Valorant,EU,4251781,2133310,314,53,9150945,517795,258270,7.87,5
Aug-2024,Valorant,EU,3824201,2090212,303,53,7467332,527602,230985,22.32,5
Aug-2024,Valorant,EU,4086123,2133801,319,51,8529874,269434,254625,8.44,3
Aug-2024,Valorant,EU,4178731,2157018,315,54,9564649,264925,189148,16.67,4
Aug-2024,Valorant,EU,4322465,2252620,311,52,8666278,540429,222280,10.5,2
Aug-2024,Valorant,EU,3832723,1919501,322,55,7713405,361355,160649,21.61,0
Aug-2024,Valorant,EU,3600583,2241491,336,50,5667175,378865,156082,9.34,1
Aug-2024,Valorant,EU,4573778,1991120,293,57,9420139,597215,199789,6.02,1
Aug-2024,Valorant,EU,4300833,2079589,320,55,6844916,416774,152835,10.2,4
Aug-2024,Valorant,EU,4519866,2136574,285,52,10815589,338392,156995,19.92,5
Aug-2024,Valorant,EU,4334014,1999952,304,51,9511982,515449,181626,17.79,3
Aug-2024,Valorant,EU,4150945,2105273,296,48,8630940,505368,190191,9.35,0
Aug-2024,Valorant,EU,4248348,2176587,301,58,8139408,303477,192900,6.89,3
Aug-2024,Valorant,EU,4407326,2203462,274,52,9082129,460433,167860,8.42,2
Aug-2024,Valorant,EU,4345293,1982252,288,59,6956967,387306,212878,19.0,2
Aug-2024,Valorant,EU,4060161,2116544,316,53,6243452,351440,210554,16.89,3
Aug-2024,Valorant,EU,4621743,2152846,317,52,10693487,517676,273281,13.51,0
Aug-2024,Valorant,Asia,4304846,2241496,301,55,10394513,516402,125343,24.16,2
Aug-2024,Valorant,Asia,4515148,2208324,298,47,8933358,289484,196340,10.2,3
Aug-2024,Valorant,Asia,3922640,2178111,287,51,9143901,307667,194500,9.65,2
Aug-2024,Valorant,Asia,4220627,2168794,331,50,8402973,550639,252759,14.76,5
Aug-2024,Valorant,Asia,4658836,2252362,301,47,11009780,589651,245705,11.94,3
Aug-2024,Valorant,Asia,4616680,2284813,340,47,11274651,497949,269555,5.59,5
Aug-2024,Valorant,Asia,4228628,2068020,319,58,9147037,278921,180267,17.64,0
Aug-2024,Valorant,Asia,4452214,2079440,321,54,6713298,500229,139838,5.79,3
Aug-2024,Valorant,Asia,3961886,2136300,291,49,8645167,244971,206335,13.52,2
Aug-2024,Valorant,Asia,4322837,2024101,308,50,6636937,264298,254580,20.57,1
Aug-2024,Valorant,Asia,4263737,1774321,309,43,6765196,466580,298407,14.54,5
Aug-2024,Valorant,Asia,4248939,2283612,287,56,8098868,461977,193866,8.17,1
Aug-2024,Valorant,Asia,4350925,2051982,314,58,8036107,358828,219904,19.54,5
Aug-2024,Valorant,Asia,3830389,2063299,294,50,6032311,518392,164515,22.84,5
Aug-2024,Valorant,Asia,4058719,2093073,277,48,7680257,405287,272632,23.75,1
Aug-2024,Valorant,Asia,4034773,2026693,288,53,8482834,412917,265336,13.1,1
Aug-2024,Valorant,Asia,3740516,2119901,300,51,8351774,258259,184167,18.3,4
Aug-2024,Valorant,Asia,4635615,2108328,321,48,9399242,531997,276201,15.26,4
Aug-2024,Valorant,Asia,4390027,2227699,308,50,6598872,546403,195237,14.78,2
Aug-2024,Valorant,Asia,4515019,2175735,312,50,8093933,485680,125574,12.71,2
Aug-2024,Valorant,South America,4202542,1981722,321,49,7136935,409815,165065,21.57,3
Aug-2024,Valorant,South America,4208550,2120080,290,56,9819421,477337,170798,22.36,3
Aug-2024,Valorant,South America,3893074,2204286,307,52,7177002,453671,193958,18.42,4
Aug-2024,Valorant,South America,3993324,1920203,324,53,7217141,353521,156202,24.07,1
Aug-2024,Valorant,South America,4108801,2194892,265,50,9537284,474578,197505,9.22,3
Aug-2024,Valorant,South America,4227610,2003619,312,48,8572125,418903,212976,10.46,1
Aug-2024,Valorant,South America,4206511,1989554,301,50,6898757,588302,188122,24.98,4
Aug-2024,Valorant,South America,4365476,2028230,295,54,10115847,408601,197117,14.95,5
Aug-2024,Valorant,South America,4306671,2000665,317,57,10205523,465449,244020,20.15,4
Aug-2024,Valorant,South America,4203861,2111020,303,53,6988122,415727,230525,11.94,4
Aug-2024,Valorant,South America,4078964,2076586,308,53,9290339,331210,224788,18.08,3
Aug-2024,Valorant,South America,4103568,2008396,294,53,6653208,579800,221754,24.51,4
Aug-2024,Valorant,South America,3907577,2085329,291,49,9607744,448669,213558,23.38,5
Aug-2024,Valorant,South America,4324253,2235949,313,55,6699423,268916,173713,10.12,4
Aug-2024,Valorant,South America,4283623,2114098,303,51,7612414,408292,163760,16.22,0
Aug-2024,Valorant,South America,4093776,2227722,320,57,7206482,352572,246724,19.91,3
Aug-2024,Valorant,South America,4228178,2142648,286,47,9908087,284154,163478,23.11,5
Aug-2024,Valorant,South America,4514619,2057390,319,52,8012969,397032,179445,9.77,1
Aug-2024,Valorant,South America,4006454,2072653,281,48,7239384,407725,223013,21.96,0
Aug-2024,Valorant,South America,4261743,2253370,306,52,6798115,394715,191937,18.8,4
Aug-2024,Valorant,Africa,4104595,2191054,301,50,6393813,319210,191427,21.64,0
Aug-2024,Valorant,Africa,4115671,1987769,316,50,9274048,452193,202073,7.4,1
Aug-2024,Valorant,Africa,3818528,2127039,316,52,7306808,494966,193199,10.03,4
Aug-2024,Valorant,Africa,4301522,2247990,308,53,8306606,243525,255622,10.05,4
Aug-2024,Valorant,Africa,4615038,2156092,281,53,8594831,345408,230394,18.1,0
Aug-2024,Valorant,Africa,3791084,1982561,306,53,6983999,389330,191425,14.07,2
Aug-2024,Valorant,Africa,5045177,1987322,287,53,10403086,434684,254397,12.34,0
Aug-2024,Valorant,Africa,4227193,2153984,325,51,6697061,405071,258596,15.71,0
Aug-2024,Valorant,Africa,4115580,2264460,283,56,6587526,575624,237689,8.75,5
Aug-2024,Valorant,Africa,4219119,2274974,306,57,7739722,469327,231663,9.37,1
Aug-2024,Valorant,Africa,4178021,2255323,302,56,6506117,356078,245786,18.51,5
Aug-2024,Valorant,Africa,3898540,2245874,293,54,9167421,444945,138323,12.67,3
Aug-2024,Valorant,Africa,4104522,1920727,337,46,7153086,303263,237216,13.74,0
Aug-2024,Valorant,Africa,4120365,2240934,309,52,8110462,201958,236975,14.13,0
Aug-2024,Valorant,Africa,4288070,2200942,304,54,9960973,383242,266856,22.43,4
Aug-2024,Valorant,Africa,4176495,1905232,300,52,8216813,386992,160657,18.7,4
Aug-2024,Valorant,Africa,4243590,2172998,308,51,9113413,391684,149062,17.77,4
Aug-2024,Valorant,Africa,4052348,2339420,301,53,9391869,477883,192373,19.79,4
Aug-2024,Valorant,Africa,4256199,2167387,317,53,6936565,520577,205127,14.63,3
Aug-2024,Valorant,Africa,4237075,2092408,274,49,8636366,418129,171183,18.98,1
Aug-2024,Valorant,Oceania,4191366,2169169,293,52,7576230,412284,223260,22.42,2
Aug-2024,Valorant,Oceania,4040263,2058599,286,49,9934258,326735,128218,14.29,2
Aug-2024,Valorant,Oceania,3995566,2115051,300,50,8533694,304482,232525,14.63,1
Aug-2024,Valorant,Oceania,4018556,2129718,294,53,9758154,398599,167855,16.54,3
Aug-2024,Valorant,Oceania,4083737,2088247,300,52,6493755,597982,192556,5.61,4
Aug-2024,Valorant,Oceania,4045253,2159862,314,53,7705754,416053,219173,13.79,4
Aug-2024,Valorant,Oceania,4281916,2160310,317,44,9168768,362012,184976,9.52,2
Aug-2024,Valorant,Oceania,4131388,1867810,288,52,7821176,223999,274692,6.79,5
Aug-2024,Valorant,Oceania,4169679,2074519,313,53,7213366,393822,313519,9.84,5
Aug-2024,Valorant,Oceania,4574071,2145491,294,55,8491933,485342,181913,18.99,1
Aug-2024,Valorant,Oceania,4536643,1997815,279,53,8543361,443119,228162,19.38,5
Aug-2024,Valorant,Oceania,4365249,2124656,298,52,9124721,437306,287234,22.05,0
Aug-2024,Valorant,Oceania,3845952,2161634,275,59,5939321,494906,236917,13.41,5
Aug-2024,Valorant,Oceania,3924507,2067750,289,49,9493762,309156,168911,24.91,2
Aug-2024,Valorant,Oceania,3920627,1888267,311,44,6152287,282857,137185,20.09,5
Aug-2024,Valorant,Oceania,4268486,2208031,292,52,10092259,478120,174113,15.56,3
Aug-2024,Valorant,Oceania,4136578,2310642,288,48,8043610,457283,193702,10.61,1
Aug-2024,Valorant,Oceania,4540961,2157293,304,53,10889033,425919,148726,18.33,4
Aug-2024,Valorant,Oceania,4307483,2014242,293,54,10271916,440727,238403,6.78,5
Aug-2024,Valorant,Oceania,4024018,2420782,306,50,6218982,355783,183775,24.16,2
Sep-2024,Valorant,NA,4012395,1994975,295,53,8574648,353491,247302,16.55,1
Sep-2024,Valorant,NA,4396781,2091418,289,54,6944804,401290,213971,16.15,3
Sep-2024,Valorant,NA,4177007,2101322,323,50,9017220,390809,235288,20.01,2
Sep-2024,Valorant,NA,4246854,2045766,313,50,10244765,417897,98097,17.21,5
Sep-2024,Valorant,NA,4162238,1981511,281,58,9838750,426219,288407,24.05,1
Sep-2024,Valorant,NA,4008096,2070905,296,46,6424859,386828,213725,17.38,3
Sep-2024,Valorant,NA,3866896,2255410,272,51,6398186,462586,151998,22.69,1
Sep-2024,Valorant,NA,4216688,2141957,316,47,8190627,512616,292890,8.76,0
Sep-2024,Valorant,NA,3931582,2170903,311,49,7567718,479967,145355,21.25,1
Sep-2024,Valorant,NA,4158618,2081848,314,51,10007346,549862,173718,13.54,4
Sep-2024,Valorant,NA,3966712,2170890,293,48,8653625,374986,261093,23.82,0
Sep-2024,Valorant,NA,4281075,2017208,327,47,6661523,491259,174778,6.16,4
Sep-2024,Valorant,NA,3724646,2168860,289,52,6822117,350267,200873,11.31,4
Sep-2024,Valorant,NA,4323428,2246633,313,55,9888050,372196,183022,14.27,5
Sep-2024,Valorant,NA,4330842,2185241,286,59,7727216,414560,206489,17.57,0
Sep-2024,Valorant,NA,4223736,2041889,279,46,6759577,477323,199606,5.7,1
Sep-2024,Valorant,NA,3993342,1973269,291,49,8938948,472494,169206,11.49,4
Sep-2024,Valorant,NA,3923906,2005980,273,54,8825528,430662,200506,15.75,0
Sep-2024,Valorant,NA,4497229,1872901,276,49,11158112,326452,274005,20.6,0
Sep-2024,Valorant,NA,4242681,2289923,308,53,8295919,446196,171195,10.57,1
Sep-2024,Valorant,EU,4608798,2190894,261,45,6958232,573132,223690,22.86,4
Sep-2024,Valorant,EU,4271912,2116681,292,60,7334526,243060,154829,20.99,4
Sep-2024,Valorant,EU,4104676,2085564,295,52,10092765,467915,126234,24.24,4
Sep-2024,Valorant,EU,4557799,2047879,307,48,7644232,422714,200636,21.3,3
Sep-2024,Valorant,EU,4231445,2175883,338,52,9993224,250637,146951,6.85,3
Sep-2024,Valorant,EU,4390211,2181991,293,53,6949153,385817,204630,7.65,3
Sep-2024,Valorant,EU,4249384,2235920,298,53,9630718,349535,185293,9.09,5
Sep-2024,Valorant,EU,4161963,2121935,304,54,8548873,237062,196282,20.18,0
Sep-2024,Valorant,EU,4159296,1919065,296,51,9832571,433265,164871,14.61,2
Sep-2024,Valorant,EU,4114744,2049430,299,52,7520068,433212,221528,17.68,3
Sep-2024,Valorant,EU,4390148,2279616,308,47,8905534,542809,239751,18.72,0
Sep-2024,Valorant,EU,3943579,2222462,338,52,7503797,423789,164206,14.17,2
Sep-2024,Valorant,EU,4270563,1925904,299,48,6872332,448885,203600,6.42,4
Sep-2024,Valorant,EU,4164294,2243543,308,48,6400920,504217,251996,12.52,1
Sep-2024,Valorant,EU,4439363,2054282,296,50,9338198,384632,244569,24.79,4
Sep-2024,Valorant,EU,4113148,2095737,298,52,8557414,522955,237910,10.98,2
Sep-2024,Valorant,EU,3971456,2066401,317,50,8372200,291874,224693,6.05,1
Sep-2024,Valorant,EU,4281999,2013717,295,48,6682737,446515,180492,17.03,1
Sep-2024,Valorant,EU,4390597,2121601,303,53,9378192,349550,289115,15.36,1
Sep-2024,Valorant,EU,4463172,2098080,313,54,8203860,569030,252948,21.35,2
Sep-2024,Valorant,Asia,4251039,2035444,276,46,9216843,539422,166979,6.33,1
Sep-2024,Valorant,Asia,4488900,2132474,320,53,8676225,506708,252139,23.15,1
Sep-2024,Valorant,Asia,4224326,2210223,289,54,8387016,394288,159930,13.55,4
Sep-2024,Valorant,Asia,3684198,2066766,283,48,6497451,432400,183720,13.83,1
Sep-2024,Valorant,Asia,3689057,2192172,313,47,7340613,415051,139210,17.46,0
Sep-2024,Valorant,Asia,3848345,2269241,306,48,7057562,519628,197365,12.34,4
Sep-2024,Valorant,Asia,4433688,1955306,287,56,10224785,309272,229151,9.41,5
Sep-2024,Valorant,Asia,4358269,2085605,305,54,6871394,336947,216183,6.77,1
Sep-2024,Valorant,Asia,4142683,2080915,315,53,10199837,384465,203138,24.96,2
Sep-2024,Valorant,Asia,4030590,2050486,313,57,6484462,469080,222589,19.69,5
Sep-2024,Valorant,Asia,4191234,2178402,300,56,9840554,255648,287541,13.58,0
Sep-2024,Valorant,Asia,4230742,2027968,350,49,8738427,408544,172823,7.1,2
Sep-2024,Valorant,Asia,4505628,2134396,304,49,8527841,426282,211166,5.73,3
Sep-2024,Valorant,Asia,4383390,2015737,308,54,7866614,468309,204604,7.33,0
Sep-2024,Valorant,Asia,3989736,2143417,295,52,9936387,333762,194516,21.47,2
Sep-2024,Valorant,Asia,4507526,2156673,326,50,11234238,415812,204934,16.74,4
Sep-2024,Valorant,Asia,4446988,2055676,336,47,8596514,387247,187607,13.76,2
Sep-2024,Valorant,Asia,4508278,2112158,311,52,9700724,468788,273295,6.14,3
Sep-2024,Valorant,Asia,4304898,2071101,290,55,9264950,445488,131354,8.48,2
Sep-2024,Valorant,Asia,4063415,2100357,283,50,9057581,411461,160817,22.46,5
Sep-2024,Valorant,South America,4042700,2198725,288,53,6148863,451920,212085,19.35,4
Sep-2024,Valorant,South America,4013891,2111115,314,52,9860601,444704,161844,9.35,0
Sep-2024,Valorant,South America,4112818,2187674,298,48,8309925,472587,180995,20.29,2
Sep-2024,Valorant,South America,4047358,2169128,325,50,6463808,266837,207364,7.82,3
Sep-2024,Valorant,South America,4251542,2026949,304,58,10580186,511004,208342,20.69,2
Sep-2024,Valorant,South America,3982074,2103538,299,51,9896622,289384,168246,24.98,3
Sep-2024,Valorant,South America,4079032,2190509,300,53,9523664,420917,132268,11.3,4
Sep-2024,Valorant,South America,4399285,2164352,327,50,7008175,419276,281362,7.65,1
Sep-2024,Valorant,South America,4129092,2263451,298,53,9613657,502003,284617,20.48,0
Sep-2024,Valorant,South America,4300398,2167756,328,45,7708197,372620,214034,16.42,1
Sep-2024,Valorant,South America,4158096,2126608,304,50,8032662,437762,207071,23.1,4
Sep-2024,Valorant,South America,3985826,2304852,303,53,8790424,269454,231323,7.27,4
Sep-2024,Valorant,South America,3848721,2101891,317,52,6743324,366985,197942,11.02,3
Sep-2024,Valorant,South America,4217973,1982226,288,54,6358914,349884,225592,23.24,3
Sep-2024,Valorant,South America,4180466,2164416,266,51,8275089,313742,200440,23.03,0
Sep-2024,Valorant,South America,4369421,1994178,293,52,9758146,384355,143949,15.84,3
Sep-2024,Valorant,South America,4447732,2196575,282,49,7531213,368455,171698,10.79,4
Sep-2024,Valorant,South America,4274050,2222197,298,53,9703145,460696,210086,5.34,5
Sep-2024,Valorant,South America,4202533,2173253,310,54,10112600,554930,249642,6.22,2
Sep-2024,Valorant,South America,4134221,2048562,342,51,9677048,323608,239969,20.74,3
Sep-2024,Valorant,Africa,4017417,2415484,299,52,9543093,431718,184313,9.76,2
Sep-2024,Valorant,Africa,4288350,2240440,297,56,7885955,326386,169657,5.11,2
Sep-2024,Valorant,Africa,4163839,2103629,336,51,9436592,452348,203441,6.04,0
Sep-2024,Valorant,Africa,4273455,2065743,304,54,7259084,358970,184681,22.77,5
Sep-2024,Valorant,Africa,4140209,2185917,287,53,9754455,426047,257096,7.01,0
Sep-2024,Valorant,Africa,4054572,2162480,318,53,8379014,529873,211415,24.62,5
Sep-2024,Valorant,Africa,4687084,2115232,295,58,8627683,548432,298377,18.81,0
Sep-2024,Valorant,Africa,4359317,2102213,306,54,10537592,455061,231787,13.23,4
Sep-2024,Valorant,Africa,4451686,2254870,296,53,10408273,528316,199222,5.95,2
Sep-2024,Valorant,Africa,3941265,2082495,316,53,7843525,404285,209899,15.93,5
Sep-2024,Valorant,Africa,3827591,2196420,292,53,8258049,487805,217764,9.35,5
Sep-2024,Valorant,Africa,4266473,2193927,334,52,9474735,240001,224547,9.15,1
Sep-2024,Valorant,Africa,3840327,2026599,326,51,7742867,453463,138715,19.78,2
Sep-2024,Valorant,Africa,4110337,2058636,284,53,9123794,259019,290402,20.54,3
Sep-2024,Valorant,Africa,3804015,2022984,294,51,8737238,409100,174286,12.05,2
Sep-2024,Valorant,Africa,4212977,2122039,299,52,6512300,465337,171767,16.39,5
Sep-2024,Valorant,Africa,4289841,2153732,311,53,9005236,565422,288360,6.92,1
Sep-2024,Valorant,Africa,4269867,2017937,304,49,9392595,362151,271155,8.75,1
Sep-2024,Valorant,Africa,4031135,2011122,304,51,6565655,355260,236658,6.11,4
Sep-2024,Valorant,Africa,3957299,2120913,316,49,6010102,380691,197059,11.09,3
Sep-2024,Valorant,Oceania,4012916,2116156,318,50,6536556,510184,153488,5.7,2
Sep-2024,Valorant,Oceania,4631501,1962345,296,55,7878467,369642,173346,5.0,5
Sep-2024,Valorant,Oceania,4472330,1999296,281,53,7217338,473118,242682,15.68,5
Sep-2024,Valorant,Oceania,4253894,2117074,316,50,9234413,409344,177725,13.77,5
Sep-2024,Valorant,Oceania,4082362,1948822,317,51,6451742,495518,223554,15.52,3
Sep-2024,Valorant,Oceania,4369507,2224670,297,53,10896308,309121,206500,6.02,4
Sep-2024,Valorant,Oceania,4342089,2145279,291,54,9360848,321524,124138,19.41,2
Sep-2024,Valorant,Oceania,3980079,2200400,300,46,5970601,412120,210390,6.84,0
Sep-2024,Valorant,Oceania,4366411,2282871,289,48,10056453,284436,286773,13.96,4
Sep-2024,Valorant,Oceania,4459061,2182192,320,51,8833095,392647,288196,19.78,1
Sep-2024,Valorant,Oceania,4254940,2065722,322,55,9436449,465913,174910,6.54,1
Sep-2024,Valorant,Oceania,3891578,2017605,307,55,7671881,496594,245479,24.58,0
Sep-2024,Valorant,Oceania,4275707,2235358,316,57,7361059,517775,260850,24.74,1
Sep-2024,Valorant,Oceania,3815574,2097718,303,55,8289320,299504,193031,7.35,4
Sep-2024,Valorant,Oceania,3947656,2105261,292,54,6533467,273687,250169,6.75,3
Sep-2024,Valorant,Oceania,4196663,2153759,302,48,9337133,420093,174592,21.22,3
Sep-2024,Valorant,Oceania,4017700,2237447,314,53,9587773,357665,136349,19.96,1
Sep-2024,Valorant,Oceania,4576481,1981684,280,55,9771440,390462,134938,19.54,5
Sep-2024,Valorant,Oceania,4423834,2225295,313,54,7488853,546613,196712,13.82,4
Sep-2024,Valorant,Oceania,4248012,2196899,294,55,6746524,327886,213850,13.3,4
Oct-2024,Valorant,NA,4607090,2039571,309,51,6911229,480152,169155,23.37,1
Oct-2024,Valorant,NA,4514689,2030204,269,54,10759993,526237,281108,16.08,4
Oct-2024,Valorant,NA,4356565,2106663,320,51,8437465,442725,219625,9.12,4
Oct-2024,Valorant,NA,3853257,2291901,298,57,8501640,313751,186911,13.71,3
Oct-2024,Valorant,NA,3988117,2273284,298,55,8351297,321476,247508,6.67,0
Oct-2024,Valorant,NA,3995590,2242842,284,50,6648271,474082,189306,5.59,5
Oct-2024,Valorant,NA,4085562,2143449,325,52,9912946,387262,175593,15.71,1
Oct-2024,Valorant,NA,4326351,2116365,314,54,8906962,432814,232565,8.24,3
Oct-2024,Valorant,NA,4238419,2058046,322,54,6380040,331269,273122,21.99,2
Oct-2024,Valorant,NA,4216018,2061803,288,49,9582228,322404,214615,6.28,2
Oct-2024,Valorant,NA,4507996,2324998,318,57,9478990,396678,214931,21.2,5
Oct-2024,Valorant,NA,4445656,2123004,315,52,7440510,452589,255346,22.12,0
Oct-2024,Valorant,NA,4243137,1983835,299,46,7742369,415910,183343,7.21,5
Oct-2024,Valorant,NA,4117707,1825637,338,51,9425363,423123,166870,14.82,1
Oct-2024,Valorant,NA,3799837,2285630,329,50,7477862,475007,146469,13.19,0
Oct-2024,Valorant,NA,4165361,2004413,304,43,7172422,368216,186601,13.45,2
Oct-2024,Valorant,NA,4267268,2169664,295,54,10639698,389863,232639,5.46,5
Oct-2024,Valorant,NA,3908839,2021162,302,44,8625661,419402,245633,9.34,1
Oct-2024,Valorant,NA,4374108,2166514,296,54,8328948,505658,253729,9.25,0
Oct-2024,Valorant,NA,4113163,1914326,293,49,7066835,521190,146814,16.44,0
Oct-2024,Valorant,EU,4304801,2103373,289,51,6489151,244215,180614,17.1,1
Oct-2024,Valorant,EU,4102772,2264996,301,53,8570785,305604,222582,18.01,2
Oct-2024,Valorant,EU,3988866,2137288,304,55,8298588,373913,233141,24.45,5
Oct-2024,Valorant,EU,4333445,2329117,308,49,6548414,637198,285406,20.69,0
Oct-2024,Valorant,EU,3846876,2048012,323,51,7967897,381474,121210,13.67,0
Oct-2024,Valorant,EU,4095376,1993372,292,52,7978146,421299,191615,16.38,5
Oct-2024,Valorant,EU,4299922,1967047,286,54,8468614,526574,247861,13.05,1
Oct-2024,Valorant,EU,4115454,1941802,324,54,9197286,365945,210733,8.72,4
Oct-2024,Valorant,EU,4145632,2116244,299,49,7924797,440897,284990,23.03,1
Oct-2024,Valorant,EU,4095928,2226456,275,48,7212857,465434,197470,5.52,4
Oct-2024,Valorant,EU,3804885,1926156,298,55,9117386,316821,175011,9.11,1
Oct-2024,Valorant,EU,4048107,2048068,280,47,7640529,383034,172842,12.0,3
Oct-2024,Valorant,EU,3958608,2117167,305,53,8745156,321134,260193,15.4,3
Oct-2024,Valorant,EU,3864129,1907881,342,49,8585381,325358,143838,14.56,4
Oct-2024,Valorant,EU,3943775,2022830,287,62,6637968,317912,226996,14.46,2
Oct-2024,Valorant,EU,4221275,1989471,329,45,10367215,492252,259603,18.82,3
Oct-2024,Valorant,EU,4111882,2193437,286,48,9635693,297507,185772,7.81,1
Oct-2024,Valorant,EU,4251000,2036047,281,56,8939262,528067,295484,5.08,5
Oct-2024,Valorant,EU,4213370,2062201,297,57,8750417,475554,228500,5.05,4
Oct-2024,Valorant,EU,4031008,1992514,304,49,6097254,355764,206290,17.7,1
Oct-2024,Valorant,Asia,3914696,2223852,294,59,8521534,361289,230443,6.78,4
Oct-2024,Valorant,Asia,4234046,2017405,302,55,7225362,604623,214608,19.92,1
Oct-2024,Valorant,Asia,4287910,2299921,297,49,10633017,573061,211235,22.34,5
Oct-2024,Valorant,Asia,3947512,2048413,290,45,9350492,482853,200888,7.67,5
Oct-2024,Valorant,Asia,4353117,2005261,307,52,9980450,428065,277300,14.46,3
Oct-2024,Valorant,Asia,3933084,1848614,317,54,7111686,395024,131136,7.5,2
Oct-2024,Valorant,Asia,4095057,2063198,313,49,6931779,401234,208655,18.18,1
Oct-2024,Valorant,Asia,3907823,2331850,300,53,9654194,359759,244193,19.39,1
Oct-2024,Valorant,Asia,4333716,2204093,282,53,10222606,275068,221850,14.96,3
Oct-2024,Valorant,Asia,4503141,1987838,321,55,10825479,587454,256394,22.69,1
Oct-2024,Valorant,Asia,3875167,2131787,319,53,8763112,304051,160166,9.2,3
Oct-2024,Valorant,Asia,4520231,2106362,309,54,9513470,517014,226020,24.18,2
Oct-2024,Valorant,Asia,3840775,2250124,292,45,9441740,267566,163769,22.02,0
Oct-2024,Valorant,Asia,4160311,1931472,304,51,8448914,314263,169753,14.17,2
Oct-2024,Valorant,Asia,4619373,1956355,307,48,7621485,558613,263098,15.24,3
Oct-2024,Valorant,Asia,4347985,2027024,312,50,10300526,355288,231630,21.42,5
Oct-2024,Valorant,Asia,4305475,2109131,311,57,6544399,405900,189939,8.12,3
Oct-2024,Valorant,Asia,3916294,1941000,317,53,6820730,295155,111586,8.24,2
Oct-2024,Valorant,Asia,3836082,1990050,302,54,9065693,229184,213902,22.42,1
Oct-2024,Valorant,Asia,4304991,2387970,307,47,9014772,630496,203805,21.92,1
Oct-2024,Valorant,South America,4568000,2186126,292,49,10491176,553660,254324,9.52,4
Oct-2024,Valorant,South America,4696850,1968073,343,57,7540084,308806,222813,7.35,5
Oct-2024,Valorant,South America,4134603,2252763,299,53,6579349,502749,108513,19.38,0
Oct-2024,Valorant,South America,4003575,2098865,311,51,8062603,591190,163701,19.66,4
Oct-2024,Valorant,South America,4236613,2145707,309,51,6724560,449927,280774,11.83,0
Oct-2024,Valorant,South America,4102048,2096097,341,53,8986702,550813,216156,5.86,2
Oct-2024,Valorant,South America,4500579,1917537,306,50,6922298,559805,263206,22.69,4
Oct-2024,Valorant,South America,4383153,2140963,327,54,7234838,424823,284669,20.18,1
Oct-2024,Valorant,South America,4270351,2302496,311,53,7507889,411678,261110,6.05,3
Oct-2024,Valorant,South America,3976476,2076937,316,50,9837595,420455,215260,15.21,5
Oct-2024,Valorant,South America,4044366,2226892,287,52,6358174,356573,152727,23.13,4
Oct-2024,Valorant,South America,3756913,2101271,296,53,6787412,269550,191728,17.45,4
Oct-2024,Valorant,South America,3979367,2046394,296,56,8106838,493110,153074,12.77,5
Oct-2024,Valorant,South America,4084700,2117852,322,47,8106639,477053,183796,20.45,0
Oct-2024,Valorant,South America,3892136,2160698,298,49,7946499,355099,223276,5.54,0
Oct-2024,Valorant,South America,4170604,2099479,288,46,9081418,401107,139003,10.46,1
Oct-2024,Valorant,South America,4230612,2017445,321,52,9363566,439215,224520,15.94,5
Oct-2024,Valorant,South America,4440849,2159966,322,53,10989124,479132,199296,23.06,1
Oct-2024,Valorant,South America,4144110,1967960,311,52,7541791,390195,328774,21.96,1
Oct-2024,Valorant,South America,4187110,2271084,318,54,9222331,322122,230206,8.62,2
Oct-2024,Valorant,Africa,3976982,2197495,323,45,8213752,360992,211013,11.35,3
Oct-2024,Valorant,Africa,4274532,2072407,308,54,8189177,462967,236844,8.99,5
Oct-2024,Valorant,Africa,3885326,2162173,311,54,6509202,351644,138708,5.51,3
Oct-2024,Valorant,Africa,4497845,1929026,305,49,9578245,312185,257841,18.93,0
Oct-2024,Valorant,Africa,4455875,2065169,322,54,10056968,547761,312348,5.03,0
Oct-2024,Valorant,Africa,4276853,2160815,282,57,8196086,467969,225859,11.6,2
Oct-2024,Valorant,Africa,4076244,2046609,300,52,9679276,370168,234329,6.33,3
Oct-2024,Valorant,Africa,3981740,2071457,300,52,8614432,388354,179842,22.37,5
Oct-2024,Valorant,Africa,4019949,2009632,297,56,8445059,388494,233319,22.24,1
Oct-2024,Valorant,Africa,4238292,2125260,335,52,8777381,432551,217817,9.25,3
Oct-2024,Valorant,Africa,3941258,2120172,320,52,6527703,435866,165852,8.44,0
Oct-2024,Valorant,Africa,3817292,2072359,306,52,7662291,498941,195998,12.14,3
Oct-2024,Valorant,Africa,3951883,2185154,295,50,6640142,252488,212063,18.23,0
Oct-2024,Valorant,Africa,3830201,2058452,313,51,7491387,491598,243429,23.97,0
Oct-2024,Valorant,Africa,4122465,2239262,294,48,7452851,506413,197452,12.76,1
Oct-2024,Valorant,Africa,4142063,2136710,310,57,9131520,461048,249045,7.24,4
Oct-2024,Valorant,Africa,3943351,2153542,331,49,9258973,507503,217713,23.08,1
Oct-2024,Valorant,Africa,4398538,2333378,331,49,8489042,425212,246847,17.74,0
Oct-2024,Valorant,Africa,4260322,2205673,294,41,10303808,422500,205203,12.57,0
Oct-2024,Valorant,Africa,4518762,2159766,308,48,10785661,415100,146132,16.12,4
Oct-2024,Valorant,Oceania,4063639,2137616,317,52,7971402,394161,207820,18.54,3
Oct-2024,Valorant,Oceania,4231290,1892214,297,53,9440929,368935,190497,5.08,4
Oct-2024,Valorant,Oceania,4213575,2009528,281,55,8517562,460433,191673,6.42,4
Oct-2024,Valorant,Oceania,3970831,2172472,319,52,6014908,515784,230538,12.59,0
Oct-2024,Valorant,Oceania,4351140,2191693,311,54,7094046,536463,223507,8.51,3
Oct-2024,Valorant,Oceania,4332305,1994553,321,47,7606760,550925,170101,17.84,4
Oct-2024,Valorant,Oceania,4194923,2110782,306,46,8915914,425531,212556,15.66,4
Oct-2024,Valorant,Oceania,3844702,2186054,290,51,6202660,331351,180676,6.53,3
Oct-2024,Valorant,Oceania,4544524,2214597,299,50,10019513,408269,245795,10.15,5
Oct-2024,Valorant,Oceania,3861809,2151712,303,55,6519141,319621,169630,9.81,2
Oct-2024,Valorant,Oceania,3969510,2266079,323,53,9544640,393350,107626,23.35,3
Oct-2024,Valorant,Oceania,4270848,2001486,317,50,10100205,367835,201902,22.41,1
Oct-2024,Valorant,Oceania,3971052,2053807,290,49,8148982,356813,213250,24.07,0
Oct-2024,Valorant,Oceania,4066273,2111943,298,48,8694550,134853,236314,22.05,1
Oct-2024,Valorant,Oceania,4287116,2122398,297,54,8823450,416553,166469,16.31,2
Oct-2024,Valorant,Oceania,4182424,2218243,298,49,7115010,465224,276172,6.79,4
Oct-2024,Valorant,Oceania,4114855,2200041,298,48,9144820,514259,200591,6.82,5
Oct-2024,Valorant,Oceania,4146995,2016961,295,55,10351575,490554,213069,6.82,0
Oct-2024,Valorant,Oceania,4426319,1994903,320,49,7831453,360525,204285,9.93,2
Oct-2024,Valorant,Oceania,4037249,2100719,311,50,8216615,464597,173122,7.56,4
Nov-2024,Valorant,NA,3941393,2204030,272,49,9700978,469174,205827,12.54,5
Nov-2024,Valorant,NA,4029773,2111935,315,53,6191946,474148,198422,5.59,3
Nov-2024,Valorant,NA,4439833,1965337,310,47,7940688,438169,149586,19.8,1
Nov-2024,Valorant,NA,4493828,2217386,316,48,7229185,443572,210829,12.5,3
Nov-2024,Valorant,NA,4304498,2186200,312,55,7894222,464331,136584,13.9,0
Nov-2024,Valorant,NA,4531889,1964369,297,50,10104293,309105,219942,14.84,1
Nov-2024,Valorant,NA,3927488,1996746,305,47,7568813,419367,168969,13.97,2
Nov-2024,Valorant,NA,4116798,2044036,286,55,7273836,427945,185123,15.08,0
Nov-2024,Valorant,NA,4122826,2180609,298,51,7221861,416510,255857,10.47,0
Nov-2024,Valorant,NA,3880192,2112700,312,50,5917730,420544,199885,8.34,1
Nov-2024,Valorant,NA,4096559,2276068,317,55,6491483,302824,279048,13.21,5
Nov-2024,Valorant,NA,4363595,2266693,293,48,8747994,427082,241451,16.91,1
Nov-2024,Valorant,NA,4189009,2146614,308,53,7006984,356229,127453,8.22,5
Nov-2024,Valorant,NA,4494452,2042006,276,51,6976420,441783,157697,8.67,0
Nov-2024,Valorant,NA,4095442,1973302,285,49,9813650,238592,213890,5.37,5
Nov-2024,Valorant,NA,4338028,1935211,288,51,7534147,365336,210364,11.57,5
Nov-2024,Valorant,NA,4269556,2309013,298,51,9258097,441755,220380,12.21,5
Nov-2024,Valorant,NA,4344004,2024951,289,51,10279997,379801,121283,18.53,5
Nov-2024,Valorant,NA,4294874,2142400,311,47,9905953,377521,285266,9.34,5
Nov-2024,Valorant,NA,4335218,2189164,271,54,7846611,348028,245945,7.43,3
Nov-2024,Valorant,EU,4419775,1833197,314,53,8479860,466107,212676,11.66,5
Nov-2024,Valorant,EU,4440968,2103765,311,51,8190649,351278,253232,23.0,3
Nov-2024,Valorant,EU,4132515,2113950,291,55,9611607,394582,175253,5.5,3
Nov-2024,Valorant,EU,4415785,2124583,326,51,10053042,425061,272505,13.82,3
Nov-2024,Valorant,EU,4461540,2262047,315,47,8396066,398111,136886,8.9,0
Nov-2024,Valorant,EU,4535586,2076722,324,56,8087236,410762,236213,12.5,2
Nov-2024,Valorant,EU,4323537,2116719,319,50,10382416,479574,231572,12.14,4
Nov-2024,Valorant,EU,4144514,2021353,321,49,8758282,403691,247929,10.2,3
Nov-2024,Valorant,EU,4236781,2076003,302,51,7510815,480868,253747,7.45,2
Nov-2024,Valorant,EU,4455383,2265205,282,55,10200064,499715,246850,5.36,1
Nov-2024,Valorant,EU,3705023,2110091,340,49,9039763,348237,147454,14.18,4
Nov-2024,Valorant,EU,4265197,2167800,319,54,6970738,514593,233102,20.03,3
Nov-2024,Valorant,EU,4019603,2127911,299,45,6862568,599525,173884,19.02,0
Nov-2024,Valorant,EU,4046133,2011780,312,50,9949020,471310,258611,17.4,4
Nov-2024,Valorant,EU,3957154,1984016,286,52,9626696,326185,111608,10.14,3
Nov-2024,Valorant,EU,4181561,1941290,302,49,8026835,372022,278886,9.24,2
Nov-2024,Valorant,EU,4290079,2063720,326,49,6628157,538106,242217,18.65,1
Nov-2024,Valorant,EU,4268628,1835722,322,54,7393433,456813,279637,7.05,1
Nov-2024,Valorant,EU,4647359,2221389,273,50,11182937,506338,247955,21.8,5
Nov-2024,Valorant,EU,3840918,2173371,308,58,7957278,311483,178278,5.55,4
Nov-2024,Valorant,Asia,4056788,2186592,316,51,7281033,556329,189060,14.94,5
Nov-2024,Valorant,Asia,4514379,2236916,318,54,7950189,306078,255057,10.56,5
Nov-2024,Valorant,Asia,4505355,2267158,299,54,10608743,401410,310377,21.17,2
Nov-2024,Valorant,Asia,4416893,1977940,313,48,9427110,297040,198607,23.86,2
Nov-2024,Valorant,Asia,4168583,2209466,335,50,9409191,307679,148218,17.17,5
Nov-2024,Valorant,Asia,4285833,2092687,308,51,9642199,455993,200066,15.68,4
Nov-2024,Valorant,Asia,4604423,2215786,306,53,7363817,491689,284077,19.17,3
Nov-2024,Valorant,Asia,4419704,2251952,317,57,10071672,469627,280257,23.81,4
Nov-2024,Valorant,Asia,4318132,1955106,299,49,8391366,478154,220730,8.16,2
Nov-2024,Valorant,Asia,4143995,1994768,314,49,9797370,478485,255646,16.74,4
Nov-2024,Valorant,Asia,3872976,2193289,296,52,7467192,478541,104000,19.53,4
Nov-2024,Valorant,Asia,4089120,2271277,287,47,6733641,310677,196796,10.66,5
Nov-2024,Valorant,Asia,4215297,2125759,281,54,7191880,451986,206556,11.71,1
Nov-2024,Valorant,Asia,3887689,2195135,283,45,7392887,263643,204839,6.37,0
Nov-2024,Valorant,Asia,4054279,2148788,300,48,8872323,535505,206212,21.37,4
Nov-2024,Valorant,Asia,4591538,2213396,312,53,8411119,501552,250387,5.33,5
Nov-2024,Valorant,Asia,3711377,2156793,296,55,5963714,451049,217757,5.1,4
Nov-2024,Valorant,Asia,4230899,2199643,300,45,6727723,325715,254606,23.6,4
Nov-2024,Valorant,Asia,4201800,2210955,280,50,8969382,519062,177215,14.21,0
Nov-2024,Valorant,Asia,4420286,2142042,275,50,10589788,473241,234817,11.9,3
Nov-2024,Valorant,South America,4447887,1982180,308,55,10685532,465491,323538,23.38,0
Nov-2024,Valorant,South America,4076993,1990774,332,53,6569379,375360,134349,13.97,1
Nov-2024,Valorant,South America,4134651,2110370,301,49,9503769,330505,189328,15.56,2
Nov-2024,Valorant,South America,4294407,2017231,292,47,7798757,321766,186046,18.2,1
Nov-2024,Valorant,South America,4185341,2078893,318,53,8220996,530179,169846,21.7,4
Nov-2024,Valorant,South America,3901546,2024549,300,55,9206553,387753,267286,11.19,0
Nov-2024,Valorant,South America,4203429,2082019,344,50,10157166,326648,213157,14.62,5
Nov-2024,Valorant,South America,4214982,1974047,320,50,7756243,421588,120583,9.08,4
Nov-2024,Valorant,South America,4410930,2025290,295,46,8545536,315758,222317,18.46,1
Nov-2024,Valorant,South America,3964765,2264202,291,53,9397139,441614,194110,14.52,2
Nov-2024,Valorant,South America,4084463,2043587,307,46,6949594,561398,262134,5.32,2
Nov-2024,Valorant,South America,4396819,2161307,270,59,10928244,465912,227674,11.32,0
Nov-2024,Valorant,South America,4023458,2280986,306,53,7800822,416815,183847,12.08,0
Nov-2024,Valorant,South America,4320544,1989110,295,51,8500218,475923,179079,16.71,5
Nov-2024,Valorant,South America,4032604,2061649,319,50,9917445,377612,294370,22.82,1
Nov-2024,Valorant,South America,3802417,2034563,310,54,7000391,545011,229543,20.68,5
Nov-2024,Valorant,South America,4108962,2305627,300,55,7154532,492211,215713,21.51,1
Nov-2024,Valorant,South America,4206606,2218359,297,54,9819773,498995,212682,16.65,2
Nov-2024,Valorant,South America,4258670,2029911,308,54,7018703,255105,181852,18.37,4
Nov-2024,Valorant,South America,4389027,2059471,305,48,9211367,436913,125104,15.89,3
Nov-2024,Valorant,Africa,4167841,1981294,318,50,9530750,353150,259228,14.1,2
Nov-2024,Valorant,Africa,4488987,1988194,271,53,7199072,484385,145772,11.14,1
Nov-2024,Valorant,Africa,4510140,2052485,319,53,7573444,358504,259145,16.82,1
Nov-2024,Valorant,Africa,3810201,2120513,291,57,8163444,297701,242881,5.44,0
Nov-2024,Valorant,Africa,4323204,2176803,314,48,8134338,514244,332433,24.11,3
Nov-2024,Valorant,Africa,4088123,2201520,336,56,6977582,477575,141148,9.06,4
Nov-2024,Valorant,Africa,4146022,2274729,284,54,7626036,439343,203678,22.99,5
Nov-2024,Valorant,Africa,4394805,2155250,277,53,8613400,377724,207216,21.73,0
Nov-2024,Valorant,Africa,3953761,2220313,350,55,8709386,440314,156973,20.79,3
Nov-2024,Valorant,Africa,4257708,2178233,294,56,7427410,379371,198612,10.28,3
Nov-2024,Valorant,Africa,4043190,2091367,301,51,8806148,407018,114510,14.11,4
Nov-2024,Valorant,Africa,4283886,2215489,305,51,8118409,586177,188290,24.75,1
Nov-2024,Valorant,Africa,4393366,2272812,285,47,8595123,485199,231270,21.1,3
Nov-2024,Valorant,Africa,4148557,2288525,302,53,10060810,348147,198380,7.41,1
Nov-2024,Valorant,Africa,4172390,2026904,319,57,7360988,389892,186951,5.87,2
Nov-2024,Valorant,Africa,3897114,2126791,305,49,9346855,411547,260302,7.74,1
Nov-2024,Valorant,Africa,4067670,1966085,319,48,7809007,404007,212005,10.05,4
Nov-2024,Valorant,Africa,4040418,2027766,315,51,9176366,485808,130796,20.78,5
Nov-2024,Valorant,Africa,4365719,2162272,308,49,8597527,532378,253591,21.33,2
Nov-2024,Valorant,Africa,4330042,2254321,309,51,8379473,424043,293648,17.84,5
Nov-2024,Valorant,Oceania,4261130,2332643,318,47,10239773,340849,183418,22.01,4
Nov-2024,Valorant,Oceania,4469147,2039881,325,57,10989761,443586,182670,7.1,1
Nov-2024,Valorant,Oceania,4242980,2163734,291,56,7520552,548594,225265,13.17,1
Nov-2024,Valorant,Oceania,4039857,2073082,311,46,6966892,425356,135964,11.34,2
Nov-2024,Valorant,Oceania,4414905,2056414,309,52,8293071,510764,156430,10.83,0
Nov-2024,Valorant,Oceania,4153240,2187009,281,53,10168704,414308,231705,19.87,5
Nov-2024,Valorant,Oceania,4420970,2154484,301,53,10121780,418388,208491,18.18,3
Nov-2024,Valorant,Oceania,4337419,2215928,300,50,8838288,366877,219819,24.17,3
Nov-2024,Valorant,Oceania,4151575,2171561,278,46,9828244,432784,187413,5.48,3
Nov-2024,Valorant,Oceania,4280216,2236665,284,50,10688627,317194,110904,14.93,3
Nov-2024,Valorant,Oceania,4155913,2151793,318,50,7268572,309946,175116,21.95,5
Nov-2024,Valorant,Oceania,4209538,2072540,283,49,6971758,397270,152556,6.63,5
Nov-2024,Valorant,Oceania,4715999,2259415,300,53,10686101,371722,274868,22.5,2
Nov-2024,Valorant,Oceania,4110680,2149410,317,48,8817750,508621,176902,7.23,0
Nov-2024,Valorant,Oceania,3895598,2257867,292,53,8707146,364530,176207,20.32,2
Nov-2024,Valorant,Oceania,4484056,2114445,332,49,10533262,356365,205613,23.71,0
Nov-2024,Valorant,Oceania,4345797,2068137,307,51,9821793,409025,175937,9.05,1
Nov-2024,Valorant,Oceania,4174266,2061383,304,46,8896422,474196,313050,8.81,4
Nov-2024,Valorant,Oceania,4355553,2160275,303,49,7055892,393269,165016,19.1,5
Nov-2024,Valorant,Oceania,4326788,2023676,294,48,7089243,326361,254845,22.15,3
Dec-2024,Valorant,NA,4312555,2058720,299,54,8250440,564260,243324,14.73,4
Dec-2024,Valorant,NA,4160666,2130712,306,53,9408541,314810,173098,10.24,3
Dec-2024,Valorant,NA,3918360,2005217,292,48,6486616,300503,193146,12.74,3
Dec-2024,Valorant,NA,4154903,1930374,302,51,10344856,430749,214679,14.33,5
Dec-2024,Valorant,NA,4202182,2076693,318,54,7568018,331428,247043,12.35,3
Dec-2024,Valorant,NA,3998455,2252444,289,50,8912976,554734,240532,13.99,4
Dec-2024,Valorant,NA,4248217,2007997,301,54,10431920,421769,257314,8.88,3
Dec-2024,Valorant,NA,4253350,2024449,307,47,9706786,376000,219731,5.05,5
Dec-2024,Valorant,NA,3664046,2207911,275,45,5608673,354191,185753,8.35,1
Dec-2024,Valorant,NA,4207306,2247950,276,53,8577497,477082,160036,12.68,5
Dec-2024,Valorant,NA,4228359,2186322,304,53,6995610,487019,158597,7.41,4
Dec-2024,Valorant,NA,4210491,2307424,292,52,9363351,414938,280618,19.19,2
Dec-2024,Valorant,NA,4379986,2126112,289,47,9546755,545066,187969,19.38,1
Dec-2024,Valorant,NA,4307254,2129801,297,55,6656166,456999,173827,12.18,3
Dec-2024,Valorant,NA,3980177,2151556,296,55,7776950,336225,261316,23.54,1
Dec-2024,Valorant,NA,4180664,1987034,296,51,7776882,455605,227596,17.38,0
Dec-2024,Valorant,NA,4479033,1995347,299,45,9366890,511724,236762,24.14,1
Dec-2024,Valorant,NA,3977640,2174072,311,54,8212956,371658,134345,15.65,0
Dec-2024,Valorant,NA,3806278,2061557,293,50,7163656,356511,144158,19.69,0
Dec-2024,Valorant,NA,4017417,1985843,304,51,6041992,481441,167486,23.5,0
Dec-2024,Valorant,EU,4236362,2229792,316,52,8536168,421151,242762,21.6,3
Dec-2024,Valorant,EU,3884115,2084543,299,53,5969883,343357,171088,12.27,5
Dec-2024,Valorant,EU,4389590,2013078,296,47,6929953,351859,182836,18.52,1
Dec-2024,Valorant,EU,3995147,2309610,279,51,8617608,398457,219231,18.17,5
Dec-2024,Valorant,EU,4465806,2060583,308,53,10118980,341674,230551,11.41,0
Dec-2024,Valorant,EU,3715093,1991712,290,53,7127899,458388,208226,21.07,5
Dec-2024,Valorant,EU,4287522,1989813,304,54,8798373,523204,177531,13.27,2
Dec-2024,Valorant,EU,4143635,2089664,298,50,8787915,489621,197625,21.57,5
Dec-2024,Valorant,EU,4151419,1973815,326,47,7426513,402534,118720,11.15,1
Dec-2024,Valorant,EU,3858396,1965378,267,50,6197336,275612,218704,19.07,3
Dec-2024,Valorant,EU,3998521,2098850,305,54,6830481,411424,258965,9.66,2
Dec-2024,Valorant,EU,4122509,2220517,297,52,8620938,589605,178730,21.82,0
Dec-2024,Valorant,EU,4344658,2189642,296,52,7938909,448303,231888,22.5,3
Dec-2024,Valorant,EU,4498307,2011792,274,48,8781494,391023,222188,22.53,5
Dec-2024,Valorant,EU,4122983,2070112,311,49,10093874,521314,188952,19.66,4
Dec-2024,Valorant,EU,4048702,2177729,289,53,7184005,529966,175367,22.16,1
Dec-2024,Valorant,EU,4337369,2172177,318,53,8154686,455073,173050,11.21,5
Dec-2024,Valorant,EU,4458915,2211931,297,53,9030855,491505,186769,16.2,2
Dec-2024,Valorant,EU,4297398,1930595,328,52,9392500,501064,187518,10.87,2
Dec-2024,Valorant,EU,4320356,2253882,294,48,7559963,418038,203810,16.64,0
Dec-2024,Valorant,Asia,4047361,2126654,306,53,8975717,397893,209805,21.34,0
Dec-2024,Valorant,Asia,4408581,2085616,300,55,6793284,527583,187534,12.43,2
Dec-2024,Valorant,Asia,4211746,1918889,294,54,9067670,324400,220532,11.83,3
Dec-2024,Valorant,Asia,4480784,2326709,284,52,7393957,589499,267620,18.75,4
Dec-2024,Valorant,Asia,4148148,2007222,311,51,7905794,357483,265361,9.32,2
Dec-2024,Valorant,Asia,4170457,1947880,293,48,8593978,307754,278166,22.76,0
Dec-2024,Valorant,Asia,4140431,2257283,291,52,8065908,441548,182866,23.6,5
Dec-2024,Valorant,Asia,4342187,1896122,290,51,8332002,544741,191987,14.02,0
Dec-2024,Valorant,Asia,4192318,2041435,297,53,7140081,439676,130180,11.06,3
Dec-2024,Valorant,Asia,4089097,2073117,292,48,7934805,532933,230257,9.23,2
Dec-2024,Valorant,Asia,4191013,2212907,309,54,9420333,397892,184186,23.11,1
Dec-2024,Valorant,Asia,4290464,2271853,314,52,7757489,384295,176181,18.6,5
Dec-2024,Valorant,Asia,4293043,2165459,292,52,9231207,492824,202516,15.96,4
Dec-2024,Valorant,Asia,4002484,2064713,320,54,9575980,437386,182793,24.93,4
Dec-2024,Valorant,Asia,4257045,1900110,313,54,6429035,379060,278207,18.88,4
Dec-2024,Valorant,Asia,4268777,2051033,305,51,6765827,380335,180806,16.44,3
Dec-2024,Valorant,Asia,4321467,2161948,337,50,10619181,44194,142255,18.87,4
Dec-2024,Valorant,Asia,3959314,2101096,315,52,7092377,321408,197507,10.83,0
Dec-2024,Valorant,Asia,4375188,2222726,310,51,6841707,563511,244676,6.28,4
Dec-2024,Valorant,Asia,4346070,1964345,313,53,7923720,538262,278930,23.87,4
Dec-2024,Valorant,South America,4374250,2150001,315,53,9230469,377190,172977,8.69,2
Dec-2024,Valorant,South America,4515610,2083669,309,52,8502110,717700,259833,22.51,4
Dec-2024,Valorant,South America,4261249,2173282,299,49,10328058,421790,310395,17.24,5
Dec-2024,Valorant,South America,3989895,2236008,294,47,9197627,400756,192023,15.96,2
Dec-2024,Valorant,South America,4166846,2045306,299,53,8534708,296426,200154,7.46,5
Dec-2024,Valorant,South America,4004077,2128706,286,47,7149419,342673,203559,15.84,5
Dec-2024,Valorant,South America,4427019,2008812,277,52,7527743,579105,229962,15.77,2
Dec-2024,Valorant,South America,3971829,2207593,289,58,7816083,421392,151874,18.94,3
Dec-2024,Valorant,South America,4028243,2027982,301,54,7676924,315172,268604,5.12,0
Dec-2024,Valorant,South America,4261385,2114639,279,50,9234936,312257,243800,20.0,0
Dec-2024,Valorant,South America,3989080,2074874,318,52,7199549,404832,177761,6.8,3
Dec-2024,Valorant,South America,3947315,2033190,309,49,8659035,423017,217854,11.75,0
Dec-2024,Valorant,South America,4121278,2177873,303,51,9568234,464150,201537,16.14,1
Dec-2024,Valorant,South America,3998079,2022452,316,52,6192740,567610,222116,21.79,5
Dec-2024,Valorant,South America,4064060,1910952,293,47,7988464,479549,234645,18.99,1
Dec-2024,Valorant,South America,4005405,2280061,306,52,7833079,408971,233161,19.38,0
Dec-2024,Valorant,South America,4261152,2075125,309,54,9638913,371277,155777,8.2,0
Dec-2024,Valorant,South America,3745653,2064590,278,54,7738929,402426,158029,10.95,4
Dec-2024,Valorant,South America,4200496,2390653,326,47,9201118,281469,285521,17.47,5
Dec-2024,Valorant,South America,4476544,1997177,277,49,8674761,389111,199856,15.4,3
Dec-2024,Valorant,Africa,4037810,2156326,299,53,6413223,245920,184098,12.63,0
Dec-2024,Valorant,Africa,3871773,2107253,310,52,6247140,374139,202752,23.17,0
Dec-2024,Valorant,Africa,4036511,1991971,279,52,8796108,397140,180655,5.49,0
Dec-2024,Valorant,Africa,3975834,2166068,310,52,7561024,364780,224339,7.77,0
Dec-2024,Valorant,Africa,4021784,1934899,296,52,6564178,452618,165715,22.06,1
Dec-2024,Valorant,Africa,4283474,2245315,306,48,8131813,412326,192332,9.38,3
Dec-2024,Valorant,Africa,3774646,1977949,306,54,8271395,342555,186472,24.95,3
Dec-2024,Valorant,Africa,3875117,2193938,358,51,7878369,560103,212587,18.91,4
Dec-2024,Valorant,Africa,4126564,2099037,296,51,9795911,491094,214014,18.27,0
Dec-2024,Valorant,Africa,4482882,2292197,285,54,9247577,542629,139025,23.0,2
Dec-2024,Valorant,Africa,4235845,2205547,326,53,9440674,431664,173047,17.22,1
Dec-2024,Valorant,Africa,4112507,2116784,306,56,8142611,319326,171013,18.21,5
Dec-2024,Valorant,Africa,4262658,2083601,294,51,6913204,345920,177547,15.98,2
Dec-2024,Valorant,Africa,4453927,2088693,294,53,7617646,496655,248070,21.6,2
Dec-2024,Valorant,Africa,3975430,2039647,328,54,6587875,384112,172371,15.36,5
Dec-2024,Valorant,Africa,4368130,1910934,303,46,7546308,447468,161741,9.71,3
Dec-2024,Valorant,Africa,4671923,2182168,309,53,7952484,536368,163587,9.3,1
Dec-2024,Valorant,Africa,4110971,1986383,304,50,8771652,329614,143161,16.47,2
Dec-2024,Valorant,Africa,4334424,2052295,329,48,8077277,528579,245720,20.0,2
Dec-2024,Valorant,Africa,4189180,2132650,315,52,9128173,264191,197186,13.62,4
Dec-2024,Valorant,Oceania,4019709,2069880,306,52,8808954,390281,250084,19.35,3
Dec-2024,Valorant,Oceania,4228320,2234811,306,53,9632488,402572,209860,14.97,2
Dec-2024,Valorant,Oceania,3813686,2032157,293,52,8388001,406228,179014,15.38,5
Dec-2024,Valorant,Oceania,4445717,2212616,289,50,7013877,361094,227758,5.5,1
Dec-2024,Valorant,Oceania,4192548,2038282,318,53,6503522,431955,252473,6.41,3
Dec-2024,Valorant,Oceania,4024636,2025422,312,51,8731310,411474,162284,15.03,2
Dec-2024,Valorant,Oceania,3784995,2007604,302,49,6800013,322071,185924,17.24,5
Dec-2024,Valorant,Oceania,4195558,2109380,319,54,6585670,439915,208101,15.67,2
Dec-2024,Valorant,Oceania,4243036,2234370,334,53,8266627,704767,230684,5.31,5
Dec-2024,Valorant,Oceania,4110123,2089190,299,55,9158857,486298,204775,14.65,2
Dec-2024,Valorant,Oceania,4412426,2286383,301,48,9193632,418467,228102,18.23,5
Dec-2024,Valorant,Oceania,4244376,2017036,313,54,7079085,367812,211355,19.45,3
Dec-2024,Valorant,Oceania,4529771,2244747,295,55,6940980,570606,202694,20.11,5
Dec-2024,Valorant,Oceania,4288427,2027854,296,48,9938925,468399,178273,7.2,1
Dec-2024,Valorant,Oceania,4047795,2052992,295,46,6879456,479064,258692,24.0,4
Dec-2024,Valorant,Oceania,3707110,2194943,316,49,8318893,293554,184951,17.56,3
Dec-2024,Valorant,Oceania,3922735,2085692,288,50,6021949,378351,224606,11.58,4
Dec-2024,Valorant,Oceania,4014802,2157826,312,47,8378611,350557,202083,16.76,2
Dec-2024,Valorant,Oceania,4048437,2005598,293,55,8771084,514265,217201,14.45,2
Dec-2024,Valorant,Oceania,4340718,2189067,317,55,8678653,427120,225867,18.13,1
Jan-2024,Minecraft,NA,4137718,1918218,255,48,7594331,249808,284431,6.15,1
Jan-2024,Minecraft,NA,3876144,2012360,251,50,9393253,338065,205901,17.99,3
Jan-2024,Minecraft,NA,4015049,1758937,271,49,6617660,515900,129546,12.88,3
Jan-2024,Minecraft,NA,4166336,1808614,257,52,10249196,523720,159260,23.87,0
Jan-2024,Minecraft,NA,3962031,1749226,269,52,8661662,462895,251656,10.55,0
Jan-2024,Minecraft,NA,4079662,1808451,246,46,9680297,373030,201404,8.72,5
Jan-2024,Minecraft,NA,4342607,1886995,276,53,9821534,492371,154169,9.89,5
Jan-2024,Minecraft,NA,4208857,1734895,251,50,7747948,352092,167743,18.69,1
Jan-2024,Minecraft,NA,4215584,1748970,253,46,6743208,567719,193649,9.79,4
Jan-2024,Minecraft,NA,3506924,1794689,240,44,7287874,291241,199707,18.31,4
Jan-2024,Minecraft,NA,4187263,1938286,266,49,9681686,371891,106268,6.0,4
Jan-2024,Minecraft,NA,3832753,1930861,266,47,5801980,332010,148372,15.14,5
Jan-2024,Minecraft,NA,3876909,1904290,256,51,8464883,386837,166229,18.18,2
Jan-2024,Minecraft,NA,3669354,1900830,261,49,8704172,362355,235145,10.41,0
Jan-2024,Minecraft,NA,4456731,1903141,279,47,9469716,465194,279428,9.87,2
Jan-2024,Minecraft,NA,4513647,1790241,264,48,8205703,378017,226849,12.77,0
Jan-2024,Minecraft,NA,4325407,1814586,230,48,7306028,360278,298682,17.52,0
Jan-2024,Minecraft,NA,3750179,1726056,259,51,6619796,298284,167265,15.34,5
Jan-2024,Minecraft,NA,3737427,1903516,274,50,7958718,378207,218437,8.94,3
Jan-2024,Minecraft,NA,4324438,1816856,247,50,6782411,292855,191336,20.19,0
Jan-2024,Minecraft,EU,4097858,1894107,282,52,7717547,384184,268277,16.24,1
Jan-2024,Minecraft,EU,3879294,1979281,243,45,6718675,277699,168816,8.67,4
Jan-2024,Minecraft,EU,3756478,1908998,240,49,5881634,450742,216355,6.16,2
Jan-2024,Minecraft,EU,3809480,1927750,278,48,7552774,506855,230060,16.35,5
Jan-2024,Minecraft,EU,3981149,1906060,236,49,6173076,530222,89242,17.06,0
Jan-2024,Minecraft,EU,4144607,1911821,272,52,9848118,394835,193438,6.99,0
Jan-2024,Minecraft,EU,4241625,1833497,258,51,9175388,487507,301647,6.23,2
Jan-2024,Minecraft,EU,4243558,1976994,263,49,9492161,364306,124871,16.64,0
Jan-2024,Minecraft,EU,4214632,1994774,268,50,7668938,300550,245060,16.86,3
Jan-2024,Minecraft,EU,3712275,1649704,229,50,7449742,424453,138556,15.71,0
Jan-2024,Minecraft,EU,3815706,1753825,238,50,9153912,478364,186348,9.36,1
Jan-2024,Minecraft,EU,3964135,1896090,264,47,6446746,484249,236244,17.48,5
Jan-2024,Minecraft,EU,4042130,1739929,253,47,8377382,207111,276758,23.19,2
Jan-2024,Minecraft,EU,4364195,1944305,280,54,10308789,440294,240514,21.04,3
Jan-2024,Minecraft,EU,4139933,1775465,260,51,6509330,345665,196005,8.12,2
Jan-2024,Minecraft,EU,4400117,1792063,251,48,7473965,407009,225427,10.79,2
Jan-2024,Minecraft,EU,3897291,1960735,227,51,9212460,420198,261258,16.49,0
Jan-2024,Minecraft,EU,3936696,1816140,272,45,9449333,419869,203728,14.52,1
Jan-2024,Minecraft,EU,4234595,1785864,254,48,7834402,340446,259553,12.34,3
Jan-2024,Minecraft,EU,4003170,2047739,249,59,6538212,368457,151174,24.27,0
Jan-2024,Minecraft,Asia,4121365,2058351,288,48,8421541,352907,185686,5.76,2
Jan-2024,Minecraft,Asia,3858272,1988527,228,50,6219245,409029,238866,11.55,3
Jan-2024,Minecraft,Asia,4216919,1824823,274,55,10047899,436239,182064,6.83,1
Jan-2024,Minecraft,Asia,3552403,1901725,271,46,7574362,386839,230442,17.64,2
Jan-2024,Minecraft,Asia,4141085,1770398,287,52,9207858,355371,151664,9.52,1
Jan-2024,Minecraft,Asia,4362345,1984977,253,39,9597598,372237,223256,24.9,2
Jan-2024,Minecraft,Asia,4094533,1845225,263,46,8525953,357976,281571,19.83,5
Jan-2024,Minecraft,Asia,3904398,2079353,267,51,6457853,409458,206335,10.62,2
Jan-2024,Minecraft,Asia,3563917,1997120,230,48,7544543,363015,190949,15.43,2
Jan-2024,Minecraft,Asia,4052745,1974467,254,51,7362636,404895,198463,23.83,4
Jan-2024,Minecraft,Asia,3834646,1840923,270,55,6128801,371407,184713,16.08,2
Jan-2024,Minecraft,Asia,3952408,1876794,267,54,8427357,386989,179179,9.28,5
Jan-2024,Minecraft,Asia,3999404,1882789,251,46,6021957,467660,108122,18.53,0
Jan-2024,Minecraft,Asia,4024924,1917479,284,53,6554323,338465,170048,7.35,3
Jan-2024,Minecraft,Asia,3916133,1968607,271,48,8698933,393588,93146,6.29,3
Jan-2024,Minecraft,Asia,4173925,1726369,256,47,6694340,467938,165922,9.92,5
Jan-2024,Minecraft,Asia,3890116,1893280,273,52,8715858,356468,187435,24.48,0
Jan-2024,Minecraft,Asia,3895652,1817204,260,48,7677046,423953,188485,19.57,1
Jan-2024,Minecraft,Asia,3702057,1685449,238,52,8656781,286821,146048,17.83,0
Jan-2024,Minecraft,Asia,3857642,1959754,264,55,6842161,313249,208898,22.81,5
Jan-2024,Minecraft,South America,3808891,1953135,276,51,5909142,363579,149200,11.39,5
Jan-2024,Minecraft,South America,4214271,1808527,276,53,9463270,389590,188784,8.23,3
Jan-2024,Minecraft,South America,4232480,1827129,273,53,10434788,566692,198753,13.11,0
Jan-2024,Minecraft,South America,3837604,2037557,249,50,8045501,390187,208357,8.78,5
Jan-2024,Minecraft,South America,3863195,2009436,237,46,6861442,524283,222990,7.79,3
Jan-2024,Minecraft,South America,4024786,1991098,270,53,10042125,340199,182323,14.0,1
Jan-2024,Minecraft,South America,4070359,1948823,263,53,7701183,516731,240719,16.67,1
Jan-2024,Minecraft,South America,3919286,2021183,256,54,6359190,294852,154179,21.54,4
Jan-2024,Minecraft,South America,3774264,1843791,250,52,8167574,406385,204864,14.64,0
Jan-2024,Minecraft,South America,4008130,1827941,291,49,9571069,355304,239694,23.06,2
Jan-2024,Minecraft,South America,4057929,1982967,257,49,6424852,431000,219426,7.56,4
Jan-2024,Minecraft,South America,4142775,2042468,282,49,9961583,384842,180538,15.6,5
Jan-2024,Minecraft,South America,3911114,1889982,265,51,9021311,416725,100007,16.26,1
Jan-2024,Minecraft,South America,4098349,1787628,277,46,7975035,449894,183849,13.88,1
Jan-2024,Minecraft,South America,4007846,1892740,299,48,8253754,457382,277008,15.17,5
Jan-2024,Minecraft,South America,3844983,1976727,248,48,7293126,448318,292050,12.13,1
Jan-2024,Minecraft,South America,3952038,1820867,263,49,7832631,491202,217720,22.68,4
Jan-2024,Minecraft,South America,4070192,1932064,271,50,7733665,348330,211623,14.46,1
Jan-2024,Minecraft,South America,3947666,1768815,263,48,6274273,475125,253051,8.26,0
Jan-2024,Minecraft,South America,3757333,1863181,257,47,8801049,350601,235078,20.44,5
Jan-2024,Minecraft,Africa,3692667,1904884,259,53,9191558,322447,167297,8.41,4
Jan-2024,Minecraft,Africa,3867317,1918132,263,52,9300914,180932,178695,6.05,0
Jan-2024,Minecraft,Africa,4055513,1881264,252,48,9734361,303291,188800,21.17,3
Jan-2024,Minecraft,Africa,4332923,1947981,276,47,9759414,283149,226148,7.24,2
Jan-2024,Minecraft,Africa,3952089,1798069,248,49,9453686,337218,193230,13.77,3
Jan-2024,Minecraft,Africa,4029167,1937567,256,51,9128886,444336,215635,5.29,2
Jan-2024,Minecraft,Africa,3933236,1872338,259,51,7296488,406816,185687,17.61,5
Jan-2024,Minecraft,Africa,4064972,1860430,253,48,7947519,358676,179196,5.69,4
Jan-2024,Minecraft,Africa,3915232,1947685,279,51,9200278,498409,167985,6.73,5
Jan-2024,Minecraft,Africa,4236297,1912601,251,52,9037294,421210,225280,7.9,1
Jan-2024,Minecraft,Africa,3967990,1847248,259,49,6165401,440728,203422,22.0,3
Jan-2024,Minecraft,Africa,3936884,1977767,251,48,8386183,471341,197742,6.73,2
Jan-2024,Minecraft,Africa,4269198,1879021,281,49,8571610,393094,146544,20.14,3
Jan-2024,Minecraft,Africa,4219021,1923752,262,45,9230386,571144,299885,22.82,5
Jan-2024,Minecraft,Africa,3551892,1912426,243,49,7184029,332603,192100,10.53,2
Jan-2024,Minecraft,Africa,3859547,2006204,256,51,7792630,450978,186037,12.92,5
Jan-2024,Minecraft,Africa,4401638,1880515,246,49,8802825,271172,192238,24.26,3
Jan-2024,Minecraft,Africa,3860151,2067774,242,55,6323369,304127,210021,10.43,5
Jan-2024,Minecraft,Africa,3977405,1903807,228,46,7176881,362622,264640,19.13,0
Jan-2024,Minecraft,Africa,3856114,1916857,262,47,8327616,458039,187678,22.33,4
Jan-2024,Minecraft,Oceania,4390524,1891075,257,48,7367635,459132,244599,16.06,1
Jan-2024,Minecraft,Oceania,4177367,1793140,265,50,10103541,526226,155735,13.35,1
Jan-2024,Minecraft,Oceania,3876873,1797447,246,47,9292308,429331,176338,13.87,5
Jan-2024,Minecraft,Oceania,4031796,1867380,270,50,8856226,413655,160555,13.55,1
Jan-2024,Minecraft,Oceania,3820733,1904307,263,48,7509734,463367,199630,19.67,3
Jan-2024,Minecraft,Oceania,4474736,1985308,269,49,8636748,417641,167293,10.69,0
Jan-2024,Minecraft,Oceania,4246214,1889203,240,46,7144475,432646,161747,15.18,1
Jan-2024,Minecraft,Oceania,3842808,1766618,256,51,7359584,360159,230794,6.92,2
Jan-2024,Minecraft,Oceania,3887017,1870254,254,51,6833511,304617,186702,12.58,3
Jan-2024,Minecraft,Oceania,4301223,1917461,276,49,8391618,332161,137258,24.82,4
Jan-2024,Minecraft,Oceania,3996450,1870051,265,50,8115580,337909,172414,16.61,1
Jan-2024,Minecraft,Oceania,3574809,1915545,251,51,5788420,298355,235516,19.94,2
Jan-2024,Minecraft,Oceania,3852080,1911160,274,49,9067125,336201,152805,22.2,0
Jan-2024,Minecraft,Oceania,4115782,1761783,273,49,9561841,385858,186110,15.58,1
Jan-2024,Minecraft,Oceania,4050873,1834670,255,43,7571324,427366,292272,8.19,0
Jan-2024,Minecraft,Oceania,4255917,1846648,272,52,7966406,493569,182531,10.55,2
Jan-2024,Minecraft,Oceania,4056572,1885916,264,46,8855904,447874,199480,17.67,4
Jan-2024,Minecraft,Oceania,3912194,1979426,251,44,7687188,337107,167990,14.24,2
Jan-2024,Minecraft,Oceania,4263537,1994566,245,49,8261067,343707,119830,21.18,3
Jan-2024,Minecraft,Oceania,3755687,1897339,273,45,8769333,363631,203322,11.36,4
Feb-2024,Minecraft,NA,4321703,1902100,271,53,6932755,594880,148479,17.35,4
Feb-2024,Minecraft,NA,3918776,1743566,253,49,9407461,415863,217963,23.91,0
Feb-2024,Minecraft,NA,4224421,1838342,268,50,8043064,301453,153734,15.02,4
Feb-2024,Minecraft,NA,4079348,1921147,270,48,8640473,378716,183326,20.52,3
Feb-2024,Minecraft,NA,4192434,1987555,268,45,9764259,293243,253727,6.23,0
Feb-2024,Minecraft,NA,4002129,2000740,241,54,9424912,514018,173678,13.51,2
Feb-2024,Minecraft,NA,4465400,1869610,271,45,8259871,322093,208858,16.28,2
Feb-2024,Minecraft,NA,4334529,1982483,262,43,8050876,442854,265783,23.66,2
Feb-2024,Minecraft,NA,4131433,1937715,250,53,8893768,361171,277580,7.0,0
Feb-2024,Minecraft,NA,4379489,1629763,282,50,9731332,358298,181172,6.27,3
Feb-2024,Minecraft,NA,3949066,1999853,280,53,6883952,373625,146178,20.26,4
Feb-2024,Minecraft,NA,3634040,1932630,262,52,7571202,275647,225960,12.28,3
Feb-2024,Minecraft,NA,3813428,2030725,248,53,5916015,455780,190885,23.6,4
Feb-2024,Minecraft,NA,4093136,1873745,243,49,9591436,332511,193150,11.7,5
Feb-2024,Minecraft,NA,3943435,2005459,265,48,6808425,449639,165530,21.97,0
Feb-2024,Minecraft,NA,4014431,1962894,242,48,9089008,529292,110514,12.83,4
Feb-2024,Minecraft,NA,4013371,1840937,287,55,8718504,521597,285974,10.81,3
Feb-2024,Minecraft,NA,3633778,1877532,229,46,6534499,421666,185055,17.74,1
Feb-2024,Minecraft,NA,4021209,2006015,264,47,8736320,271955,262493,16.56,1
Feb-2024,Minecraft,NA,4220388,1779144,271,51,8677365,348028,303920,7.59,4
Feb-2024,Minecraft,EU,4358105,1848519,277,48,7704970,404292,231355,5.48,5
Feb-2024,Minecraft,EU,3723853,1848470,251,49,7001142,317381,237022,19.51,5
Feb-2024,Minecraft,EU,3863911,1743894,265,54,8985980,429660,187835,10.35,1
Feb-2024,Minecraft,EU,4005332,1750089,236,50,8379745,327495,203619,18.62,2
Feb-2024,Minecraft,EU,4212765,1740623,232,50,6726487,453229,227890,15.54,0
Feb-2024,Minecraft,EU,3899733,1800445,240,51,9734385,356451,186994,5.85,4
Feb-2024,Minecraft,EU,3997476,1668275,245,47,9720325,346476,157295,15.84,0
Feb-2024,Minecraft,EU,3867250,1898047,299,47,7087198,444452,259313,21.1,3
Feb-2024,Minecraft,EU,4488437,1839675,255,51,8167346,537497,242505,19.43,2
Feb-2024,Minecraft,EU,4311095,1902435,255,49,10594300,235790,146781,7.98,4
Feb-2024,Minecraft,EU,4012750,1862895,215,48,8219456,318838,122716,16.22,3
Feb-2024,Minecraft,EU,4097769,1828448,257,48,7846475,626934,144033,17.65,0
Feb-2024,Minecraft,EU,4036878,1880322,249,51,8622484,411353,288671,21.09,0
Feb-2024,Minecraft,EU,4026995,1889627,275,53,7129182,443655,211194,23.39,4
Feb-2024,Minecraft,EU,3818176,1888308,258,57,8538557,492536,144000,21.73,0
Feb-2024,Minecraft,EU,3752023,1938051,269,50,6526584,329182,228433,5.99,3
Feb-2024,Minecraft,EU,3833620,1879618,236,47,5883763,439621,169269,16.02,0
Feb-2024,Minecraft,EU,3855962,1943225,237,54,6354730,417987,264566,8.84,2
Feb-2024,Minecraft,EU,3945841,1844571,273,52,7003459,328423,214763,21.43,3
Feb-2024,Minecraft,EU,4004064,1822507,240,49,9192775,364714,214888,11.35,1
Feb-2024,Minecraft,Asia,4440779,1896349,243,49,8720702,515697,263667,9.68,1
Feb-2024,Minecraft,Asia,3979887,1903855,252,45,9758887,393971,208667,13.04,0
Feb-2024,Minecraft,Asia,3597675,2064345,276,47,7671130,377537,161451,20.69,4
Feb-2024,Minecraft,Asia,4153938,1769092,249,50,6358488,534016,285372,20.61,5
Feb-2024,Minecraft,Asia,3979298,1943067,252,46,6576022,327494,123352,22.85,1
Feb-2024,Minecraft,Asia,3986854,1815182,260,49,7176368,499463,194785,10.71,5
Feb-2024,Minecraft,Asia,3905362,1902893,250,51,9424384,523502,196860,22.52,0
Feb-2024,Minecraft,Asia,4095305,1773385,271,48,7321091,410813,173808,16.81,2
Feb-2024,Minecraft,Asia,3891374,1899173,243,47,8689143,366138,206645,21.44,2
Feb-2024,Minecraft,Asia,4327659,1793117,261,52,7004327,504094,214160,19.7,5
Feb-2024,Minecraft,Asia,4327461,1819436,253,50,10466258,549075,241891,14.62,3
Feb-2024,Minecraft,Asia,4118106,1879344,267,51,7645856,356703,192470,8.36,4
Feb-2024,Minecraft,Asia,3937937,1934586,260,52,7107340,381454,178662,18.46,0
Feb-2024,Minecraft,Asia,3969152,1902884,265,47,8795923,467169,204794,8.34,4
Feb-2024,Minecraft,Asia,3844823,1828701,270,49,7797168,329493,177305,23.41,2
Feb-2024,Minecraft,Asia,4197632,1953888,273,46,6325457,416941,165731,8.05,5
Feb-2024,Minecraft,Asia,3507701,1763759,247,46,5328018,359938,166436,19.34,0
Feb-2024,Minecraft,Asia,4072225,1792374,262,56,8424729,399725,187176,15.11,5
Feb-2024,Minecraft,Asia,4241015,1832438,288,51,6599161,335968,251940,20.6,0
Feb-2024,Minecraft,Asia,4237384,1624463,287,44,6537825,396929,215147,18.92,4
Feb-2024,Minecraft,South America,4167909,1922599,275,52,7261065,462392,183266,6.89,1
Feb-2024,Minecraft,South America,3923311,1741802,257,48,6728561,454829,198511,21.83,5
Feb-2024,Minecraft,South America,4162166,1829515,273,52,7684453,469051,220240,22.27,5
Feb-2024,Minecraft,South America,3840950,1939146,227,50,6411534,480592,180117,15.23,5
Feb-2024,Minecraft,South America,4056280,1934754,240,46,8486910,355167,200811,7.37,2
Feb-2024,Minecraft,South America,4064288,2041724,271,54,7766025,337619,223813,21.75,4
Feb-2024,Minecraft,South America,3826472,1868640,277,56,7140265,207373,160334,13.96,4
Feb-2024,Minecraft,South America,3995127,1933681,249,42,7434861,336395,218962,22.75,1
Feb-2024,Minecraft,South America,3863659,1968219,260,54,6745082,347700,149523,6.24,0
Feb-2024,Minecraft,South America,3802908,1729910,236,51,8594475,339824,100131,8.78,2
Feb-2024,Minecraft,South America,3731645,2017820,235,50,9261684,449178,222707,24.77,4
Feb-2024,Minecraft,South America,3867867,1822579,244,49,7339921,405243,248616,7.2,2
Feb-2024,Minecraft,South America,3746146,2059126,260,55,8469194,374305,196445,12.48,1
Feb-2024,Minecraft,South America,4059845,1935515,257,49,9443157,354915,216957,15.34,4
Feb-2024,Minecraft,South America,3999437,1806721,265,52,6785378,233399,184614,17.15,4
Feb-2024,Minecraft,South America,4207209,1886222,268,46,6358291,491646,292452,21.23,3
Feb-2024,Minecraft,South America,4513796,1708078,262,53,8224586,547536,305889,16.86,1
Feb-2024,Minecraft,South America,3815122,1842602,266,54,6491542,343254,196213,23.76,5
Feb-2024,Minecraft,South America,3846070,1783347,272,49,9086863,307610,248230,22.4,3
Feb-2024,Minecraft,South America,3964118,1774620,256,49,9643463,424183,133341,22.57,4
Feb-2024,Minecraft,Africa,3678935,1889478,263,48,6213769,417233,185559,21.88,4
Feb-2024,Minecraft,Africa,3835686,2011946,257,52,7831510,429655,228667,21.49,5
Feb-2024,Minecraft,Africa,4061962,1860406,263,48,6778678,345028,121140,24.72,2
Feb-2024,Minecraft,Africa,4064049,2046434,253,48,10134093,336631,219241,15.31,3
Feb-2024,Minecraft,Africa,4084489,1791874,251,50,8156103,309328,156246,5.51,1
Feb-2024,Minecraft,Africa,4544301,1926967,246,52,8150537,500553,163944,15.06,2
Feb-2024,Minecraft,Africa,4121685,1817459,265,51,8690917,414188,159465,20.14,1
Feb-2024,Minecraft,Africa,4000478,1840075,262,54,8440676,415009,166671,23.66,2
Feb-2024,Minecraft,Africa,4416248,1870076,251,54,9457343,613753,245581,16.23,2
Feb-2024,Minecraft,Africa,4109277,1939783,241,56,6524183,483636,241383,12.06,3
Feb-2024,Minecraft,Africa,3680571,1794670,273,54,7121261,262703,276294,16.88,4
Feb-2024,Minecraft,Africa,3970994,1964037,276,52,8501440,312222,217179,6.51,0
Feb-2024,Minecraft,Africa,3970697,2022844,240,53,8336908,420377,171088,17.4,0
Feb-2024,Minecraft,Africa,3787377,1902683,276,54,9164998,348661,204765,21.24,0
Feb-2024,Minecraft,Africa,4211062,1953618,239,50,6634732,334620,196884,7.01,3
Feb-2024,Minecraft,Africa,3924129,1871539,256,48,7195463,333855,147896,14.55,5
Feb-2024,Minecraft,Africa,4112205,2023322,270,51,9023423,403927,184853,8.69,0
Feb-2024,Minecraft,Africa,3973261,1908671,253,50,7965680,418466,229148,8.23,3
Feb-2024,Minecraft,Africa,4258772,1843982,253,49,8055764,539892,226467,15.64,4
Feb-2024,Minecraft,Africa,4201815,1981763,256,48,9969651,423449,221016,21.57,4
Feb-2024,Minecraft,Oceania,3985350,2006248,272,44,9048026,314840,269022,20.41,0
Feb-2024,Minecraft,Oceania,4092158,1960471,266,43,10058803,365679,227214,22.04,3
Feb-2024,Minecraft,Oceania,4148463,1730009,269,47,10273346,471944,174138,12.22,2
Feb-2024,Minecraft,Oceania,4163426,1908193,252,53,10070649,450257,218550,8.84,0
Feb-2024,Minecraft,Oceania,4151862,2054963,263,48,7774638,356669,199805,5.18,5
Feb-2024,Minecraft,Oceania,4130337,1795535,283,45,8256052,328618,158708,14.9,5
Feb-2024,Minecraft,Oceania,3881622,2032523,306,49,7737988,281033,156957,8.8,4
Feb-2024,Minecraft,Oceania,4064357,1879113,256,51,7224335,539790,248662,13.37,3
Feb-2024,Minecraft,Oceania,3968143,1888121,248,50,8764149,518840,254960,18.88,4
Feb-2024,Minecraft,Oceania,3938944,1865980,254,51,8306103,482484,115902,15.85,4
Feb-2024,Minecraft,Oceania,3925464,1737547,270,50,8659940,314919,216167,13.67,1
Feb-2024,Minecraft,Oceania,3775515,1922436,241,53,6867882,244045,164930,15.67,3
Feb-2024,Minecraft,Oceania,3735930,1737291,259,43,7123939,484344,151690,20.58,1
Feb-2024,Minecraft,Oceania,3944838,1715758,283,50,8491216,341458,169338,14.55,3
Feb-2024,Minecraft,Oceania,3725322,1834432,264,47,7324260,460944,115800,6.54,4
Feb-2024,Minecraft,Oceania,3815559,1886545,280,47,5727404,581642,140315,10.08,2
Feb-2024,Minecraft,Oceania,3641555,1728899,263,50,6855539,387539,159738,5.49,1
Feb-2024,Minecraft,Oceania,3986568,1789481,279,48,6163022,473303,214550,15.56,1
Feb-2024,Minecraft,Oceania,3611475,1876396,265,52,7052001,241442,220400,24.93,2
Feb-2024,Minecraft,Oceania,4069681,1934002,266,51,7442404,616560,251354,10.63,2
Mar-2024,Minecraft,NA,3914497,2013642,247,50,6125334,241032,160586,13.45,0
Mar-2024,Minecraft,NA,3979783,1738648,263,48,8732617,348876,230855,5.09,3
Mar-2024,Minecraft,NA,4172133,1935620,256,50,7920603,473906,188736,7.31,5
Mar-2024,Minecraft,NA,4180084,1771468,301,44,7161639,532991,164304,7.49,0
Mar-2024,Minecraft,NA,4095502,1776756,258,53,7679073,389186,223921,23.39,1
Mar-2024,Minecraft,NA,3718370,1873592,246,49,5947333,311108,154002,24.84,0
Mar-2024,Minecraft,NA,3974418,1862826,243,48,9289247,378656,249253,21.25,2
Mar-2024,Minecraft,NA,4103759,1983394,257,48,8495369,461749,168126,21.0,0
Mar-2024,Minecraft,NA,3761876,1759662,267,49,8992723,465167,174933,12.02,2
Mar-2024,Minecraft,NA,4319915,1904993,285,53,9513146,306281,189476,8.96,3
Mar-2024,Minecraft,NA,3577382,1906921,277,49,7189535,273587,151282,18.99,5
Mar-2024,Minecraft,NA,4211402,1753747,266,49,9008193,315130,242441,6.41,5
Mar-2024,Minecraft,NA,4143608,1988712,266,47,7075153,279834,192308,18.03,1
Mar-2024,Minecraft,NA,3950816,1922860,248,53,8048130,443644,186931,16.73,2
Mar-2024,Minecraft,NA,4081998,2006781,266,50,7581405,367379,249818,23.06,1
Mar-2024,Minecraft,NA,4180457,1893353,259,48,8504775,250718,160243,20.92,2
Mar-2024,Minecraft,NA,3679613,1917962,231,48,8882575,471856,209946,24.71,1
Mar-2024,Minecraft,NA,3885806,2031401,276,50,7346148,469865,180742,7.39,0
Mar-2024,Minecraft,NA,3926070,1848540,236,44,6896936,226804,152387,9.13,0
Mar-2024,Minecraft,NA,4082772,2009050,252,48,7206584,309973,184021,22.52,0
Mar-2024,Minecraft,EU,4010844,1950724,255,54,8988673,413715,196574,16.85,5
Mar-2024,Minecraft,EU,4022195,1860371,259,53,9361077,425807,148109,18.14,2
Mar-2024,Minecraft,EU,4019745,1913152,288,51,8325710,428191,204759,21.91,2
Mar-2024,Minecraft,EU,3801417,1819040,248,54,6009577,556075,141552,8.89,3
Mar-2024,Minecraft,EU,3886848,1803796,266,44,9057331,456074,161200,11.84,2
Mar-2024,Minecraft,EU,3955821,1933497,251,47,7584413,485040,234738,17.53,3
Mar-2024,Minecraft,EU,4235324,1806729,231,52,8310749,500488,263822,14.56,4
Mar-2024,Minecraft,EU,3936292,1916724,239,48,9645280,497055,207451,17.78,0
Mar-2024,Minecraft,EU,4133813,1799352,259,48,6492461,390940,143012,15.17,1
Mar-2024,Minecraft,EU,4047819,1852043,236,45,10077818,306839,223649,17.1,3
Mar-2024,Minecraft,EU,4173321,1816309,247,53,8000578,513915,162799,19.24,5
Mar-2024,Minecraft,EU,4221234,1915347,239,51,10370388,474843,199892,24.44,0
Mar-2024,Minecraft,EU,3818710,1782665,256,48,6301606,406377,178813,21.54,2
Mar-2024,Minecraft,EU,3696116,2011710,273,52,6637148,399352,152620,10.26,1
Mar-2024,Minecraft,EU,4030263,1905463,260,45,8450582,426499,154627,12.42,4
Mar-2024,Minecraft,EU,3875542,1932453,270,45,6846196,530103,209076,13.9,3
Mar-2024,Minecraft,EU,4133884,2010598,262,52,7982738,522049,185141,24.27,3
Mar-2024,Minecraft,EU,4010720,1812801,251,52,8742826,368262,166039,6.88,2
Mar-2024,Minecraft,EU,4247049,1949549,261,47,8155972,481803,257815,7.39,4
Mar-2024,Minecraft,EU,4103262,1752914,252,46,9151229,333135,184637,21.86,1
Mar-2024,Minecraft,Asia,3777415,2013058,259,52,8002247,336941,219597,18.51,2
Mar-2024,Minecraft,Asia,3896659,1905898,255,51,5939686,310144,186475,13.93,3
Mar-2024,Minecraft,Asia,4257805,1945524,252,52,7672324,282619,196758,10.14,4
Mar-2024,Minecraft,Asia,3787677,1999475,258,49,9246173,368312,263518,8.17,4
Mar-2024,Minecraft,Asia,4042148,1857831,224,55,8054316,239350,261702,20.02,4
Mar-2024,Minecraft,Asia,3750427,1853085,267,55,7959226,327691,258758,5.06,5
Mar-2024,Minecraft,Asia,3811006,2071408,256,48,6750855,308267,221600,10.38,3
Mar-2024,Minecraft,Asia,4284074,1776785,225,46,7805319,397626,285252,5.98,0
Mar-2024,Minecraft,Asia,4020380,1881751,274,48,7333294,428511,231795,14.92,0
Mar-2024,Minecraft,Asia,4468956,1859134,273,51,8046066,441478,184102,16.2,3
Mar-2024,Minecraft,Asia,4009106,1897786,271,49,9912221,381678,216272,7.05,4
Mar-2024,Minecraft,Asia,3857305,1963372,265,47,8600966,430144,168019,15.6,4
Mar-2024,Minecraft,Asia,4142355,1719237,252,46,8047959,468930,243708,18.16,5
Mar-2024,Minecraft,Asia,3902058,2062760,275,51,7882843,400379,203308,13.5,3
Mar-2024,Minecraft,Asia,4256476,1769534,261,47,7799800,534419,129381,15.99,0
Mar-2024,Minecraft,Asia,4169389,1607081,247,46,8025379,376001,211922,23.74,0
Mar-2024,Minecraft,Asia,3963988,1968479,242,54,9575987,417011,258149,14.61,2
Mar-2024,Minecraft,Asia,4106334,1853890,261,50,9442651,478376,130570,15.71,3
Mar-2024,Minecraft,Asia,4179176,2108495,272,53,9137889,340161,256169,9.56,1
Mar-2024,Minecraft,Asia,3858274,1873758,264,52,6126397,472226,179368,5.64,2
Mar-2024,Minecraft,South America,4096031,1877144,255,45,8637050,433522,260064,11.4,2
Mar-2024,Minecraft,South America,4227363,1829332,287,50,8708834,501271,118639,11.75,1
Mar-2024,Minecraft,South America,4031579,1854045,250,53,6287611,411353,206667,14.18,5
Mar-2024,Minecraft,South America,4246555,1743728,247,49,7652061,415693,216064,9.38,4
Mar-2024,Minecraft,South America,4277767,1828112,246,49,10329284,364107,255367,21.13,5
Mar-2024,Minecraft,South America,3894483,1759436,265,51,8220592,296972,246848,16.53,2
Mar-2024,Minecraft,South America,3733501,1809748,216,51,7199127,384674,158469,11.91,1
Mar-2024,Minecraft,South America,4320837,1845199,257,48,9145951,561722,177998,20.87,5
Mar-2024,Minecraft,South America,3586070,1840471,271,43,8723098,288285,220128,18.06,0
Mar-2024,Minecraft,South America,4147739,1874592,244,49,6232214,419063,276316,16.28,5
Mar-2024,Minecraft,South America,3923411,1937509,249,51,9541854,331830,206452,6.66,4
Mar-2024,Minecraft,South America,4363986,1925354,269,48,7410534,355561,156999,24.74,3
Mar-2024,Minecraft,South America,4428804,1950715,262,50,6999781,488695,301003,5.51,3
Mar-2024,Minecraft,South America,3950964,1878726,280,49,9292940,501832,162114,18.0,2
Mar-2024,Minecraft,South America,3857780,1981641,227,52,9259314,412743,230884,14.73,4
Mar-2024,Minecraft,South America,4111736,2041662,248,46,6410477,436368,271938,13.7,2
Mar-2024,Minecraft,South America,3887254,1847281,270,45,6059484,224078,172649,5.6,0
Mar-2024,Minecraft,South America,4138326,1790975,251,46,9553461,407553,229457,23.86,1
Mar-2024,Minecraft,South America,3795756,1921523,250,49,7258651,437107,206834,5.81,4
Mar-2024,Minecraft,South America,4276903,1937601,262,50,9749810,405768,186618,15.03,5
Mar-2024,Minecraft,Africa,4051797,1785355,258,48,9679685,425417,139111,19.51,0
Mar-2024,Minecraft,Africa,3770395,1955792,279,44,7210195,489676,252079,17.42,2
Mar-2024,Minecraft,Africa,4089770,2041001,250,51,8574338,392986,201762,6.8,3
Mar-2024,Minecraft,Africa,4291643,1953653,245,51,9476856,479083,242241,13.5,1
Mar-2024,Minecraft,Africa,4339720,1822568,265,53,10355781,509384,253241,11.35,1
Mar-2024,Minecraft,Africa,4060164,1868726,266,49,9496637,383700,176736,5.3,5
Mar-2024,Minecraft,Africa,3896871,1945036,261,54,7493334,445207,157279,24.32,5
Mar-2024,Minecraft,Africa,3842559,1768532,272,48,7823598,287894,177270,14.24,5
Mar-2024,Minecraft,Africa,4042071,1840913,268,46,10054495,519667,157183,10.64,1
Mar-2024,Minecraft,Africa,3474769,1927408,279,49,6005595,410659,194813,10.33,1
Mar-2024,Minecraft,Africa,3743958,2014131,245,49,8112319,331440,200973,19.48,2
Mar-2024,Minecraft,Africa,4243928,1834690,267,48,8857260,502988,181982,5.06,3
Mar-2024,Minecraft,Africa,3666496,1824110,237,45,8846138,329082,156031,12.2,0
Mar-2024,Minecraft,Africa,3725633,1797784,267,46,8702922,421495,197240,22.31,5
Mar-2024,Minecraft,Africa,3841432,1723662,246,50,7394318,380666,196983,14.36,2
Mar-2024,Minecraft,Africa,4252991,1907553,237,57,9597895,428366,173131,10.95,1
Mar-2024,Minecraft,Africa,4110017,1801756,257,54,7916748,355023,167268,9.72,3
Mar-2024,Minecraft,Africa,4297713,1942995,255,50,9809925,415232,189089,23.76,0
Mar-2024,Minecraft,Africa,3995615,1692178,281,47,8036192,443508,214695,17.61,3
Mar-2024,Minecraft,Africa,3878475,1951955,259,48,9187994,424823,187171,16.71,5
Mar-2024,Minecraft,Oceania,4320152,1869359,225,50,6664167,328213,326776,8.95,3
Mar-2024,Minecraft,Oceania,3800913,2084632,225,50,7308611,282609,138399,24.08,0
Mar-2024,Minecraft,Oceania,4029146,1846511,225,50,9569341,363404,194122,13.51,1
Mar-2024,Minecraft,Oceania,4080147,1909118,262,49,8010879,514075,237818,5.08,5
Mar-2024,Minecraft,Oceania,4141927,1777232,266,50,6907640,414498,190974,17.42,1
Mar-2024,Minecraft,Oceania,3675470,2021058,274,53,8154392,284782,206840,9.23,0
Mar-2024,Minecraft,Oceania,3932469,1802711,270,50,6344969,476553,138392,9.95,2
Mar-2024,Minecraft,Oceania,4351958,1892127,246,49,7617086,383297,145384,22.95,0
Mar-2024,Minecraft,Oceania,3935241,2027659,224,52,8490673,364899,178748,23.78,5
Mar-2024,Minecraft,Oceania,4019190,1861081,262,52,9809931,378713,217112,12.39,4
Mar-2024,Minecraft,Oceania,3910781,1993079,283,49,8765615,395363,138665,8.2,1
Mar-2024,Minecraft,Oceania,4181594,1915784,234,51,6973308,446485,223075,7.47,0
Mar-2024,Minecraft,Oceania,4027878,1852957,289,49,8274482,540330,153447,6.59,1
Mar-2024,Minecraft,Oceania,3856345,1841022,262,54,8497427,449285,126425,6.03,0
Mar-2024,Minecraft,Oceania,4208118,1998535,267,48,8901325,367946,180587,11.95,5
Mar-2024,Minecraft,Oceania,4703642,1824870,300,47,9681895,533151,182809,24.38,0
Mar-2024,Minecraft,Oceania,4064852,1988100,268,49,9474060,484922,232258,11.3,5
Mar-2024,Minecraft,Oceania,3473402,1945397,262,50,8484941,384446,148291,5.11,1
Mar-2024,Minecraft,Oceania,3934370,1787372,269,51,7854743,309274,182101,19.85,3
Mar-2024,Minecraft,Oceania,4249041,1867663,256,52,8501637,375454,194215,6.22,0
Apr-2024,Minecraft,NA,3910909,1979571,265,50,9776623,458946,226061,6.15,4
Apr-2024,Minecraft,NA,3981766,1779277,261,45,9924052,234061,208128,16.41,3
Apr-2024,Minecraft,NA,3842846,1982391,271,51,6118910,360578,185350,9.0,1
Apr-2024,Minecraft,NA,4274069,1779050,277,50,9867351,412291,186935,6.76,1
Apr-2024,Minecraft,NA,3968690,1981567,265,50,7656224,467393,191058,13.5,4
Apr-2024,Minecraft,NA,4211955,1874080,250,50,7784427,464729,220269,20.36,4
Apr-2024,Minecraft,NA,3956282,1745011,257,48,8680234,303714,195978,11.24,3
Apr-2024,Minecraft,NA,3831181,2069633,281,51,9316961,298941,208746,13.09,1
Apr-2024,Minecraft,NA,3801674,2037794,277,45,6747918,391017,187001,18.79,5
Apr-2024,Minecraft,NA,3846316,1921283,245,51,8779683,367208,203317,24.19,5
Apr-2024,Minecraft,NA,4123832,1800184,257,50,7397850,424502,161525,18.87,1
Apr-2024,Minecraft,NA,4348826,1906088,279,48,8016358,488592,237174,22.79,3
Apr-2024,Minecraft,NA,4175040,1977732,287,45,7220430,515171,223941,18.49,3
Apr-2024,Minecraft,NA,3894080,1878195,259,46,8878919,520817,194673,23.67,0
Apr-2024,Minecraft,NA,3840894,1879968,277,50,7686041,432551,228317,9.32,0
Apr-2024,Minecraft,NA,4045271,1811360,285,46,7808190,441105,158676,22.7,3
Apr-2024,Minecraft,NA,3856526,1995177,266,48,9321607,347622,155513,15.87,5
Apr-2024,Minecraft,NA,4146461,1746485,237,48,9384321,505650,224508,9.24,5
Apr-2024,Minecraft,NA,3819264,1983386,260,46,5773788,418176,202984,15.87,3
Apr-2024,Minecraft,NA,4106422,1919813,268,52,6281782,537393,207215,10.22,0
Apr-2024,Minecraft,EU,3562109,2085764,249,44,8756885,403157,207445,14.52,4
Apr-2024,Minecraft,EU,4066919,1910290,291,52,7325825,482880,237029,19.36,3
Apr-2024,Minecraft,EU,3556179,1884550,279,49,7815166,321299,153789,16.04,4
Apr-2024,Minecraft,EU,3976617,1916903,254,52,9746920,470945,223714,16.11,2
Apr-2024,Minecraft,EU,4320072,1807204,260,51,10000559,291138,223595,5.67,1
Apr-2024,Minecraft,EU,4074306,2015113,248,54,7260723,417495,157573,15.38,5
Apr-2024,Minecraft,EU,3854046,1822596,240,51,7125715,392305,219652,15.46,3
Apr-2024,Minecraft,EU,4077249,1839864,271,55,8305007,349473,164272,12.81,2
Apr-2024,Minecraft,EU,3930489,2015191,249,44,7396545,437227,232825,17.8,4
Apr-2024,Minecraft,EU,3895796,2050108,259,49,6954106,371057,235701,11.44,5
Apr-2024,Minecraft,EU,4105404,1896114,249,48,6864651,360776,236920,24.0,0
Apr-2024,Minecraft,EU,4316743,1769795,242,51,8132298,498012,208243,17.83,3
Apr-2024,Minecraft,EU,4061354,1802881,273,49,9750102,595406,154329,11.8,5
Apr-2024,Minecraft,EU,4030971,2007010,250,49,6682853,494670,169114,18.54,0
Apr-2024,Minecraft,EU,3772662,1950135,230,49,8231995,487865,177049,22.3,3
Apr-2024,Minecraft,EU,3943205,1919130,224,56,6743514,446444,183984,17.04,2
Apr-2024,Minecraft,EU,3878964,1885792,232,51,8127496,499448,234151,19.11,2
Apr-2024,Minecraft,EU,3917253,1832713,254,50,8182717,543623,152841,9.32,5
Apr-2024,Minecraft,EU,3760469,1984163,270,49,8769885,423450,162356,23.48,0
Apr-2024,Minecraft,EU,4131847,2015625,290,47,6524021,308727,267588,20.75,0
Apr-2024,Minecraft,Asia,3881095,1845239,255,50,6412330,465942,230127,10.46,1
Apr-2024,Minecraft,Asia,4072451,1964150,251,52,6995499,448195,199182,20.72,2
Apr-2024,Minecraft,Asia,4026174,1605853,256,52,9827344,406360,167874,24.74,0
Apr-2024,Minecraft,Asia,4088437,1951199,259,47,7420416,400870,215358,20.14,3
Apr-2024,Minecraft,Asia,4080230,1770358,279,54,10057804,393888,203593,21.25,1
Apr-2024,Minecraft,Asia,4213897,1945606,273,55,7366744,421768,139908,10.46,5
Apr-2024,Minecraft,Asia,3973605,1943861,261,49,9294782,315103,192344,19.74,4
Apr-2024,Minecraft,Asia,4164218,1924627,243,48,7661145,428196,221169,5.53,4
Apr-2024,Minecraft,Asia,4016238,2007839,257,48,9746592,429636,241995,19.51,1
Apr-2024,Minecraft,Asia,3986285,1892184,272,51,6988266,382277,175314,8.83,0
Apr-2024,Minecraft,Asia,3942897,1734281,254,48,6298099,323298,203440,9.71,3
Apr-2024,Minecraft,Asia,3997583,1828484,261,49,9012440,348219,143773,11.7,1
Apr-2024,Minecraft,Asia,4205243,2110000,262,51,10170275,444915,199471,16.7,5
Apr-2024,Minecraft,Asia,4113314,1831567,279,49,8980316,484830,269041,23.19,1
Apr-2024,Minecraft,Asia,3925363,1861396,255,50,6241852,434970,194137,11.26,4
Apr-2024,Minecraft,Asia,3434576,1910540,251,50,5862535,328453,156225,19.11,2
Apr-2024,Minecraft,Asia,3928938,1889890,265,50,9072894,440091,232958,8.56,1
Apr-2024,Minecraft,Asia,3973041,1822128,272,53,7495917,315606,236482,10.2,3
Apr-2024,Minecraft,Asia,3866835,1869488,239,46,8319069,384019,185828,15.29,4
Apr-2024,Minecraft,Asia,4143392,1896327,276,44,6515288,482211,195715,5.35,1
Apr-2024,Minecraft,South America,4004345,1914514,246,52,6424675,417310,206572,12.84,4
Apr-2024,Minecraft,South America,4070578,1943564,266,53,9970046,450595,221233,6.42,1
Apr-2024,Minecraft,South America,4271515,1718504,276,47,10169892,465104,186179,6.18,4
Apr-2024,Minecraft,South America,3806225,2099502,258,50,8593436,445818,194185,15.74,4
Apr-2024,Minecraft,South America,4153708,1843539,233,52,8749662,371134,250374,14.72,2
Apr-2024,Minecraft,South America,3415760,1934376,270,49,7049947,290367,193754,6.39,1
Apr-2024,Minecraft,South America,4074747,1802338,227,49,7182155,384598,179043,15.64,1
Apr-2024,Minecraft,South America,3968152,1706241,282,46,7042568,314839,199241,15.07,0
Apr-2024,Minecraft,South America,4128822,1964767,246,49,6963623,372000,175769,17.33,0
Apr-2024,Minecraft,South America,4229329,2073029,265,50,8485145,410453,155538,16.21,2
Apr-2024,Minecraft,South America,3749391,1797196,276,49,6522930,481989,149594,11.25,4
Apr-2024,Minecraft,South America,4077636,1843036,279,55,7518973,401890,164936,14.54,0
Apr-2024,Minecraft,South America,4322937,1737450,266,54,10178348,523174,170489,12.44,0
Apr-2024,Minecraft,South America,4072386,1844443,270,51,9439892,505884,203002,22.22,5
Apr-2024,Minecraft,South America,4020837,1648650,281,47,6071411,374552,249519,10.6,1
Apr-2024,Minecraft,South America,3998814,1939596,255,53,8176990,340690,194468,20.99,2
Apr-2024,Minecraft,South America,4196166,1689792,277,49,6357121,402331,216860,20.13,3
Apr-2024,Minecraft,South America,4050305,2004445,271,52,9513999,412637,218294,6.16,5
Apr-2024,Minecraft,South America,3962742,1906741,254,46,8436878,481275,206400,18.59,3
Apr-2024,Minecraft,South America,4368065,1860583,280,50,8028865,356380,322383,20.29,3
Apr-2024,Minecraft,Africa,4003988,1932763,255,46,8048273,219713,196512,5.52,5
Apr-2024,Minecraft,Africa,4235894,2023866,284,50,7762135,488127,200471,9.32,0
Apr-2024,Minecraft,Africa,4151457,1925325,265,46,6419361,285607,167505,12.06,3
Apr-2024,Minecraft,Africa,4265913,1801911,269,51,6819407,482349,260501,21.11,5
Apr-2024,Minecraft,Africa,4289738,1978057,270,54,7224721,358627,242007,11.65,2
Apr-2024,Minecraft,Africa,3967608,1947948,262,52,6770459,370531,215847,10.01,0
Apr-2024,Minecraft,Africa,4116912,1884902,259,49,7066712,346860,206820,16.8,2
Apr-2024,Minecraft,Africa,4034319,1981713,264,46,6160756,324482,137791,14.16,5
Apr-2024,Minecraft,Africa,3901357,1990083,256,55,6263645,362165,229734,11.38,2
Apr-2024,Minecraft,Africa,4268721,1884368,249,46,8935779,379305,236013,8.18,3
Apr-2024,Minecraft,Africa,3903755,1865162,258,50,6134470,254971,191031,6.89,0
Apr-2024,Minecraft,Africa,3895996,1859452,253,45,9734400,439508,245652,20.56,1
Apr-2024,Minecraft,Africa,4070469,1909421,238,47,8258878,463066,212746,23.92,3
Apr-2024,Minecraft,Africa,3865244,1952319,274,49,9500187,366451,122328,5.04,3
Apr-2024,Minecraft,Africa,4067958,2006417,259,52,6605198,494875,158091,16.47,2
Apr-2024,Minecraft,Africa,4070324,1729770,262,52,7722662,399953,161867,19.66,4
Apr-2024,Minecraft,Africa,4442594,1837629,278,49,10717062,364377,199367,10.2,0
Apr-2024,Minecraft,Africa,4136430,1771195,254,49,8389994,341633,221804,5.56,3
Apr-2024,Minecraft,Africa,4062836,2016518,277,53,9405343,403758,210315,18.76,1
Apr-2024,Minecraft,Africa,4117193,1984017,248,49,8347416,463459,164074,20.03,1
Apr-2024,Minecraft,Oceania,4246149,1745272,262,55,8275054,437947,242655,16.41,4
Apr-2024,Minecraft,Oceania,4359652,1823921,273,48,6820068,511982,252699,16.74,2
Apr-2024,Minecraft,Oceania,3675788,1826224,258,51,6616616,452871,213842,10.62,0
Apr-2024,Minecraft,Oceania,4044925,1960001,237,44,9160031,453487,172332,19.91,3
Apr-2024,Minecraft,Oceania,3813666,1896231,255,47,9004770,473559,182985,6.16,2
Apr-2024,Minecraft,Oceania,4101605,1733591,247,49,7711407,384685,139816,8.47,1
Apr-2024,Minecraft,Oceania,3979863,1923975,271,48,6048147,572291,234698,19.0,1
Apr-2024,Minecraft,Oceania,4090026,1964382,253,49,7651126,333564,177139,21.12,0
Apr-2024,Minecraft,Oceania,3641025,1921638,273,51,8208839,416014,137533,23.28,0
Apr-2024,Minecraft,Oceania,3788025,1843189,271,51,6569058,359091,220171,14.8,4
Apr-2024,Minecraft,Oceania,3745087,2082563,252,50,8372556,319521,250592,21.66,5
Apr-2024,Minecraft,Oceania,4059177,1864779,228,47,10067719,377316,305780,11.18,0
Apr-2024,Minecraft,Oceania,4054602,2040533,277,53,6489376,478840,231840,9.46,4
Apr-2024,Minecraft,Oceania,3988378,1821457,263,47,9572801,395619,222004,12.17,4
Apr-2024,Minecraft,Oceania,3566490,1906232,260,49,8307739,426340,158668,6.88,0
Apr-2024,Minecraft,Oceania,3925614,1820848,262,45,9557263,362045,206680,17.85,0
Apr-2024,Minecraft,Oceania,3676156,1837858,253,49,7710606,266431,224826,9.13,1
Apr-2024,Minecraft,Oceania,4048613,2028949,249,50,7540666,361601,211544,16.79,1
Apr-2024,Minecraft,Oceania,4249071,1931312,275,51,9609424,214142,211480,7.72,4
Apr-2024,Minecraft,Oceania,3834181,1881304,267,48,9235895,413954,208313,20.92,0
May-2024,Minecraft,NA,3806820,1801758,263,51,6145791,325655,172299,10.81,0
May-2024,Minecraft,NA,4337900,1845590,277,48,6588232,412234,285040,12.76,4
May-2024,Minecraft,NA,3721120,1925488,246,48,7494671,454856,201289,16.39,1
May-2024,Minecraft,NA,3910814,1884587,266,53,7019619,294644,223360,23.26,1
May-2024,Minecraft,NA,3896717,1685511,269,51,8405416,436652,190157,19.8,5
May-2024,Minecraft,NA,4277773,1889704,276,50,8540290,389662,190557,23.43,3
May-2024,Minecraft,NA,3938479,1970449,243,53,8635187,322215,267341,23.75,5
May-2024,Minecraft,NA,4268826,1995579,259,51,6964918,383970,218046,21.87,2
May-2024,Minecraft,NA,4045856,1978280,261,45,7567129,458567,215520,11.94,4
May-2024,Minecraft,NA,4112830,1829109,256,47,6991454,448948,185504,15.69,4
May-2024,Minecraft,NA,4018497,1897189,251,47,6978307,422138,194294,13.34,5
May-2024,Minecraft,NA,4129545,2055216,280,52,7165786,389533,216417,15.13,2
May-2024,Minecraft,NA,4440670,2023234,257,53,8824020,542522,192013,23.29,0
May-2024,Minecraft,NA,4037128,1813871,269,46,8572024,282928,210239,21.24,4
May-2024,Minecraft,NA,4421236,1820521,224,46,6763869,231416,223342,5.78,1
May-2024,Minecraft,NA,4253215,1798382,226,49,7303060,337371,183278,14.13,5
May-2024,Minecraft,NA,4255252,1870653,267,52,7317343,311090,153709,17.71,0
May-2024,Minecraft,NA,4091483,2024854,264,50,6557564,284481,219791,14.63,4
May-2024,Minecraft,NA,3873429,1796469,240,50,8938227,422342,188514,6.04,2
May-2024,Minecraft,NA,3917642,1827558,231,44,7124474,491346,176099,24.41,4
May-2024,Minecraft,EU,4169739,2034260,262,48,7774932,361224,224559,9.66,4
May-2024,Minecraft,EU,4112826,1829779,267,54,6751532,369986,169575,6.45,1
May-2024,Minecraft,EU,4225448,1938592,262,51,6575483,527584,203131,21.93,1
May-2024,Minecraft,EU,4081228,1979287,267,46,6712096,480382,208561,18.2,5
May-2024,Minecraft,EU,4390588,1995428,255,46,6847053,496201,164489,21.79,1
May-2024,Minecraft,EU,4243328,1688225,258,53,6888961,601385,136137,8.62,2
May-2024,Minecraft,EU,3958137,1982374,251,49,7121022,354505,134938,5.24,1
May-2024,Minecraft,EU,4067583,1671554,263,55,8055745,533933,207324,16.19,5
May-2024,Minecraft,EU,3804733,1857610,254,46,7872217,311413,172248,21.59,1
May-2024,Minecraft,EU,3725191,1734499,266,51,8799929,406317,164018,15.55,5
May-2024,Minecraft,EU,4349785,1798187,263,48,9142115,462855,242510,21.55,2
May-2024,Minecraft,EU,3950893,1756795,277,49,6878716,430853,198528,10.98,3
May-2024,Minecraft,EU,4246318,2073799,227,49,10144919,338010,215670,11.02,3
May-2024,Minecraft,EU,4093475,1966253,272,53,9851719,474040,220722,22.14,3
May-2024,Minecraft,EU,4058925,1885530,251,49,6225620,519829,255156,5.93,4
May-2024,Minecraft,EU,3964285,1923662,251,49,8043583,460812,264310,11.73,4
May-2024,Minecraft,EU,4330446,1966105,219,53,7859528,461672,233118,8.02,4
May-2024,Minecraft,EU,3625914,1917716,245,48,7784670,231183,141867,6.64,4
May-2024,Minecraft,EU,4021026,1781942,258,46,8633864,292616,156473,12.8,1
May-2024,Minecraft,EU,3879280,1811730,263,51,7374394,406164,164420,14.06,5
May-2024,Minecraft,Asia,4312326,1867422,255,53,9019483,189406,211381,13.4,1
May-2024,Minecraft,Asia,4182361,1987833,251,47,7052877,263736,216828,17.02,1
May-2024,Minecraft,Asia,3904880,2057092,269,45,7470640,485061,149655,8.06,5
May-2024,Minecraft,Asia,4123923,1943738,234,49,6248055,345758,234850,10.51,1
May-2024,Minecraft,Asia,4124374,1836623,289,52,9140938,467296,162158,14.12,5
May-2024,Minecraft,Asia,3959644,1818004,283,51,6884293,358704,206153,10.15,5
May-2024,Minecraft,Asia,4079110,1846380,251,45,9438794,399373,195061,19.5,2
May-2024,Minecraft,Asia,3995717,1671217,249,46,6369290,306812,139607,11.72,1
May-2024,Minecraft,Asia,3615114,1860296,259,51,6691939,418282,180096,16.53,0
May-2024,Minecraft,Asia,3824880,1974828,246,50,5738393,372686,169302,6.1,5
May-2024,Minecraft,Asia,4358767,1899978,235,50,10451930,417955,153562,22.44,4
May-2024,Minecraft,Asia,4021871,2042383,276,50,9243337,358584,268894,14.66,4
May-2024,Minecraft,Asia,4311381,1983981,272,49,7559373,383029,218775,7.91,3
May-2024,Minecraft,Asia,4202503,1823172,262,54,9608814,403050,242336,12.88,5
May-2024,Minecraft,Asia,4185220,1830765,256,48,8803565,349890,147137,18.71,1
May-2024,Minecraft,Asia,3919258,2025403,263,54,7836491,196864,236227,7.9,5
May-2024,Minecraft,Asia,4190117,1840636,258,48,7167800,408048,170369,7.11,4
May-2024,Minecraft,Asia,4003297,2066051,278,55,7230000,468501,255037,17.79,4
May-2024,Minecraft,Asia,4081567,1883796,280,52,8484435,448970,169554,24.58,3
May-2024,Minecraft,Asia,3731535,1995320,259,53,6468022,321885,136507,10.08,5
May-2024,Minecraft,South America,4086312,1762591,264,55,7436102,308390,205356,22.62,1
May-2024,Minecraft,South America,3859866,1891141,261,54,9415554,253472,174544,22.46,0
May-2024,Minecraft,South America,3864014,1933776,250,48,9294012,397618,203143,16.56,3
May-2024,Minecraft,South America,4121955,1917697,267,52,9231063,327255,186280,18.96,4
May-2024,Minecraft,South America,4065106,1914658,264,44,8615774,340690,181820,10.82,5
May-2024,Minecraft,South America,3996104,1864473,286,45,6730991,463343,196239,20.41,0
May-2024,Minecraft,South America,4397722,1691496,250,44,7290976,615028,197058,12.87,2
May-2024,Minecraft,South America,4393542,1739473,249,46,9170146,454582,246803,9.47,3
May-2024,Minecraft,South America,4530778,1956206,232,53,8134461,570050,192190,11.76,1
May-2024,Minecraft,South America,4031827,1674594,253,49,8176391,456334,149337,22.83,3
May-2024,Minecraft,South America,4033645,1978536,249,52,6809768,575350,253549,14.93,0
May-2024,Minecraft,South America,4023829,1966251,267,44,9723041,463216,226555,11.52,1
May-2024,Minecraft,South America,3728634,1779954,242,46,7944509,283263,179592,6.23,1
May-2024,Minecraft,South America,4295366,1985348,261,51,9134088,377411,205489,19.95,2
May-2024,Minecraft,South America,3772556,1861209,279,49,8713774,445092,161935,6.88,0
May-2024,Minecraft,South America,3987547,1963015,297,49,6219920,426618,128898,6.74,5
May-2024,Minecraft,South America,4306793,1841593,274,55,7476112,396986,229943,20.74,2
May-2024,Minecraft,South America,4465454,2009406,256,46,8198485,454179,178521,19.85,4
May-2024,Minecraft,South America,3984126,2051604,250,43,8966793,377972,230222,16.3,5
May-2024,Minecraft,South America,4103749,1914770,287,46,8665843,346525,168694,21.0,0
May-2024,Minecraft,Africa,4089186,1906263,249,47,9126410,352909,216372,5.97,5
May-2024,Minecraft,Africa,3925026,1808444,247,49,7707965,514844,165929,16.47,5
May-2024,Minecraft,Africa,4174283,1881317,275,50,9141898,395173,132571,9.38,2
May-2024,Minecraft,Africa,4221543,2096005,280,51,10368752,389580,227240,10.43,4
May-2024,Minecraft,Africa,4063376,1899638,260,47,8927574,360115,154613,22.45,1
May-2024,Minecraft,Africa,3804343,1914160,267,48,5952750,483802,180271,21.23,2
May-2024,Minecraft,Africa,3873180,1918921,268,51,7286217,521425,168370,19.99,0
May-2024,Minecraft,Africa,4123741,1807118,269,48,6614195,238774,247536,18.04,3
May-2024,Minecraft,Africa,3946037,1905769,267,50,8147940,284573,176112,6.82,4
May-2024,Minecraft,Africa,4562294,1789380,288,52,8931169,507853,300413,13.63,3
May-2024,Minecraft,Africa,3554790,2017662,254,47,7291556,468621,130155,16.76,1
May-2024,Minecraft,Africa,3767299,1970180,251,51,7792025,430655,220014,5.34,4
May-2024,Minecraft,Africa,4138133,1937215,251,49,6837593,490299,299050,18.99,1
May-2024,Minecraft,Africa,4066810,1933892,274,46,7478897,429523,245309,19.32,1
May-2024,Minecraft,Africa,3991791,1814069,262,49,6604911,293218,109183,9.5,5
May-2024,Minecraft,Africa,3875618,1863457,263,48,6401958,389434,173787,7.29,3
May-2024,Minecraft,Africa,3992027,1921735,277,48,7130924,389185,181525,13.56,3
May-2024,Minecraft,Africa,3816076,1712535,249,51,8759400,346776,226189,12.6,1
May-2024,Minecraft,Africa,4021907,1809588,266,52,9222044,547751,140623,21.05,4
May-2024,Minecraft,Africa,4130335,1647555,264,49,7975661,517024,161779,21.43,5
May-2024,Minecraft,Oceania,3763241,1993810,276,50,6721460,374614,202696,12.21,1
May-2024,Minecraft,Oceania,4054314,2045097,275,50,8072817,397629,223550,22.28,1
May-2024,Minecraft,Oceania,4081708,1936607,261,56,6472326,296366,270807,11.7,4
May-2024,Minecraft,Oceania,4094083,1973850,254,51,6157379,331991,189407,12.31,2
May-2024,Minecraft,Oceania,4191189,2032201,248,54,6342477,452544,179553,8.24,1
May-2024,Minecraft,Oceania,3894071,1823699,256,47,8992289,327877,181419,23.2,0
May-2024,Minecraft,Oceania,4377666,1855943,248,51,7293990,528146,246347,5.56,4
May-2024,Minecraft,Oceania,3897296,1926716,253,49,9709386,421042,157547,12.4,2
May-2024,Minecraft,Oceania,4129551,2030477,269,50,7974682,456527,191447,21.86,2
May-2024,Minecraft,Oceania,4084697,1866176,256,53,8366960,206051,263963,13.79,2
May-2024,Minecraft,Oceania,3780190,1740099,261,56,6526823,321671,131714,13.63,2
May-2024,Minecraft,Oceania,3984512,1800981,247,50,7088257,474850,264558,20.09,0
May-2024,Minecraft,Oceania,4347955,1849217,251,50,8825917,546609,194493,23.05,2
May-2024,Minecraft,Oceania,3814748,1856426,247,53,7348141,389391,121080,24.44,5
May-2024,Minecraft,Oceania,4272546,1852935,250,52,6968640,492035,198092,13.48,2
May-2024,Minecraft,Oceania,4157089,1716080,269,53,9135547,419681,230644,19.88,5
May-2024,Minecraft,Oceania,3928037,1714639,271,47,8004003,363482,213994,7.18,4
May-2024,Minecraft,Oceania,3901387,1932173,259,50,7502269,511381,188526,14.71,2
May-2024,Minecraft,Oceania,4310193,1828143,270,46,8351830,490705,280881,23.75,0
May-2024,Minecraft,Oceania,3987849,1852938,271,51,6519220,489740,197494,18.91,1
Jun-2024,Minecraft,NA,3872865,1917450,250,51,8395532,437466,228510,19.28,3
Jun-2024,Minecraft,NA,3967214,1827680,289,48,9143377,393252,241924,11.38,4
Jun-2024,Minecraft,NA,4147721,1863824,277,51,10115232,414831,211957,7.16,5
Jun-2024,Minecraft,NA,4401291,1977377,252,50,7791840,419241,213735,19.0,2
Jun-2024,Minecraft,NA,4209342,1885520,243,48,10149187,421191,204043,24.78,0
Jun-2024,Minecraft,NA,4269867,1964198,289,48,9437461,374520,246391,5.58,5
Jun-2024,Minecraft,NA,4546221,1896414,268,50,10739724,448411,239734,12.97,1
Jun-2024,Minecraft,NA,4086393,1957721,284,51,8739680,443413,160817,19.61,1
Jun-2024,Minecraft,NA,4041312,1928594,257,53,8415176,311362,192928,18.9,3
Jun-2024,Minecraft,NA,3938358,1839410,288,50,9663200,326537,144032,24.07,3
Jun-2024,Minecraft,NA,3970535,1817809,230,46,9401456,407447,243051,17.59,0
Jun-2024,Minecraft,NA,3880516,1906936,247,49,7672104,330947,215318,6.95,0
Jun-2024,Minecraft,NA,4215050,2047719,248,52,7737906,569111,238725,21.02,5
Jun-2024,Minecraft,NA,4062767,1769358,256,47,7661380,467435,128706,7.08,4
Jun-2024,Minecraft,NA,3905120,1778418,268,55,7319682,417760,215973,6.38,1
Jun-2024,Minecraft,NA,4194099,1964353,271,44,9953751,475370,224529,20.58,2
Jun-2024,Minecraft,NA,4507135,2001483,248,53,9418363,371546,281873,14.36,1
Jun-2024,Minecraft,NA,4292039,1897717,283,45,9967784,460909,134697,9.37,4
Jun-2024,Minecraft,NA,4115626,1762156,260,54,9578862,388371,213700,7.8,4
Jun-2024,Minecraft,NA,3875840,2005881,254,48,6914358,448714,178308,8.23,2
Jun-2024,Minecraft,EU,4281571,1912916,244,48,6659205,399217,174593,18.38,4
Jun-2024,Minecraft,EU,4177796,1955145,261,52,8331384,326926,154428,16.85,5
Jun-2024,Minecraft,EU,3854447,1856914,276,49,7693954,332239,190646,20.11,3
Jun-2024,Minecraft,EU,4329260,1758183,263,50,8843303,375228,254596,17.4,4
Jun-2024,Minecraft,EU,4050856,1798514,259,55,7612582,383484,259652,24.6,3
Jun-2024,Minecraft,EU,4227709,1998677,245,51,8503396,399501,265828,18.44,0
Jun-2024,Minecraft,EU,3816384,1868265,254,50,9190736,440422,152382,9.25,3
Jun-2024,Minecraft,EU,3996879,1831518,250,46,6815612,477606,172044,14.74,2
Jun-2024,Minecraft,EU,3857341,1909749,238,53,7868814,285042,200941,12.02,2
Jun-2024,Minecraft,EU,4118940,1963553,282,49,6261048,520750,129925,16.93,3
Jun-2024,Minecraft,EU,3612615,1943328,275,54,8480741,337253,195237,13.63,2
Jun-2024,Minecraft,EU,3649496,1710699,252,49,7288555,406739,193850,14.69,1
Jun-2024,Minecraft,EU,3885481,2053566,259,48,7440859,260624,237307,6.47,5
Jun-2024,Minecraft,EU,3745665,1984920,257,56,7197404,338816,176320,12.68,0
Jun-2024,Minecraft,EU,3697275,2121567,266,53,8396086,437887,191943,24.67,0
Jun-2024,Minecraft,EU,4065370,1992521,283,46,6538703,367552,225922,17.24,4
Jun-2024,Minecraft,EU,3874268,1799658,240,54,6454133,386825,225856,17.42,1
Jun-2024,Minecraft,EU,4107959,1898626,269,48,9288446,509059,296035,21.35,0
Jun-2024,Minecraft,EU,4026314,1709817,293,52,6134805,393211,163264,15.48,1
Jun-2024,Minecraft,EU,3832599,1733850,245,53,9148289,279078,194200,22.83,0
Jun-2024,Minecraft,Asia,4185093,1820750,269,52,9387743,430292,217097,19.0,4
Jun-2024,Minecraft,Asia,4029090,2007801,258,49,7111798,460776,263871,18.25,5
Jun-2024,Minecraft,Asia,4020254,1923604,262,45,7887674,427823,214341,17.86,5
Jun-2024,Minecraft,Asia,3938612,1792640,262,53,9836137,399086,195804,21.75,2
Jun-2024,Minecraft,Asia,3961916,1888423,237,55,8263944,334633,161552,20.25,1
Jun-2024,Minecraft,Asia,3994006,2002270,259,46,6253557,248904,279197,11.45,4
Jun-2024,Minecraft,Asia,3694129,1849718,267,48,8720419,483793,209387,21.58,3
Jun-2024,Minecraft,Asia,4170518,1930096,255,44,8301396,358085,209261,15.5,2
Jun-2024,Minecraft,Asia,4184747,1922442,240,49,6559570,349783,204818,21.9,2
Jun-2024,Minecraft,Asia,4258721,1759906,242,47,7996482,423659,258088,21.55,3
Jun-2024,Minecraft,Asia,4333432,1967363,259,44,10773719,602355,154993,17.9,2
Jun-2024,Minecraft,Asia,4057132,1990119,246,48,6150574,341752,186838,9.23,2
Jun-2024,Minecraft,Asia,3963881,1872670,239,52,7123561,486507,213564,7.08,3
Jun-2024,Minecraft,Asia,3873844,1897572,254,44,7325687,413875,158903,14.24,5
Jun-2024,Minecraft,Asia,3758690,1725248,269,51,5927717,376327,181457,20.34,0
Jun-2024,Minecraft,Asia,3929131,1929940,231,50,6985175,361970,207401,13.07,4
Jun-2024,Minecraft,Asia,3870049,1743876,233,51,6884109,221859,129421,14.47,5
Jun-2024,Minecraft,Asia,3917319,1829843,273,47,7967075,333153,214070,14.16,4
Jun-2024,Minecraft,Asia,4210924,1759224,276,51,9309759,428962,202885,18.14,1
Jun-2024,Minecraft,Asia,3564861,1751717,267,52,5988440,348747,171473,21.16,1
Jun-2024,Minecraft,South America,3723180,1696365,235,49,6197412,327962,192966,7.96,1
Jun-2024,Minecraft,South America,4310864,1862071,258,54,9706563,348750,138069,9.62,1
Jun-2024,Minecraft,South America,3873263,1795844,281,43,7531866,419413,134833,21.75,0
Jun-2024,Minecraft,South America,4255953,1731511,276,52,10306911,321530,257017,24.17,4
Jun-2024,Minecraft,South America,3881182,1936525,288,54,6600228,285307,147758,11.94,3
Jun-2024,Minecraft,South America,4262982,1903999,252,56,8147232,481916,242896,7.92,2
Jun-2024,Minecraft,South America,3922484,1859120,279,49,6333314,482448,155081,19.77,2
Jun-2024,Minecraft,South America,3883848,1872483,245,48,6624315,421218,189861,19.86,3
Jun-2024,Minecraft,South America,3788325,1901613,247,47,8815264,275863,203918,8.47,0
Jun-2024,Minecraft,South America,4262770,2050948,282,46,8210939,335499,239148,18.4,3
Jun-2024,Minecraft,South America,4035543,1775559,262,47,9025799,356075,217193,24.14,1
Jun-2024,Minecraft,South America,4217476,1824914,246,46,9309880,444554,225543,21.23,3
Jun-2024,Minecraft,South America,4600690,1946249,267,50,7140973,242821,223293,12.68,3
Jun-2024,Minecraft,South America,4197853,1831118,274,49,8438770,429842,282955,17.77,1
Jun-2024,Minecraft,South America,4359279,2003398,261,47,10464335,277024,173239,15.32,1
Jun-2024,Minecraft,South America,3975613,1910048,274,52,9280782,413234,211286,11.02,1
Jun-2024,Minecraft,South America,3884362,1764632,261,47,5989723,399738,152858,10.92,1
Jun-2024,Minecraft,South America,3710958,1916302,251,47,8969447,333894,205918,11.77,3
Jun-2024,Minecraft,South America,4061759,1973734,261,53,9484586,424058,104540,8.82,0
Jun-2024,Minecraft,South America,4377992,1883478,251,50,10613835,483436,228951,12.43,5
Jun-2024,Minecraft,Africa,3827198,2014198,282,51,8261040,460562,186038,13.69,4
Jun-2024,Minecraft,Africa,4246639,1918042,252,49,8142857,507052,177748,8.18,2
Jun-2024,Minecraft,Africa,4086130,2003484,245,46,7090781,497328,194265,7.65,1
Jun-2024,Minecraft,Africa,3851755,1991231,295,53,5859390,508789,215503,18.43,2
Jun-2024,Minecraft,Africa,3997161,1819511,270,45,7038777,403292,184343,15.17,5
Jun-2024,Minecraft,Africa,4260511,1765035,266,52,8386028,487174,196607,19.54,5
Jun-2024,Minecraft,Africa,3968727,1834245,261,53,9269483,417073,153672,20.65,2
Jun-2024,Minecraft,Africa,3854695,1690186,235,49,7581576,381627,232941,12.47,5
Jun-2024,Minecraft,Africa,3860919,2077012,251,46,7679686,401245,274896,6.32,1
Jun-2024,Minecraft,Africa,4017576,2036215,274,49,8637823,399414,246148,22.28,2
Jun-2024,Minecraft,Africa,4088719,1894941,223,48,7727387,371488,190491,11.21,3
Jun-2024,Minecraft,Africa,3707976,1906302,292,48,8166823,365736,79461,10.83,2
Jun-2024,Minecraft,Africa,4116948,1858301,273,52,9403240,483452,148982,7.85,3
Jun-2024,Minecraft,Africa,4225063,1853285,238,48,8220868,519094,225551,22.01,4
Jun-2024,Minecraft,Africa,4122441,1810818,252,49,7426532,385890,224031,19.34,1
Jun-2024,Minecraft,Africa,3999050,1763422,252,54,7497761,422036,228122,7.83,5
Jun-2024,Minecraft,Africa,4060342,1979692,247,47,6322556,267271,233604,19.81,1
Jun-2024,Minecraft,Africa,4099733,1851242,247,47,9650374,392356,159493,11.55,5
Jun-2024,Minecraft,Africa,4344991,1890790,261,49,8468577,542673,200880,14.71,0
Jun-2024,Minecraft,Africa,3919470,1975482,269,49,9447695,465030,181882,13.45,3
Jun-2024,Minecraft,Oceania,3741765,1867472,287,48,6457765,336409,177790,6.64,3
Jun-2024,Minecraft,Oceania,4097764,1934212,240,50,9155569,336188,214065,15.25,1
Jun-2024,Minecraft,Oceania,4320700,1884230,275,48,8286684,647250,318903,23.15,3
Jun-2024,Minecraft,Oceania,3922636,1829892,284,49,8744342,402631,161364,12.9,4
Jun-2024,Minecraft,Oceania,4107385,2094996,271,52,9306461,468652,202895,23.24,4
Jun-2024,Minecraft,Oceania,4276956,2040211,212,47,6807335,372307,246168,13.12,4
Jun-2024,Minecraft,Oceania,3835426,1898618,253,49,9061533,377777,237618,22.5,4
Jun-2024,Minecraft,Oceania,3861356,1779718,274,54,7373179,338054,209926,24.36,4
Jun-2024,Minecraft,Oceania,3972887,2170477,268,49,8610522,430176,153727,15.02,2
Jun-2024,Minecraft,Oceania,4072308,1901198,271,52,7024618,246886,219202,24.02,3
Jun-2024,Minecraft,Oceania,4020400,1934492,251,42,9707717,516631,228152,8.1,4
Jun-2024,Minecraft,Oceania,3914708,1947108,265,51,6801761,459949,251627,18.27,5
Jun-2024,Minecraft,Oceania,4071604,1895371,266,47,7985300,641506,182397,12.66,3
Jun-2024,Minecraft,Oceania,4193190,1894958,264,53,7062688,448500,204898,7.57,2
Jun-2024,Minecraft,Oceania,4207413,1856789,270,54,6443746,456311,207027,10.83,2
Jun-2024,Minecraft,Oceania,4087037,1838073,262,49,8884457,315008,182264,17.72,5
Jun-2024,Minecraft,Oceania,3842102,1858923,285,52,6741310,365271,231410,23.05,5
Jun-2024,Minecraft,Oceania,4176357,1771253,267,54,8755946,353669,202736,22.25,5
Jun-2024,Minecraft,Oceania,3694981,1765611,240,50,8948837,438089,226366,15.53,4
Jun-2024,Minecraft,Oceania,3591115,1782525,277,50,5884856,388470,247758,14.2,4
Jul-2024,Minecraft,NA,3885711,1992248,260,51,6215004,474924,273020,15.04,4
Jul-2024,Minecraft,NA,4008442,1894649,246,50,9827793,439455,226460,5.09,3
Jul-2024,Minecraft,NA,3910905,1996279,259,54,9462709,410353,243972,17.17,1
Jul-2024,Minecraft,NA,3816343,1670044,265,46,8167277,391674,130782,17.63,1
Jul-2024,Minecraft,NA,3927271,1974441,262,49,7454654,365711,193194,8.15,2
Jul-2024,Minecraft,NA,4344766,1973744,258,50,9075000,556016,252403,22.83,0
Jul-2024,Minecraft,NA,3879230,1715807,281,47,7995586,461492,118339,6.93,3
Jul-2024,Minecraft,NA,4232702,1720246,270,50,8045152,374002,240732,5.62,0
Jul-2024,Minecraft,NA,4098688,1868776,265,47,9000063,402471,136901,19.41,5
Jul-2024,Minecraft,NA,3998932,1927561,255,49,7844997,302394,255377,8.29,5
Jul-2024,Minecraft,NA,3323226,1929775,268,54,6576804,314922,174078,21.2,4
Jul-2024,Minecraft,NA,3815144,1737110,252,47,6228338,363326,181024,12.65,2
Jul-2024,Minecraft,NA,4145254,2000805,263,46,9449892,199584,169287,12.92,5
Jul-2024,Minecraft,NA,4259831,1870678,261,46,6798685,376478,279153,12.31,4
Jul-2024,Minecraft,NA,3996920,1936027,263,47,8456206,430896,210859,8.12,5
Jul-2024,Minecraft,NA,4117175,1926801,272,51,9201326,382137,127179,23.48,2
Jul-2024,Minecraft,NA,3919560,1732064,274,44,8083895,360625,205363,12.64,4
Jul-2024,Minecraft,NA,3829459,1891282,264,46,6951936,373525,171452,5.99,0
Jul-2024,Minecraft,NA,3701180,1684742,267,45,7997108,386443,153931,22.14,2
Jul-2024,Minecraft,NA,4051372,1911453,273,49,8321791,318294,167040,5.25,0
Jul-2024,Minecraft,EU,4145835,2062570,256,52,8363328,389940,186696,22.1,5
Jul-2024,Minecraft,EU,3792605,1965047,238,53,7479478,273169,212006,11.87,4
Jul-2024,Minecraft,EU,3863977,1926732,279,48,8094192,435692,216433,19.65,5
Jul-2024,Minecraft,EU,3788227,1901419,262,50,6199832,283044,199874,7.99,1
Jul-2024,Minecraft,EU,4261867,1814551,220,51,6518663,330151,174133,11.86,0
Jul-2024,Minecraft,EU,4326416,1859789,253,56,9536521,303696,313974,18.32,1
Jul-2024,Minecraft,EU,3909812,1760627,271,54,7188198,409513,188358,15.0,2
Jul-2024,Minecraft,EU,3738741,1927833,262,44,5881432,397612,197077,5.34,0
Jul-2024,Minecraft,EU,4619614,1848169,257,49,10829312,517039,235525,23.28,2
Jul-2024,Minecraft,EU,4051510,1957642,228,48,7273095,320573,157937,20.15,1
Jul-2024,Minecraft,EU,4008854,1952962,263,55,6138404,593582,252933,14.18,5
Jul-2024,Minecraft,EU,3942302,1984954,259,49,6857696,399837,189398,23.5,2
Jul-2024,Minecraft,EU,3852096,2055925,257,49,8374343,475259,227355,12.91,5
Jul-2024,Minecraft,EU,3866104,1863141,262,48,8786570,420811,161119,18.37,4
Jul-2024,Minecraft,EU,3921223,1944472,242,53,6050785,455802,196518,22.92,3
Jul-2024,Minecraft,EU,3546562,1810900,276,55,6922534,381536,116604,14.19,4
Jul-2024,Minecraft,EU,4288982,1816151,292,54,10579277,511459,202407,20.55,4
Jul-2024,Minecraft,EU,3888578,2102358,233,48,5834837,401214,175850,12.38,1
Jul-2024,Minecraft,EU,3787559,1842819,253,46,8167388,455026,195029,11.69,3
Jul-2024,Minecraft,EU,3843504,2011900,279,45,5992953,333502,233648,20.11,5
Jul-2024,Minecraft,Asia,3781030,1832996,239,46,8783100,364044,189511,12.89,1
Jul-2024,Minecraft,Asia,4106339,1867968,273,54,8638244,434381,250245,20.45,0
Jul-2024,Minecraft,Asia,4016820,1839479,257,46,7280876,394460,184356,21.53,1
Jul-2024,Minecraft,Asia,4147997,1868183,258,43,8676333,313471,289995,16.8,2
Jul-2024,Minecraft,Asia,4158776,1970950,261,52,9884513,461519,222284,5.45,2
Jul-2024,Minecraft,Asia,3781312,1901146,274,51,5832745,483386,249987,14.21,3
Jul-2024,Minecraft,Asia,3883563,1725552,250,51,8737939,393276,215843,9.74,5
Jul-2024,Minecraft,Asia,3732724,1884033,248,47,6233775,292262,165070,5.75,5
Jul-2024,Minecraft,Asia,3844845,1983416,271,50,9504165,318931,155085,15.01,3
Jul-2024,Minecraft,Asia,3634249,1880832,274,45,6432611,400651,86725,10.29,1
Jul-2024,Minecraft,Asia,3945476,1845012,253,49,9089922,261340,122913,23.98,1
Jul-2024,Minecraft,Asia,3895872,1953541,256,46,8765674,412931,149487,23.18,4
Jul-2024,Minecraft,Asia,4153791,1961358,249,53,8853259,372339,187568,10.91,5
Jul-2024,Minecraft,Asia,4178552,1835141,289,48,8892856,307851,290794,17.24,2
Jul-2024,Minecraft,Asia,3963779,1873934,269,52,8818452,330208,210653,18.93,0
Jul-2024,Minecraft,Asia,3841648,1718171,277,44,8706699,317537,178549,21.23,3
Jul-2024,Minecraft,Asia,4163375,1890997,268,51,8628794,456333,264613,22.45,3
Jul-2024,Minecraft,Asia,4282090,1921375,273,48,8172106,419491,212239,20.43,4
Jul-2024,Minecraft,Asia,3774975,1656988,232,48,6284930,419283,222871,17.27,2
Jul-2024,Minecraft,Asia,4282813,1900959,260,48,6478609,432341,104102,13.27,4
Jul-2024,Minecraft,South America,3868688,1966776,248,44,5856893,483250,236197,20.06,0
Jul-2024,Minecraft,South America,4444969,2050562,271,48,10953064,566272,170432,16.48,4
Jul-2024,Minecraft,South America,3934378,1730520,245,46,9080765,460643,222683,22.46,4
Jul-2024,Minecraft,South America,3922909,1855831,251,47,6878917,469574,235980,19.88,1
Jul-2024,Minecraft,South America,4024485,1829567,262,52,7104892,467985,207363,14.06,0
Jul-2024,Minecraft,South America,3864614,1982933,251,54,7565756,382989,142717,13.53,2
Jul-2024,Minecraft,South America,3549887,1931988,251,54,8283531,317845,184736,7.0,1
Jul-2024,Minecraft,South America,3728404,1878112,278,47,9088504,337260,96574,7.83,3
Jul-2024,Minecraft,South America,3825337,1925088,272,46,5978351,354410,220310,22.73,0
Jul-2024,Minecraft,South America,4280524,1725309,259,58,10358033,348472,231785,23.45,2
Jul-2024,Minecraft,South America,4243443,2072873,279,49,7256186,240383,229452,6.57,5
Jul-2024,Minecraft,South America,4218127,1840220,269,46,7411417,348097,121027,20.72,3
Jul-2024,Minecraft,South America,3962300,1857113,244,44,9469338,492535,148217,9.67,1
Jul-2024,Minecraft,South America,4206774,1820706,272,49,6972205,471072,250650,10.63,0
Jul-2024,Minecraft,South America,3622101,1847909,253,47,7967306,312001,178912,5.1,0
Jul-2024,Minecraft,South America,4041270,1929367,262,47,8515077,461442,202229,5.45,0
Jul-2024,Minecraft,South America,3721258,1914731,258,49,7208023,396320,161921,9.87,2
Jul-2024,Minecraft,South America,3722873,1966408,251,48,6383833,433708,243962,20.38,3
Jul-2024,Minecraft,South America,4307702,2035646,245,52,8640730,459638,233790,15.33,3
Jul-2024,Minecraft,South America,4251368,1911292,245,44,6810679,433886,172331,13.68,3
Jul-2024,Minecraft,Africa,4003537,1888543,290,49,8237121,368993,257391,23.95,5
Jul-2024,Minecraft,Africa,3991191,1974634,263,50,8217854,398240,194435,24.39,5
Jul-2024,Minecraft,Africa,4035688,1770297,255,49,7729949,375148,289215,7.48,1
Jul-2024,Minecraft,Africa,4090787,1898861,250,54,6287038,409218,242850,10.03,5
Jul-2024,Minecraft,Africa,3945892,1909501,267,48,6913106,347165,246440,22.84,1
Jul-2024,Minecraft,Africa,4117807,1854711,241,51,8329790,271588,141103,10.57,2
Jul-2024,Minecraft,Africa,4172694,1786444,282,51,8107349,472935,218068,23.72,1
Jul-2024,Minecraft,Africa,3935710,1818061,242,49,6878557,410946,179243,12.13,2
Jul-2024,Minecraft,Africa,3849583,1837022,258,50,7212137,372871,200560,16.42,1
Jul-2024,Minecraft,Africa,4080337,1920730,290,53,8039218,316198,243813,7.84,2
Jul-2024,Minecraft,Africa,4375574,1700965,243,51,7471999,302556,175181,22.81,1
Jul-2024,Minecraft,Africa,3996596,1849210,237,51,8946477,390053,209914,7.64,4
Jul-2024,Minecraft,Africa,4049536,1839337,260,50,8384416,338326,154104,20.54,4
Jul-2024,Minecraft,Africa,3872524,1736384,260,49,7111697,521507,217450,6.07,5
Jul-2024,Minecraft,Africa,4110781,1735466,256,48,8890686,482894,271569,22.18,5
Jul-2024,Minecraft,Africa,4037590,1791491,273,49,8096719,613602,212319,16.09,5
Jul-2024,Minecraft,Africa,4185092,1818601,268,46,10425867,380485,247250,14.18,1
Jul-2024,Minecraft,Africa,4040349,1994277,265,48,6966955,385507,222790,18.44,1
Jul-2024,Minecraft,Africa,4015781,1836854,260,53,8036689,311091,199238,6.93,1
Jul-2024,Minecraft,Africa,3861037,1913789,262,52,9370942,417651,149642,17.28,1
Jul-2024,Minecraft,Oceania,4180575,1947765,256,51,7376273,369885,193022,23.81,3
Jul-2024,Minecraft,Oceania,4160267,2017443,272,48,8890456,204749,259668,19.19,1
Jul-2024,Minecraft,Oceania,4410877,1894044,234,48,9969558,455858,198892,7.54,1
Jul-2024,Minecraft,Oceania,4001408,1767791,231,53,7277017,396948,105280,7.33,0
Jul-2024,Minecraft,Oceania,3879306,1979690,272,50,7777290,354642,139368,18.08,5
Jul-2024,Minecraft,Oceania,3956499,1984383,275,44,7874208,247803,247954,13.33,3
Jul-2024,Minecraft,Oceania,3676294,1958368,281,48,7027568,400160,198467,9.86,2
Jul-2024,Minecraft,Oceania,3868810,1795900,255,49,6017758,249384,239727,16.13,2
Jul-2024,Minecraft,Oceania,3558554,1808429,234,52,8204740,296688,224298,5.44,5
Jul-2024,Minecraft,Oceania,4043159,1816274,252,46,8757177,364891,263559,14.27,5
Jul-2024,Minecraft,Oceania,3864130,1930326,246,48,9171170,315466,200909,5.0,0
Jul-2024,Minecraft,Oceania,3798075,1905961,256,46,8537443,262020,226315,7.64,0
Jul-2024,Minecraft,Oceania,4332611,1945715,255,50,10781411,462879,288726,5.7,0
Jul-2024,Minecraft,Oceania,4462539,1889166,246,50,8948237,579856,167355,19.14,3
Jul-2024,Minecraft,Oceania,3716943,1972503,252,47,6942190,381084,257113,8.69,2
Jul-2024,Minecraft,Oceania,4178331,1900928,239,45,9334537,285825,259800,8.31,3
Jul-2024,Minecraft,Oceania,4066847,1745632,258,52,9527283,391293,275122,7.42,0
Jul-2024,Minecraft,Oceania,3980663,2008893,254,52,9754742,431639,142707,14.72,5
Jul-2024,Minecraft,Oceania,4007871,1833435,259,54,7048784,426246,214171,15.67,4
Jul-2024,Minecraft,Oceania,4152612,1908440,287,49,8460398,331348,160937,9.11,5
Aug-2024,Minecraft,NA,4067239,2003162,255,49,8179846,512442,245393,16.76,2
Aug-2024,Minecraft,NA,3778351,1871957,246,49,9295882,311938,219124,10.12,0
Aug-2024,Minecraft,NA,4181846,1737288,272,48,9087384,259674,93356,18.13,0
Aug-2024,Minecraft,NA,4095855,1902181,258,49,9363036,364313,179004,6.46,1
Aug-2024,Minecraft,NA,4399775,2012192,262,47,10902914,541164,201876,17.25,4
Aug-2024,Minecraft,NA,3737864,1854324,275,54,5876695,380740,136713,21.1,3
Aug-2024,Minecraft,NA,3657365,1953068,267,46,6794892,394304,166534,21.26,3
Aug-2024,Minecraft,NA,3785560,2041619,229,49,8830263,345691,152127,16.55,4
Aug-2024,Minecraft,NA,3982072,1764512,269,49,6514287,563051,244912,20.62,0
Aug-2024,Minecraft,NA,4230759,1956055,274,52,6715437,461476,199836,12.6,2
Aug-2024,Minecraft,NA,4497785,1879782,262,50,10070435,412478,182211,15.38,2
Aug-2024,Minecraft,NA,4121837,1938774,269,51,9697749,608987,227982,12.42,0
Aug-2024,Minecraft,NA,4196914,1916015,253,42,8877578,379121,198982,7.26,3
Aug-2024,Minecraft,NA,3822160,1904845,216,50,6744533,347671,252569,24.33,3
Aug-2024,Minecraft,NA,4306326,1767997,271,48,6968201,542330,205797,19.15,1
Aug-2024,Minecraft,NA,4049050,1907833,280,48,9142748,546186,236479,24.48,0
Aug-2024,Minecraft,NA,4146446,1999214,256,46,7719131,281263,220354,17.55,0
Aug-2024,Minecraft,NA,3775027,2004765,282,54,8619217,402089,177993,9.03,3
Aug-2024,Minecraft,NA,4062782,1697436,291,51,8105051,392713,164976,21.94,4
Aug-2024,Minecraft,NA,3766216,1976649,263,54,7531357,409115,230401,5.76,5
Aug-2024,Minecraft,EU,4105867,1867002,245,50,7931402,369846,229705,10.43,3
Aug-2024,Minecraft,EU,3818574,1909471,274,48,6222614,430266,164547,11.43,2
Aug-2024,Minecraft,EU,3938655,1862731,246,52,9601298,456974,257897,21.35,3
Aug-2024,Minecraft,EU,4282152,1903997,261,49,10058129,482758,142259,21.06,3
Aug-2024,Minecraft,EU,4242769,1853823,254,45,9037652,354088,248812,23.13,3
Aug-2024,Minecraft,EU,3891308,1879540,256,49,6271786,535181,166071,15.89,0
Aug-2024,Minecraft,EU,4139584,1859361,246,49,7453928,360675,149757,16.77,0
Aug-2024,Minecraft,EU,3942752,1952500,258,47,9445390,253645,235068,12.48,0
Aug-2024,Minecraft,EU,4093337,2023588,295,54,8625319,464948,194421,24.48,0
Aug-2024,Minecraft,EU,3999455,1726483,268,53,9974309,360186,226229,14.61,3
Aug-2024,Minecraft,EU,4311187,1826352,261,47,7301261,397776,259121,13.37,5
Aug-2024,Minecraft,EU,4399440,1712530,259,50,9230990,521371,213452,8.37,1
Aug-2024,Minecraft,EU,4191180,1857230,266,49,7291688,441303,167248,17.37,0
Aug-2024,Minecraft,EU,3923465,1931685,244,52,9609493,319723,147485,11.94,2
Aug-2024,Minecraft,EU,3937910,1936547,229,46,8459837,378553,153549,21.71,3
Aug-2024,Minecraft,EU,4312486,1887269,259,47,10208643,501761,173500,10.7,5
Aug-2024,Minecraft,EU,4282005,1970975,268,45,10491754,540794,242444,18.02,0
Aug-2024,Minecraft,EU,3648025,1925790,249,54,5931993,366178,175517,11.95,0
Aug-2024,Minecraft,EU,4076491,1893999,247,57,9740755,404586,225544,10.36,3
Aug-2024,Minecraft,EU,4331859,2057159,261,51,9726776,430332,171744,5.88,1
Aug-2024,Minecraft,Asia,4044329,1781423,285,45,9179105,288486,218146,9.04,1
Aug-2024,Minecraft,Asia,4014662,1875650,258,47,6190908,455095,218676,6.72,2
Aug-2024,Minecraft,Asia,3791578,1874923,261,46,8961239,328605,187317,12.53,5
Aug-2024,Minecraft,Asia,3950160,1884954,261,49,8423333,476726,240857,19.79,5
Aug-2024,Minecraft,Asia,4003736,1748614,243,50,6866286,245916,211098,6.04,0
Aug-2024,Minecraft,Asia,3857271,1918196,266,51,5886676,366139,180856,21.15,4
Aug-2024,Minecraft,Asia,4006454,1930198,260,51,8023143,454403,202400,10.43,3
Aug-2024,Minecraft,Asia,4024900,1956236,262,50,6608747,572715,164819,5.37,3
Aug-2024,Minecraft,Asia,4294991,1810295,274,46,9477585,468111,233686,17.25,4
Aug-2024,Minecraft,Asia,3680908,1965889,244,51,7585476,398483,172333,10.15,3
Aug-2024,Minecraft,Asia,4074014,1888768,278,46,7670142,303567,211740,9.29,0
Aug-2024,Minecraft,Asia,3925049,1935159,251,46,6849852,377609,169601,18.56,5
Aug-2024,Minecraft,Asia,3688156,2061587,234,46,6584321,303210,173016,21.5,5
Aug-2024,Minecraft,Asia,4372669,2045197,267,46,9949311,370981,211850,21.74,3
Aug-2024,Minecraft,Asia,3878407,2062969,241,51,5838176,279667,193111,7.02,3
Aug-2024,Minecraft,Asia,4002283,1713999,247,50,6822605,452765,185871,7.15,1
Aug-2024,Minecraft,Asia,4174283,1910899,246,47,9793309,505633,189082,18.15,4
Aug-2024,Minecraft,Asia,4395894,1903543,228,47,9302279,423780,191725,16.59,1
Aug-2024,Minecraft,Asia,4217839,1859706,250,49,7426337,325001,239691,5.12,0
Aug-2024,Minecraft,Asia,3949413,1913845,262,47,7101235,270373,222643,13.73,5
Aug-2024,Minecraft,South America,3579712,2056420,258,40,7137299,301427,235284,11.05,5
Aug-2024,Minecraft,South America,4057426,1856661,264,46,7607025,531112,255316,8.59,3
Aug-2024,Minecraft,South America,3826521,1960723,256,50,9518868,208760,203040,15.14,2
Aug-2024,Minecraft,South America,3932793,1884702,264,46,7649025,373364,191585,13.91,5
Aug-2024,Minecraft,South America,4232536,1820710,260,48,9105477,571239,230754,15.36,2
Aug-2024,Minecraft,South America,3960124,1827264,283,53,6623690,391432,206585,11.24,4
Aug-2024,Minecraft,South America,4186534,1898569,242,49,8040499,383315,236974,18.28,0
Aug-2024,Minecraft,South America,3870774,1937526,271,41,8587948,364140,133624,22.74,4
Aug-2024,Minecraft,South America,4205027,1758753,263,50,6929206,328655,265744,10.95,3
Aug-2024,Minecraft,South America,4149536,1799004,264,50,7042303,663938,161268,5.14,2
Aug-2024,Minecraft,South America,4058830,1822747,259,48,7648942,471328,228528,13.85,0
Aug-2024,Minecraft,South America,4348895,2014310,249,52,7933012,477946,262051,5.4,0
Aug-2024,Minecraft,South America,4039721,1899506,253,55,10076539,434498,145138,15.97,2
Aug-2024,Minecraft,South America,3804356,1880764,271,44,7850119,412584,259933,8.04,0
Aug-2024,Minecraft,South America,4302110,1899814,266,53,10135555,353461,191186,10.96,5
Aug-2024,Minecraft,South America,3912710,1790582,268,50,8116556,464685,186089,18.01,1
Aug-2024,Minecraft,South America,4111730,1991817,255,49,9908788,343907,134351,21.88,4
Aug-2024,Minecraft,South America,4039256,1995993,270,47,9474068,484522,206382,16.97,0
Aug-2024,Minecraft,South America,4011156,1810211,275,50,8076938,407756,193102,23.05,3
Aug-2024,Minecraft,South America,4009779,1757222,276,52,7134649,374294,214409,7.97,0
Aug-2024,Minecraft,Africa,3840056,1783026,253,50,9296134,289571,180745,17.49,5
Aug-2024,Minecraft,Africa,4558414,1939989,245,48,7487899,504095,232281,5.12,3
Aug-2024,Minecraft,Africa,4035027,1914195,293,54,9905604,332194,220469,10.15,4
Aug-2024,Minecraft,Africa,3838308,1751010,268,52,6552221,476475,190141,22.1,1
Aug-2024,Minecraft,Africa,4526036,1871507,277,46,11308357,516869,130199,20.15,5
Aug-2024,Minecraft,Africa,4153940,1817654,271,50,7156671,415348,197011,23.54,1
Aug-2024,Minecraft,Africa,4123457,1843747,259,46,9008575,462845,149846,18.83,4
Aug-2024,Minecraft,Africa,4146473,1780353,271,49,6830080,326732,99512,17.92,5
Aug-2024,Minecraft,Africa,3855852,1747900,272,45,6021614,356165,198763,24.1,0
Aug-2024,Minecraft,Africa,4251682,1898885,250,48,7317558,388530,261751,6.79,2
Aug-2024,Minecraft,Africa,3847002,1974143,255,51,6754820,452482,223489,16.63,2
Aug-2024,Minecraft,Africa,4249848,1900615,265,49,8034677,409890,236049,12.2,1
Aug-2024,Minecraft,Africa,4246806,1867725,276,55,6436314,392414,180073,6.89,5
Aug-2024,Minecraft,Africa,3653628,2049740,261,47,6481296,484802,214801,20.35,0
Aug-2024,Minecraft,Africa,4160794,1953804,255,51,8205776,490344,263725,10.76,0
Aug-2024,Minecraft,Africa,3963028,1942997,262,52,9114945,379565,199908,18.17,4
Aug-2024,Minecraft,Africa,3966648,1807399,278,47,6833981,450431,207301,21.69,1
Aug-2024,Minecraft,Africa,3951470,1953385,275,51,6368294,344745,226517,16.7,2
Aug-2024,Minecraft,Africa,3912862,1860771,266,55,8829610,243188,158141,15.67,2
Aug-2024,Minecraft,Africa,4175531,1968442,278,52,6314438,289872,100266,10.81,3
Aug-2024,Minecraft,Oceania,3767076,1769030,259,51,8082386,425125,184934,5.25,1
Aug-2024,Minecraft,Oceania,4016397,1959817,253,52,7673918,522675,182762,6.1,2
Aug-2024,Minecraft,Oceania,3994194,1934415,225,47,6419033,344572,222457,12.15,2
Aug-2024,Minecraft,Oceania,3815971,1759980,272,51,7914058,411451,193635,20.6,1
Aug-2024,Minecraft,Oceania,3864324,2019764,254,49,8667428,263731,187355,13.15,4
Aug-2024,Minecraft,Oceania,4349975,1814653,264,55,9416795,479736,248062,20.5,0
Aug-2024,Minecraft,Oceania,3631220,1974240,263,56,7983814,484449,179541,8.96,1
Aug-2024,Minecraft,Oceania,4124290,1729155,274,52,10157570,286616,199404,5.71,0
Aug-2024,Minecraft,Oceania,4075832,1831336,268,50,6691460,571854,198489,7.27,2
Aug-2024,Minecraft,Oceania,4420466,1845074,270,49,9387472,498448,275715,24.62,1
Aug-2024,Minecraft,Oceania,4181499,2000834,258,49,9322391,370742,192678,15.97,1
Aug-2024,Minecraft,Oceania,3682537,1986859,271,45,5910613,392544,181523,5.0,3
Aug-2024,Minecraft,Oceania,3976178,1756103,270,50,8071716,343809,203436,18.2,1
Aug-2024,Minecraft,Oceania,3820627,1886193,237,52,6534924,432713,142514,9.62,0
Aug-2024,Minecraft,Oceania,4118639,2001645,260,54,7675883,457005,274098,17.2,1
Aug-2024,Minecraft,Oceania,3764488,1872425,255,50,8250865,464061,107885,15.71,0
Aug-2024,Minecraft,Oceania,3982375,1924854,257,52,7167410,333699,274548,7.91,1
Aug-2024,Minecraft,Oceania,4178746,1735492,264,51,8564414,409386,188832,13.53,3
Aug-2024,Minecraft,Oceania,3934527,1886352,229,53,9472818,384085,169058,16.57,4
Aug-2024,Minecraft,Oceania,4183311,1880275,259,50,9229324,470498,289128,10.66,5
Sep-2024,Minecraft,NA,3889169,1856443,281,49,9153809,418833,228750,20.24,2
Sep-2024,Minecraft,NA,3988253,1807337,258,51,7846716,472557,177187,17.61,2
Sep-2024,Minecraft,NA,4202285,1845175,228,51,8924647,474801,215132,20.99,4
Sep-2024,Minecraft,NA,4212463,1873130,263,47,10061275,343360,275042,23.37,1
Sep-2024,Minecraft,NA,4030059,1899573,249,49,9289930,480132,235161,17.81,5
Sep-2024,Minecraft,NA,3693396,1779046,270,57,6437625,339569,164506,6.48,4
Sep-2024,Minecraft,NA,4155982,1996021,264,50,9442087,472059,157925,18.0,1
Sep-2024,Minecraft,NA,3912288,1928888,243,48,7675835,457748,236977,9.98,0
Sep-2024,Minecraft,NA,3872867,1886074,236,52,7207777,323388,221514,15.93,5
Sep-2024,Minecraft,NA,4115649,1885073,253,49,7000863,469762,233744,15.31,2
Sep-2024,Minecraft,NA,3982753,1854846,242,53,8011716,437654,227564,22.42,3
Sep-2024,Minecraft,NA,4090644,1854816,258,48,9938509,445040,232148,14.77,1
Sep-2024,Minecraft,NA,4205963,1631206,257,55,10043579,277283,198490,22.48,2
Sep-2024,Minecraft,NA,4078397,1903385,294,56,6267439,528596,223138,16.36,3
Sep-2024,Minecraft,NA,3729769,1847917,248,55,6039529,182821,211755,18.41,3
Sep-2024,Minecraft,NA,3991796,1906659,265,52,8558679,337992,218049,16.16,3
Sep-2024,Minecraft,NA,4106065,1851916,265,47,9917490,557063,177002,12.34,5
Sep-2024,Minecraft,NA,3715313,1852641,244,49,7095244,364380,271302,20.66,1
Sep-2024,Minecraft,NA,4230091,1865348,253,52,9180584,372692,213900,11.79,4
Sep-2024,Minecraft,NA,3725285,1777998,285,53,7856021,483435,186957,8.26,4
Sep-2024,Minecraft,EU,4254904,1842449,247,47,8923109,354935,191191,13.07,5
Sep-2024,Minecraft,EU,3812642,1797970,272,53,9131998,299837,200870,14.37,2
Sep-2024,Minecraft,EU,3821185,1896701,256,45,6619511,480857,202942,21.37,0
Sep-2024,Minecraft,EU,4079228,1808820,266,51,9263308,333443,225548,10.51,1
Sep-2024,Minecraft,EU,4082208,1950843,267,52,7804276,371986,205845,19.66,0
Sep-2024,Minecraft,EU,4307662,1982644,255,51,10729066,384092,215719,21.16,3
Sep-2024,Minecraft,EU,3853421,1953283,236,52,8603618,362092,158062,22.3,4
Sep-2024,Minecraft,EU,3767253,1816473,240,42,6747435,413928,209410,16.35,5
Sep-2024,Minecraft,EU,4059778,1873987,261,50,10093425,486001,226504,16.35,1
Sep-2024,Minecraft,EU,3930032,1914524,274,51,9545676,346661,218865,19.18,4
Sep-2024,Minecraft,EU,4243739,1794235,273,54,8407975,469781,187406,14.87,4
Sep-2024,Minecraft,EU,4316615,1766838,257,45,8514449,426355,215869,23.59,3
Sep-2024,Minecraft,EU,4050218,1952228,281,48,9842852,391183,250273,24.16,3
Sep-2024,Minecraft,EU,4550382,1954016,263,47,8515664,335813,256965,6.3,4
Sep-2024,Minecraft,EU,4138418,2019693,231,45,7934168,321525,219813,6.96,1
Sep-2024,Minecraft,EU,4274655,1851660,248,51,9496427,462168,249471,11.4,3
Sep-2024,Minecraft,EU,3985491,1761469,289,55,8131387,309087,122967,18.98,5
Sep-2024,Minecraft,EU,4042995,1847603,281,43,10006206,538708,199326,15.72,3
Sep-2024,Minecraft,EU,4013341,1852404,286,54,6098489,418501,208364,18.97,5
Sep-2024,Minecraft,EU,4517349,1919833,251,48,8090051,417899,259428,23.74,3
Sep-2024,Minecraft,Asia,3961956,1705324,261,45,7183378,492873,199180,16.4,2
Sep-2024,Minecraft,Asia,3690784,1823771,247,46,8414941,286915,158147,12.86,0
Sep-2024,Minecraft,Asia,4063857,1948167,263,48,9188601,296697,255040,19.35,3
Sep-2024,Minecraft,Asia,4253040,1829033,279,46,8936807,437064,234459,22.21,5
Sep-2024,Minecraft,Asia,4059286,1974359,257,45,7378423,432196,179082,17.38,2
Sep-2024,Minecraft,Asia,4054403,1698205,255,49,6577360,420382,138947,18.98,4
Sep-2024,Minecraft,Asia,4227616,1810650,278,45,8599052,310123,290662,22.22,5
Sep-2024,Minecraft,Asia,3534715,1962295,264,52,8132378,414854,159110,14.18,5
Sep-2024,Minecraft,Asia,4102523,1842519,259,49,6261924,470973,190867,14.39,1
Sep-2024,Minecraft,Asia,4350483,1849074,248,48,9035608,508601,247368,22.09,0
Sep-2024,Minecraft,Asia,3774532,1807786,222,53,7237862,414284,134653,22.71,5
Sep-2024,Minecraft,Asia,4456538,1807248,259,48,10982749,550862,234098,5.7,3
Sep-2024,Minecraft,Asia,4294736,1977676,266,53,9230768,306714,194839,14.42,3
Sep-2024,Minecraft,Asia,4088638,1811559,241,51,8333849,431729,188146,12.07,5
Sep-2024,Minecraft,Asia,4279758,1924457,264,47,7560510,347844,190058,24.18,1
Sep-2024,Minecraft,Asia,4272294,1905750,257,50,9158819,333167,222486,20.85,0
Sep-2024,Minecraft,Asia,3505258,2004144,227,52,8193686,247429,228615,21.11,2
Sep-2024,Minecraft,Asia,3772825,2044222,259,47,8741876,473936,232995,24.58,5
Sep-2024,Minecraft,Asia,3915471,1994183,289,44,6056673,354031,273423,18.04,0
Sep-2024,Minecraft,Asia,4107023,1865014,250,50,10194002,348202,209989,20.77,3
Sep-2024,Minecraft,South America,3884647,1835697,283,53,7392585,420024,147477,11.25,5
Sep-2024,Minecraft,South America,4503683,1782622,237,51,9794084,515106,301125,21.51,2
Sep-2024,Minecraft,South America,4144281,1847952,266,50,6983217,385833,141021,12.59,2
Sep-2024,Minecraft,South America,3949168,1860642,249,49,8611943,388908,214698,13.25,2
Sep-2024,Minecraft,South America,4419667,1865029,255,51,6632041,391989,246218,10.67,2
Sep-2024,Minecraft,South America,4034940,1902611,234,51,6071298,408926,216378,22.72,0
Sep-2024,Minecraft,South America,3666904,2069198,262,48,6771972,409278,250810,20.62,5
Sep-2024,Minecraft,South America,4246345,1883193,288,47,7384554,492060,199675,20.08,1
Sep-2024,Minecraft,South America,4170972,1665893,266,52,8097079,468829,113744,12.48,4
Sep-2024,Minecraft,South America,3849430,1910236,260,50,8142429,324781,246264,11.05,3
Sep-2024,Minecraft,South America,4305014,1918439,268,55,9263806,380904,186957,8.26,4
Sep-2024,Minecraft,South America,4385603,1905711,241,49,7731611,485927,326715,21.7,0
Sep-2024,Minecraft,South America,3909253,1756971,240,56,8401784,400797,144781,7.79,0
Sep-2024,Minecraft,South America,4094977,1907935,266,50,6688844,405733,244169,10.37,3
Sep-2024,Minecraft,South America,4328961,1861236,255,55,8908510,411015,142656,14.96,3
Sep-2024,Minecraft,South America,4233120,1767536,249,48,9418812,542344,236371,9.26,0
Sep-2024,Minecraft,South America,3967301,1768844,261,49,7924990,230815,200051,13.56,5
Sep-2024,Minecraft,South America,4205008,1926333,280,48,10064609,492701,214053,20.09,2
Sep-2024,Minecraft,South America,4004384,1898479,273,52,8477682,416737,250825,12.56,0
Sep-2024,Minecraft,South America,3899305,1868567,239,52,6501738,398426,212794,17.11,0
Sep-2024,Minecraft,Africa,4322638,1928118,271,44,10114545,419460,214334,22.87,1
Sep-2024,Minecraft,Africa,3961238,2100149,250,46,9276683,382796,189338,14.83,4
Sep-2024,Minecraft,Africa,4165392,1963844,236,46,6438478,227856,194836,23.92,5
Sep-2024,Minecraft,Africa,3982869,2034902,247,45,8323300,402719,195342,14.98,4
Sep-2024,Minecraft,Africa,4042604,1922753,248,52,9825081,321924,194943,20.5,2
Sep-2024,Minecraft,Africa,4060816,1734304,277,49,9694133,358475,241617,10.81,0
Sep-2024,Minecraft,Africa,3978942,1935089,260,46,9250618,450773,202672,11.81,5
Sep-2024,Minecraft,Africa,3839866,1932372,256,52,8951843,382767,141603,14.09,0
Sep-2024,Minecraft,Africa,3842146,1900724,233,48,7543895,396251,132764,5.84,5
Sep-2024,Minecraft,Africa,3964184,1758054,242,51,9699982,336416,191747,19.37,4
Sep-2024,Minecraft,Africa,3920099,1814216,268,49,8010863,497664,213102,14.37,2
Sep-2024,Minecraft,Africa,4313740,1915238,280,49,8843762,274548,187879,8.1,5
Sep-2024,Minecraft,Africa,4427772,1830259,238,55,9130947,357849,280019,21.2,3
Sep-2024,Minecraft,Africa,3719290,1980644,265,53,7473225,429439,172348,10.48,1
Sep-2024,Minecraft,Africa,4086861,1958399,257,48,6600255,517937,246653,7.05,3
Sep-2024,Minecraft,Africa,3953865,1930938,278,51,9693999,253046,190838,10.99,0
Sep-2024,Minecraft,Africa,3987333,1819493,270,48,7270643,514746,149201,18.14,1
Sep-2024,Minecraft,Africa,3902599,1737523,291,48,6015262,402984,199282,8.4,4
Sep-2024,Minecraft,Africa,3698982,1845960,276,48,7537177,350459,225766,8.1,3
Sep-2024,Minecraft,Africa,3920035,1884472,257,47,9274037,425987,223299,19.15,1
Sep-2024,Minecraft,Oceania,3771448,1967985,236,49,8873958,371056,192666,22.67,4
Sep-2024,Minecraft,Oceania,3820690,1844577,288,45,6623471,342582,228189,11.9,5
Sep-2024,Minecraft,Oceania,3767723,1897685,277,48,9232887,402383,182733,13.09,4
Sep-2024,Minecraft,Oceania,4212718,1810857,278,52,10084543,362469,149396,17.91,1
Sep-2024,Minecraft,Oceania,4223296,1860512,252,46,7951753,322815,215543,21.53,0
Sep-2024,Minecraft,Oceania,3933402,1996937,281,53,6601640,359142,214153,21.4,1
Sep-2024,Minecraft,Oceania,3945556,1970160,258,46,9841528,498600,240588,15.28,5
Sep-2024,Minecraft,Oceania,4040049,1877307,269,47,9149498,433694,168930,8.68,4
Sep-2024,Minecraft,Oceania,3791830,1926076,270,42,7704513,301390,152822,24.66,5
Sep-2024,Minecraft,Oceania,4163267,1832688,248,47,9093450,370082,215114,22.74,5
Sep-2024,Minecraft,Oceania,4223375,1823708,268,47,9170298,475720,148332,15.26,3
Sep-2024,Minecraft,Oceania,4173280,1906775,266,48,6295457,434496,231683,18.76,4
Sep-2024,Minecraft,Oceania,4108993,1875953,250,48,7122292,454798,196500,9.5,4
Sep-2024,Minecraft,Oceania,4313913,1921168,266,49,10478228,613996,247711,22.32,0
Sep-2024,Minecraft,Oceania,3908750,1928633,258,45,7854132,370448,317959,23.7,0
Sep-2024,Minecraft,Oceania,4285493,1985505,266,48,8613334,408862,209124,22.72,0
Sep-2024,Minecraft,Oceania,3861303,1908482,266,52,7350259,263135,180627,19.23,1
Sep-2024,Minecraft,Oceania,4047741,1891172,276,47,8610047,370911,227711,17.78,5
Sep-2024,Minecraft,Oceania,3839975,1838562,247,50,7871981,362140,155074,8.82,3
Sep-2024,Minecraft,Oceania,4279853,2028191,251,48,9862320,399485,250103,11.62,2
Oct-2024,Minecraft,NA,3962300,1821357,298,48,6245307,480241,205489,8.83,3
Oct-2024,Minecraft,NA,3852620,1934782,242,46,6198364,386308,198370,21.63,5
Oct-2024,Minecraft,NA,4331125,2011940,266,45,6978086,466417,193096,11.16,3
Oct-2024,Minecraft,NA,3826646,1986027,285,50,6137012,439964,192202,7.16,0
Oct-2024,Minecraft,NA,4223853,2076299,237,47,9339089,472631,171497,9.42,1
Oct-2024,Minecraft,NA,4493851,1820382,272,50,8594345,429061,283612,17.07,5
Oct-2024,Minecraft,NA,4190503,1803356,260,47,6672186,427892,209402,11.96,4
Oct-2024,Minecraft,NA,3630408,1900314,264,52,7862457,357496,148307,10.36,0
Oct-2024,Minecraft,NA,3964122,1856687,244,46,8697265,440993,266918,10.11,2
Oct-2024,Minecraft,NA,4207175,1752657,248,46,8567033,476101,210325,10.96,5
Oct-2024,Minecraft,NA,4226636,1810537,260,45,7177394,431643,135598,6.8,0
Oct-2024,Minecraft,NA,4074200,1764446,248,52,7384085,496258,223713,6.49,2
Oct-2024,Minecraft,NA,4111119,1804794,292,47,10076851,581628,197407,5.39,3
Oct-2024,Minecraft,NA,4222229,1997517,271,46,9235180,379113,235282,23.94,0
Oct-2024,Minecraft,NA,4421795,1983547,248,53,6861867,427820,177112,18.03,3
Oct-2024,Minecraft,NA,3831867,1827167,280,54,7535963,284833,170047,11.28,5
Oct-2024,Minecraft,NA,4076742,1898241,288,46,6781345,565855,187434,17.05,4
Oct-2024,Minecraft,NA,4115777,1980416,258,49,8250489,496716,192888,5.96,5
Oct-2024,Minecraft,NA,4004054,1938939,251,54,9197752,501412,219050,6.12,4
Oct-2024,Minecraft,NA,4408292,1856411,265,50,8118610,580064,199216,16.59,0
Oct-2024,Minecraft,EU,4037029,1724216,275,45,6731909,426553,178024,10.14,0
Oct-2024,Minecraft,EU,3885947,1922279,224,50,7732033,438058,121320,5.03,1
Oct-2024,Minecraft,EU,4261480,1991211,249,48,7388385,328592,183700,6.36,3
Oct-2024,Minecraft,EU,3895972,1833746,252,48,6978836,325619,254242,8.68,1
Oct-2024,Minecraft,EU,4357737,1853086,255,52,10563993,477471,211071,22.76,3
Oct-2024,Minecraft,EU,4058603,1895028,261,49,6622543,431033,207108,10.8,4
Oct-2024,Minecraft,EU,3740546,1981154,244,45,8828841,378391,197556,5.19,2
Oct-2024,Minecraft,EU,3798575,1787688,271,48,8882722,342366,205133,17.75,2
Oct-2024,Minecraft,EU,3765026,1871744,257,47,6310740,586875,231765,11.38,5
Oct-2024,Minecraft,EU,3954078,1829112,275,46,8189714,369719,263933,8.39,1
Oct-2024,Minecraft,EU,4145750,1788912,268,47,6859775,235689,199409,17.05,4
Oct-2024,Minecraft,EU,3575891,1756117,292,49,6280504,466489,158420,16.35,0
Oct-2024,Minecraft,EU,4056823,1787067,278,54,9211935,505464,151520,13.71,0
Oct-2024,Minecraft,EU,3993914,1873390,266,43,6257577,432389,228252,12.44,4
Oct-2024,Minecraft,EU,4321313,1878813,241,49,7511475,333411,236359,17.05,0
Oct-2024,Minecraft,EU,4177964,1770192,258,51,7889140,333030,166209,17.85,4
Oct-2024,Minecraft,EU,4137454,1978118,247,47,9228719,214207,191770,23.1,4
Oct-2024,Minecraft,EU,3875595,1963669,254,51,7775738,449439,198861,11.55,1
Oct-2024,Minecraft,EU,4501049,1969122,278,51,8410150,441856,278318,6.37,5
Oct-2024,Minecraft,EU,4082025,1968331,285,46,6991010,411010,203537,7.79,5
Oct-2024,Minecraft,Asia,4158591,1746949,290,49,7485239,405190,218762,10.88,3
Oct-2024,Minecraft,Asia,3892640,2026258,275,45,8408549,316079,177074,14.87,1
Oct-2024,Minecraft,Asia,4185645,1808406,268,47,7302462,454529,148152,22.64,1
Oct-2024,Minecraft,Asia,3909282,1858391,281,49,8468165,316742,279445,8.12,5
Oct-2024,Minecraft,Asia,4100381,1871064,272,52,8262127,493537,220215,6.17,5
Oct-2024,Minecraft,Asia,4194809,1840829,259,50,7358402,547188,196279,21.6,2
Oct-2024,Minecraft,Asia,3793417,1877101,236,55,8929346,388363,239552,12.18,3
Oct-2024,Minecraft,Asia,3899302,1892199,269,48,8690602,196209,236787,13.78,5
Oct-2024,Minecraft,Asia,4355767,1960632,270,45,6757820,504247,259445,13.73,0
Oct-2024,Minecraft,Asia,3904929,1826339,265,55,7737531,425976,125739,8.97,0
Oct-2024,Minecraft,Asia,4135693,1837569,251,50,8887217,257189,253758,10.69,4
Oct-2024,Minecraft,Asia,4109806,1871029,257,48,6304504,365516,139559,20.72,3
Oct-2024,Minecraft,Asia,3998336,1893251,258,49,6877835,389909,207207,6.03,0
Oct-2024,Minecraft,Asia,4105136,1857281,247,46,8467660,377088,282509,16.0,0
Oct-2024,Minecraft,Asia,3944063,1681897,240,49,6607605,453430,276436,13.74,0
Oct-2024,Minecraft,Asia,4285056,1997960,259,51,9735904,312728,278773,19.94,0
Oct-2024,Minecraft,Asia,3783854,1831156,257,45,8311906,273151,181008,10.9,4
Oct-2024,Minecraft,Asia,3879879,1834664,262,42,7342326,330421,157823,15.37,0
Oct-2024,Minecraft,Asia,4220194,1845133,243,47,9347195,398510,244407,10.88,2
Oct-2024,Minecraft,Asia,3887833,1848181,236,42,6335778,493299,195713,10.82,0
Oct-2024,Minecraft,South America,4254311,1820450,238,46,6922334,402501,168502,18.53,0
Oct-2024,Minecraft,South America,4039008,1863538,261,48,8285656,398235,261754,10.95,5
Oct-2024,Minecraft,South America,3995298,1970547,229,50,8550212,364013,206792,15.14,0
Oct-2024,Minecraft,South America,4193853,1984379,231,48,7989531,404792,227253,16.39,1
Oct-2024,Minecraft,South America,4105758,1789738,256,46,8529860,308048,232264,16.21,3
Oct-2024,Minecraft,South America,4015390,1905077,255,50,6589787,464802,158488,15.38,5
Oct-2024,Minecraft,South America,4028131,1812499,256,52,8793238,350800,212633,19.28,5
Oct-2024,Minecraft,South America,3993543,1869873,246,48,9738184,435477,216376,14.84,5
Oct-2024,Minecraft,South America,4015176,1867747,241,51,7891331,448437,212163,13.3,2
Oct-2024,Minecraft,South America,3888950,1827740,255,52,9214248,513368,165975,5.34,2
Oct-2024,Minecraft,South America,4260863,1982594,230,47,9646164,361503,207666,22.28,3
Oct-2024,Minecraft,South America,3993277,1888682,286,51,9768417,467007,233015,12.9,3
Oct-2024,Minecraft,South America,4059554,1819877,276,47,9305840,362228,275149,22.87,5
Oct-2024,Minecraft,South America,4041581,1880930,280,50,7277819,370124,214746,10.56,3
Oct-2024,Minecraft,South America,4269296,2050052,245,50,8044700,433573,222838,5.4,0
Oct-2024,Minecraft,South America,3911048,2060802,261,54,6022056,368235,81435,22.41,3
Oct-2024,Minecraft,South America,4114725,1924799,244,45,10130293,417878,143626,24.81,3
Oct-2024,Minecraft,South America,3713552,1872090,256,48,8038769,348903,188019,17.94,3
Oct-2024,Minecraft,South America,4031517,1894884,271,53,9488654,386522,180890,6.77,3
Oct-2024,Minecraft,South America,4163265,1940622,233,41,7672958,371048,158920,21.62,2
Oct-2024,Minecraft,Africa,3980261,1822804,254,43,9384427,429732,200982,22.12,4
Oct-2024,Minecraft,Africa,3708994,1891400,254,52,6137349,506301,199130,20.17,0
Oct-2024,Minecraft,Africa,3955520,1945031,238,53,6247372,406526,211620,14.74,3
Oct-2024,Minecraft,Africa,3929567,1935454,233,47,7727492,376048,282250,18.02,1
Oct-2024,Minecraft,Africa,4003977,1811639,254,54,9534709,386765,135373,8.28,5
Oct-2024,Minecraft,Africa,4023326,1855006,269,50,9964701,451505,245145,20.48,4
Oct-2024,Minecraft,Africa,3891731,1898113,268,52,9017660,296530,189935,19.78,0
Oct-2024,Minecraft,Africa,3856442,1955531,239,46,5838285,332810,223215,20.35,2
Oct-2024,Minecraft,Africa,3842941,1997665,258,52,5835600,484846,212903,12.93,5
Oct-2024,Minecraft,Africa,4126858,2013618,264,48,7985558,364768,160153,18.93,0
Oct-2024,Minecraft,Africa,4039995,1684392,256,51,8833818,272348,157906,18.24,3
Oct-2024,Minecraft,Africa,3657660,2080825,247,50,8747562,357108,175028,5.73,3
Oct-2024,Minecraft,Africa,3740607,1861232,281,54,9093680,359150,215471,17.7,4
Oct-2024,Minecraft,Africa,3834500,2037285,268,53,8481727,402492,200634,22.78,5
Oct-2024,Minecraft,Africa,4401198,1897456,272,49,7903500,533734,253693,13.68,1
Oct-2024,Minecraft,Africa,4000656,1999213,248,53,9457836,437344,125088,14.14,4
Oct-2024,Minecraft,Africa,4170791,1894961,265,49,8847340,277167,293621,18.94,0
Oct-2024,Minecraft,Africa,4017210,1829786,261,44,9678896,324769,160731,20.27,1
Oct-2024,Minecraft,Africa,4114930,1856313,248,42,8095895,278362,246810,12.34,2
Oct-2024,Minecraft,Africa,4013671,2056566,249,50,8599182,400965,176433,23.03,2
Oct-2024,Minecraft,Oceania,3808251,1835854,252,50,9318845,366452,167504,7.14,0
Oct-2024,Minecraft,Oceania,4167874,1866365,272,49,6795989,294173,189305,17.66,0
Oct-2024,Minecraft,Oceania,3940578,1817329,264,48,7868005,550206,311503,21.88,5
Oct-2024,Minecraft,Oceania,4038956,1895912,238,55,10037673,410096,149395,10.29,2
Oct-2024,Minecraft,Oceania,4027654,1965325,253,46,7312335,526807,248778,21.76,4
Oct-2024,Minecraft,Oceania,4047596,1841972,282,49,7855808,468057,169414,20.76,3
Oct-2024,Minecraft,Oceania,3944854,2017117,263,54,8873431,493022,178713,18.05,0
Oct-2024,Minecraft,Oceania,4114918,1997091,252,49,6592969,301811,138304,20.52,3
Oct-2024,Minecraft,Oceania,4138916,1915621,233,54,9404702,415124,191112,7.57,4
Oct-2024,Minecraft,Oceania,4235392,1727215,261,49,8541996,192952,199501,9.92,1
Oct-2024,Minecraft,Oceania,4018913,1999923,251,50,6265202,440877,226152,10.11,0
Oct-2024,Minecraft,Oceania,4376822,1771831,248,51,8406054,345054,229413,7.31,3
Oct-2024,Minecraft,Oceania,3884886,1893647,225,47,9368462,475936,258008,17.9,3
Oct-2024,Minecraft,Oceania,4252238,1864788,247,43,6883219,403199,240932,10.36,1
Oct-2024,Minecraft,Oceania,4132293,1841019,243,48,8699144,489974,114970,14.23,2
Oct-2024,Minecraft,Oceania,4055105,1987720,261,54,10133661,520747,123947,13.2,2
Oct-2024,Minecraft,Oceania,3974922,2017442,262,50,8178735,327144,227157,8.7,4
Oct-2024,Minecraft,Oceania,4042041,1965940,277,47,6063469,512812,168568,13.6,4
Oct-2024,Minecraft,Oceania,3816150,1972891,267,51,7244379,316772,196143,7.29,3
Oct-2024,Minecraft,Oceania,4193949,1883415,263,52,8225035,435621,164009,13.96,1
Nov-2024,Minecraft,NA,4184496,1751548,241,44,9972530,496916,141151,14.8,4
Nov-2024,Minecraft,NA,3776906,1870660,257,57,6775392,429978,143664,5.15,3
Nov-2024,Minecraft,NA,3763608,1875468,248,52,8727826,437339,213896,13.08,0
Nov-2024,Minecraft,NA,3752102,1962019,248,46,8579390,485831,157662,23.96,5
Nov-2024,Minecraft,NA,3780956,1987809,240,49,6298711,396031,214992,19.65,1
Nov-2024,Minecraft,NA,3975358,1927218,278,50,8093020,322687,232728,18.43,1
Nov-2024,Minecraft,NA,4214197,1753114,242,54,7475782,519982,174666,23.34,5
Nov-2024,Minecraft,NA,4239949,1869960,244,47,6839504,380891,241001,14.54,4
Nov-2024,Minecraft,NA,4148803,1912776,256,53,6341064,545698,253887,15.68,2
Nov-2024,Minecraft,NA,3938220,2012213,269,48,8963959,376749,185875,15.19,1
Nov-2024,Minecraft,NA,4336240,1856621,263,52,10739602,368382,303494,22.95,2
Nov-2024,Minecraft,NA,4195154,1824025,258,45,7059996,355438,149097,21.81,5
Nov-2024,Minecraft,NA,3911663,1895195,248,53,8910775,514199,222153,14.86,5
Nov-2024,Minecraft,NA,4064941,1843408,285,50,8758408,370145,235487,21.23,3
Nov-2024,Minecraft,NA,4293630,1749783,252,49,9296360,529532,169453,16.02,3
Nov-2024,Minecraft,NA,3984540,1971960,251,52,9729984,477438,272138,7.48,1
Nov-2024,Minecraft,NA,4050812,1981071,262,45,9082838,399793,154266,18.36,5
Nov-2024,Minecraft,NA,4231863,1858762,241,52,9330341,337951,232642,12.22,1
Nov-2024,Minecraft,NA,4057091,2009392,283,54,9779336,416925,237544,21.59,0
Nov-2024,Minecraft,NA,3653321,1931702,250,53,6444735,428869,223765,21.2,3
Nov-2024,Minecraft,EU,3714235,1810759,290,56,6204331,247268,187352,21.72,4
Nov-2024,Minecraft,EU,4046897,1917879,236,49,8254862,441737,229464,17.97,5
Nov-2024,Minecraft,EU,4058357,1947198,236,60,9669302,505274,201856,12.13,0
Nov-2024,Minecraft,EU,4187536,1992294,284,46,8269296,454279,162954,14.21,4
Nov-2024,Minecraft,EU,4502492,2007409,281,53,10835593,556679,266037,20.97,4
Nov-2024,Minecraft,EU,4216632,1867454,258,53,6351740,443677,216346,12.16,0
Nov-2024,Minecraft,EU,3822047,2065681,277,51,7632285,298784,195556,9.26,5
Nov-2024,Minecraft,EU,4061136,1726177,281,45,7034663,675721,190398,12.99,1
Nov-2024,Minecraft,EU,3842263,1839529,259,51,7126627,453385,167193,9.02,0
Nov-2024,Minecraft,EU,3751205,1515326,254,50,7034967,534393,138967,11.26,0
Nov-2024,Minecraft,EU,4359221,2011769,233,51,7525323,504330,214226,23.72,4
Nov-2024,Minecraft,EU,4185296,1767337,273,52,9210580,355747,260571,17.0,5
Nov-2024,Minecraft,EU,3742594,1730350,276,55,6496510,290716,231263,12.49,3
Nov-2024,Minecraft,EU,3802162,1957688,263,48,6468894,393677,165457,6.81,3
Nov-2024,Minecraft,EU,4217970,1893403,284,56,8740937,372573,131623,17.7,4
Nov-2024,Minecraft,EU,3847579,1899174,247,52,7539878,370152,154696,20.31,2
Nov-2024,Minecraft,EU,4241177,1721280,255,46,8312338,477282,203845,8.6,4
Nov-2024,Minecraft,EU,4107242,1841200,260,43,8413684,378998,184750,12.49,4
Nov-2024,Minecraft,EU,4117543,1899793,256,51,8547837,438292,260666,8.39,2
Nov-2024,Minecraft,EU,4180896,1808763,279,49,7324177,418736,190066,8.05,0
Nov-2024,Minecraft,Asia,4127247,1875693,243,54,6470107,368939,247398,16.22,2
Nov-2024,Minecraft,Asia,4278733,1987398,262,52,6852135,442330,247526,23.96,5
Nov-2024,Minecraft,Asia,4178247,1818290,270,49,7006467,406192,173774,7.18,1
Nov-2024,Minecraft,Asia,4296870,1835227,257,49,6913182,462155,216292,16.52,4
Nov-2024,Minecraft,Asia,4263877,1796794,259,52,8027409,456864,235707,15.64,1
Nov-2024,Minecraft,Asia,3923055,2021223,281,53,8320632,404819,203195,7.11,2
Nov-2024,Minecraft,Asia,3762837,1869464,255,50,7298553,357610,239929,15.56,4
Nov-2024,Minecraft,Asia,4154266,1964543,262,55,9937352,390330,220203,8.29,1
Nov-2024,Minecraft,Asia,4026525,1843626,284,49,8717952,395354,201040,7.77,3
Nov-2024,Minecraft,Asia,4185755,1757080,270,45,8503647,424392,210025,19.79,0
Nov-2024,Minecraft,Asia,3973113,1962419,264,50,8504402,470423,175854,17.07,1
Nov-2024,Minecraft,Asia,3790933,1830202,243,50,9338274,441466,146859,19.73,1
Nov-2024,Minecraft,Asia,4266750,1699358,252,47,6518141,409533,173093,20.42,5
Nov-2024,Minecraft,Asia,3960150,1830942,267,49,8153507,443395,274555,19.57,4
Nov-2024,Minecraft,Asia,4224884,1977897,273,52,9527752,363000,219412,13.79,2
Nov-2024,Minecraft,Asia,4050537,1623130,264,49,9896178,486345,170902,19.84,4
Nov-2024,Minecraft,Asia,3972090,1909880,269,48,9344662,464429,199675,6.45,0
Nov-2024,Minecraft,Asia,3988823,1935094,267,45,6956073,317372,197039,18.46,0
Nov-2024,Minecraft,Asia,4079842,2109885,255,47,7293780,325590,160544,21.95,3
Nov-2024,Minecraft,Asia,4025221,1882806,243,49,9306535,309678,130377,18.3,5
Nov-2024,Minecraft,South America,4054304,1838738,269,48,9542368,435028,230242,8.25,3
Nov-2024,Minecraft,South America,3993449,1976416,237,47,8489563,396862,254117,15.06,1
Nov-2024,Minecraft,South America,3875596,1833848,253,49,9637352,497872,187303,18.67,1
Nov-2024,Minecraft,South America,3957194,1833925,262,53,6769957,306633,215705,21.91,4
Nov-2024,Minecraft,South America,4234035,1670911,254,50,9607977,391866,220992,17.51,3
Nov-2024,Minecraft,South America,4172655,2046037,240,51,8528508,489100,228933,9.37,2
Nov-2024,Minecraft,South America,4050307,1966362,297,46,10065725,476146,240121,12.02,5
Nov-2024,Minecraft,South America,4133167,1828775,247,50,6241533,356831,204854,8.13,4
Nov-2024,Minecraft,South America,3986582,1835031,257,50,9565543,438900,200201,23.3,1
Nov-2024,Minecraft,South America,3798536,1911252,290,48,8272010,375370,228835,14.95,4
Nov-2024,Minecraft,South America,3848654,1931858,232,54,6846442,504550,125980,23.32,2
Nov-2024,Minecraft,South America,3936938,1790339,266,47,8364705,443162,177022,20.81,2
Nov-2024,Minecraft,South America,3796106,1954286,267,53,9064888,366110,171222,12.81,3
Nov-2024,Minecraft,South America,3887062,1991910,274,50,5989185,339276,226208,10.13,0
Nov-2024,Minecraft,South America,4420524,1782711,248,53,9857713,381064,152039,21.05,3
Nov-2024,Minecraft,South America,3924242,1867848,229,52,9042254,260541,156828,7.59,3
Nov-2024,Minecraft,South America,4449775,1834872,265,51,7657194,537748,243911,6.49,0
Nov-2024,Minecraft,South America,4120458,1992317,281,54,7858676,398066,161859,8.72,4
Nov-2024,Minecraft,South America,4101848,1810601,229,48,7883435,450973,242505,6.76,4
Nov-2024,Minecraft,South America,4036017,1725733,237,47,9585788,255108,130849,18.3,3
Nov-2024,Minecraft,Africa,4155955,1788588,266,47,8057336,400395,264589,9.16,0
Nov-2024,Minecraft,Africa,4303950,1812411,277,54,6521111,429684,179776,7.27,3
Nov-2024,Minecraft,Africa,4673305,1677659,251,45,7156835,446165,221702,8.72,1
Nov-2024,Minecraft,Africa,4256334,2119229,280,53,8508698,299542,257658,22.41,0
Nov-2024,Minecraft,Africa,4237982,1881182,251,51,6528052,440252,262239,8.72,5
Nov-2024,Minecraft,Africa,4236442,1922363,248,45,6777363,374056,213468,13.12,5
Nov-2024,Minecraft,Africa,3967371,1994701,241,49,6354638,438806,100237,8.36,0
Nov-2024,Minecraft,Africa,4268688,1925762,281,54,9954609,460086,296607,13.96,5
Nov-2024,Minecraft,Africa,4174184,1928408,245,50,8100099,420261,290421,17.88,2
Nov-2024,Minecraft,Africa,3907329,1686892,259,53,6320372,434390,279168,19.69,0
Nov-2024,Minecraft,Africa,4065338,1851023,263,48,8143462,467591,151734,23.42,1
Nov-2024,Minecraft,Africa,4127918,1836027,245,53,9895647,419089,105187,15.06,5
Nov-2024,Minecraft,Africa,4145652,1954443,276,50,7818590,573282,205015,10.11,5
Nov-2024,Minecraft,Africa,4167884,1857955,255,48,7515991,454041,127131,19.51,3
Nov-2024,Minecraft,Africa,4015821,1858760,280,46,7991161,465551,130937,24.23,5
Nov-2024,Minecraft,Africa,3658346,1771990,276,51,6832861,219364,228348,9.12,5
Nov-2024,Minecraft,Africa,4136171,2123547,259,45,6720802,417751,208948,22.12,1
Nov-2024,Minecraft,Africa,4022935,1827448,251,55,7025030,441188,265361,16.6,1
Nov-2024,Minecraft,Africa,4071290,1965275,285,55,8302369,514030,199365,23.1,0
Nov-2024,Minecraft,Africa,3926617,1932248,242,49,7585070,290454,207911,9.53,2
Nov-2024,Minecraft,Oceania,4036378,1805880,249,52,7876347,329369,165836,24.01,2
Nov-2024,Minecraft,Oceania,4277604,1891594,258,44,10029098,502618,205447,8.25,1
Nov-2024,Minecraft,Oceania,4538780,1807590,251,46,7598481,436952,209662,24.33,5
Nov-2024,Minecraft,Oceania,4236734,1887703,279,48,9926031,574390,242573,9.09,0
Nov-2024,Minecraft,Oceania,3690164,1944277,269,51,9096735,428455,213154,14.27,2
Nov-2024,Minecraft,Oceania,3892230,1854736,258,47,6796573,385831,189077,7.47,2
Nov-2024,Minecraft,Oceania,4367666,1725898,245,54,7714382,550275,228052,12.24,3
Nov-2024,Minecraft,Oceania,4462002,1862240,240,51,11136997,416057,221628,19.42,4
Nov-2024,Minecraft,Oceania,4057031,2098090,269,49,8791732,492649,264898,8.76,5
Nov-2024,Minecraft,Oceania,4244645,1849512,268,47,7384786,369597,189387,12.42,4
Nov-2024,Minecraft,Oceania,3995479,1871463,245,49,7862031,324477,165584,15.14,3
Nov-2024,Minecraft,Oceania,4160796,2108974,248,48,9641697,435051,226732,21.24,4
Nov-2024,Minecraft,Oceania,4146610,1953441,241,44,6581146,327608,99339,23.94,4
Nov-2024,Minecraft,Oceania,3842207,1703587,252,51,6985063,404917,146205,12.54,4
Nov-2024,Minecraft,Oceania,4009721,1929994,296,53,7686553,417856,201181,12.0,5
Nov-2024,Minecraft,Oceania,4073125,1796214,245,48,8130760,371555,212011,7.63,1
Nov-2024,Minecraft,Oceania,3859059,2059906,265,48,6327309,337741,118433,16.26,0
Nov-2024,Minecraft,Oceania,4403756,1846733,245,44,7819684,407072,228010,21.96,3
Nov-2024,Minecraft,Oceania,4073065,1981495,227,51,6714702,382238,208863,19.83,5
Nov-2024,Minecraft,Oceania,4163905,1924681,277,49,9282688,217530,148225,15.85,5
Dec-2024,Minecraft,NA,3907637,1804728,282,46,7774851,354924,108150,18.46,0
Dec-2024,Minecraft,NA,4184218,1949801,246,45,6396645,291018,244326,9.67,4
Dec-2024,Minecraft,NA,4064698,1997868,237,51,8897440,476371,184704,20.34,3
Dec-2024,Minecraft,NA,4331392,1793096,276,44,7433447,265745,234357,21.77,5
Dec-2024,Minecraft,NA,3940054,1808889,261,52,7332936,395087,224401,23.93,0
Dec-2024,Minecraft,NA,4109844,1771679,276,58,7168561,463676,176215,13.64,4
Dec-2024,Minecraft,NA,4333289,1898996,252,46,8462121,354335,263742,20.75,1
Dec-2024,Minecraft,NA,4016265,1758064,249,49,9437496,392090,191985,12.85,1
Dec-2024,Minecraft,NA,4355771,1657936,270,48,7376161,270608,226647,12.72,0
Dec-2024,Minecraft,NA,3864408,1810360,246,48,7473487,384777,148631,11.53,2
Dec-2024,Minecraft,NA,4448793,1963300,243,46,11116530,311063,181641,20.55,3
Dec-2024,Minecraft,NA,4062943,1895485,267,48,8500287,520805,193066,14.39,1
Dec-2024,Minecraft,NA,3917679,1705458,215,47,8806728,419484,185989,17.37,5
Dec-2024,Minecraft,NA,4181899,1774230,256,55,7492367,416312,143869,10.04,0
Dec-2024,Minecraft,NA,4138027,1892046,267,49,9554914,329306,149056,13.8,2
Dec-2024,Minecraft,NA,4265426,1811483,291,54,7069350,485197,114423,11.77,2
Dec-2024,Minecraft,NA,3440966,1793721,273,49,8432523,320385,127540,24.31,2
Dec-2024,Minecraft,NA,4344633,1876885,261,47,7891254,399180,166495,18.32,2
Dec-2024,Minecraft,NA,3777490,1663120,258,47,7302777,320807,207459,20.97,5
Dec-2024,Minecraft,NA,4182143,1813488,278,46,7406036,278712,165730,18.97,1
Dec-2024,Minecraft,EU,4067374,1912618,273,44,7050112,454319,168843,12.41,0
Dec-2024,Minecraft,EU,4269864,1830972,262,50,8138380,493394,171583,6.74,2
Dec-2024,Minecraft,EU,4124468,1919848,263,52,8583036,388308,214616,19.71,4
Dec-2024,Minecraft,EU,4121207,1918916,262,52,6446020,449891,202898,22.26,2
Dec-2024,Minecraft,EU,4187819,1836906,241,53,9174716,473674,172605,7.61,3
Dec-2024,Minecraft,EU,3977506,1923982,252,48,8731676,344956,190593,15.69,3
Dec-2024,Minecraft,EU,3994900,1786733,258,49,6934538,384138,136595,15.16,2
Dec-2024,Minecraft,EU,3952582,1916984,270,55,6067560,241905,143886,10.49,5
Dec-2024,Minecraft,EU,4135977,1881184,263,46,9360750,392678,246634,20.77,3
Dec-2024,Minecraft,EU,4161610,1913035,265,49,8053329,281242,281965,5.41,0
Dec-2024,Minecraft,EU,4076656,1842997,254,55,8991432,427108,191323,24.11,3
Dec-2024,Minecraft,EU,3980064,1882553,266,54,6136835,528319,194469,11.34,1
Dec-2024,Minecraft,EU,3916946,1911277,247,51,7547156,455647,147512,21.4,4
Dec-2024,Minecraft,EU,4125891,1765722,255,53,8780128,348686,148570,24.75,4
Dec-2024,Minecraft,EU,3991004,1965919,276,49,9633223,517128,215628,6.73,3
Dec-2024,Minecraft,EU,4090439,2040019,256,52,10091067,378188,211722,19.44,3
Dec-2024,Minecraft,EU,4090365,2061750,267,51,7140042,366584,131266,9.59,1
Dec-2024,Minecraft,EU,3904574,1896570,282,45,8643341,264503,167552,22.2,3
Dec-2024,Minecraft,EU,3764839,1827911,283,53,5840739,493253,205459,7.05,0
Dec-2024,Minecraft,EU,3874260,2028887,268,49,5946673,492154,125958,13.39,5
Dec-2024,Minecraft,Asia,3786139,1868657,296,51,5984340,413239,202373,5.26,1
Dec-2024,Minecraft,Asia,3880072,2017591,244,45,6088900,336622,201530,22.43,5
Dec-2024,Minecraft,Asia,3895663,1997411,259,53,8856705,436624,223828,24.05,5
Dec-2024,Minecraft,Asia,4013395,1975409,243,48,7057843,414384,214014,20.02,3
Dec-2024,Minecraft,Asia,3734394,1882134,240,52,6638412,330347,154790,19.76,5
Dec-2024,Minecraft,Asia,3939060,1807638,268,55,6145638,455624,198068,6.55,1
Dec-2024,Minecraft,Asia,3790574,1847114,269,50,6343991,326913,196342,17.95,1
Dec-2024,Minecraft,Asia,4020148,1819426,276,43,6888118,366175,261207,5.95,1
Dec-2024,Minecraft,Asia,3690606,1926093,265,54,9054733,316708,235232,17.82,2
Dec-2024,Minecraft,Asia,4171328,1794161,255,44,9951082,346671,225482,10.55,5
Dec-2024,Minecraft,Asia,4152936,1882468,250,50,8518507,442122,237344,17.17,4
Dec-2024,Minecraft,Asia,3863953,1724858,263,47,7056612,338388,215084,18.62,2
Dec-2024,Minecraft,Asia,3675640,1863486,288,45,7972628,373177,157633,17.29,4
Dec-2024,Minecraft,Asia,3864690,1705073,230,54,8300638,349844,189685,21.65,2
Dec-2024,Minecraft,Asia,4074340,1832354,260,50,9870171,370660,292839,15.01,0
Dec-2024,Minecraft,Asia,4334909,1889495,267,53,10401688,447291,243766,16.65,1
Dec-2024,Minecraft,Asia,3603888,1771348,271,48,8960282,432365,191061,19.88,5
Dec-2024,Minecraft,Asia,4374269,2004205,273,48,8363447,451752,190367,15.36,2
Dec-2024,Minecraft,Asia,3650717,1925512,273,52,6410109,346223,155760,20.97,3
Dec-2024,Minecraft,Asia,3854057,1938649,270,50,6312713,352482,136141,7.67,4
Dec-2024,Minecraft,South America,4284062,2115603,279,55,9319941,476688,283616,11.3,3
Dec-2024,Minecraft,South America,4143651,1897534,245,47,9947844,466332,190962,15.62,2
Dec-2024,Minecraft,South America,4228898,1988333,255,54,7826644,358780,205809,7.6,2
Dec-2024,Minecraft,South America,4233250,1943814,237,50,6792550,457239,295815,16.96,0
Dec-2024,Minecraft,South America,4150134,2030707,229,50,6797153,423554,175249,22.07,3
Dec-2024,Minecraft,South America,4189558,1973775,258,50,9086997,599980,240623,11.05,3
Dec-2024,Minecraft,South America,3697312,1762429,250,50,9079424,345144,154517,15.42,4
Dec-2024,Minecraft,South America,3972463,2024130,262,49,6715905,317837,221099,13.64,0
Dec-2024,Minecraft,South America,4125552,1972531,227,51,9825942,359048,144731,12.74,4
Dec-2024,Minecraft,South America,4154189,1805264,256,45,6473960,355276,176556,14.26,2
Dec-2024,Minecraft,South America,4335777,1805486,226,45,6656946,270520,140749,11.3,4
Dec-2024,Minecraft,South America,3824462,1730526,257,48,6897571,358637,150136,13.64,2
Dec-2024,Minecraft,South America,4125151,1960989,259,49,6881702,546029,294763,23.74,5
Dec-2024,Minecraft,South America,3747711,1896616,254,49,5763749,386945,195740,8.21,2
Dec-2024,Minecraft,South America,4252131,1856693,284,49,7189257,472765,130067,7.84,1
Dec-2024,Minecraft,South America,4254210,2075951,272,51,8322359,323584,287301,15.65,0
Dec-2024,Minecraft,South America,3720364,1854737,270,53,6228366,493337,185774,9.95,1
Dec-2024,Minecraft,South America,4028990,1971091,270,47,6337981,248924,169727,12.83,3
Dec-2024,Minecraft,South America,3950018,1956683,259,50,6397555,311979,151072,15.34,0
Dec-2024,Minecraft,South America,3828335,1868498,240,60,8386020,342940,193637,7.21,5
Dec-2024,Minecraft,Africa,4085685,1881269,268,46,9136645,394804,243982,17.15,0
Dec-2024,Minecraft,Africa,4137705,1772002,247,53,7159552,484726,189868,8.44,0
Dec-2024,Minecraft,Africa,3966757,1865779,249,51,7614857,418018,286127,19.25,1
Dec-2024,Minecraft,Africa,3610505,1924175,273,49,7566415,360330,155252,16.96,3
Dec-2024,Minecraft,Africa,3995953,2020111,250,51,8862647,496846,216660,18.9,5
Dec-2024,Minecraft,Africa,4071552,1935068,238,51,10097437,457446,236555,17.2,5
Dec-2024,Minecraft,Africa,3901706,1828528,246,51,7807602,412753,148518,18.69,0
Dec-2024,Minecraft,Africa,4097252,1998744,262,49,7976055,310497,244635,18.81,4
Dec-2024,Minecraft,Africa,4169414,1903899,277,48,10183105,410748,236788,16.29,3
Dec-2024,Minecraft,Africa,3945356,1914575,246,46,7235648,372605,159297,7.79,5
Dec-2024,Minecraft,Africa,3794271,1807534,265,44,8052639,329627,160563,14.19,2
Dec-2024,Minecraft,Africa,3779670,1935681,238,52,8929195,498881,186229,22.91,1
Dec-2024,Minecraft,Africa,3949176,1862304,258,55,8369473,291633,182003,15.82,3
Dec-2024,Minecraft,Africa,4090930,1814933,259,45,9353662,498836,156253,24.94,2
Dec-2024,Minecraft,Africa,4078801,1823364,256,51,9973152,385607,246800,19.43,1
Dec-2024,Minecraft,Africa,3820617,1946915,241,56,8977889,411831,154079,21.43,3
Dec-2024,Minecraft,Africa,3961055,1802032,273,48,6103939,382539,258609,16.73,2
Dec-2024,Minecraft,Africa,4207968,1683133,263,48,7808873,461076,209821,5.98,0
Dec-2024,Minecraft,Africa,4020770,1911596,265,45,6038268,392788,228300,23.17,0
Dec-2024,Minecraft,Africa,4384953,1825311,264,51,8313812,658259,256025,20.51,3
Dec-2024,Minecraft,Oceania,4346076,1989104,263,54,10344826,398210,224451,5.22,3
Dec-2024,Minecraft,Oceania,3954420,1845535,242,46,6411337,289728,183270,14.23,1
Dec-2024,Minecraft,Oceania,4497322,1929044,266,49,10721247,404449,263853,7.26,4
Dec-2024,Minecraft,Oceania,3626674,1885301,242,52,5721687,292095,159414,19.22,3
Dec-2024,Minecraft,Oceania,3899183,1967455,269,50,8070872,411877,269364,6.65,2
Dec-2024,Minecraft,Oceania,4015137,1847003,252,48,7513603,397010,222551,6.41,5
Dec-2024,Minecraft,Oceania,4317750,1851413,259,48,8452548,382607,234981,12.12,1
Dec-2024,Minecraft,Oceania,3682316,1781574,243,52,6359833,324454,183561,21.79,3
Dec-2024,Minecraft,Oceania,4077504,1935245,260,51,8881835,385800,136204,8.04,0
Dec-2024,Minecraft,Oceania,4043350,1909812,271,49,6479102,407078,174423,13.39,3
Dec-2024,Minecraft,Oceania,4077883,1819646,279,50,8422102,324650,183702,16.45,0
Dec-2024,Minecraft,Oceania,4159780,1928093,249,46,9854709,262546,249230,16.81,2
Dec-2024,Minecraft,Oceania,3739443,1967191,277,52,6604170,355722,109590,17.14,4
Dec-2024,Minecraft,Oceania,4188584,1880848,284,49,6785902,380767,207968,22.14,5
Dec-2024,Minecraft,Oceania,4120816,1942759,276,52,7792453,368517,241750,16.41,4
Dec-2024,Minecraft,Oceania,3770928,1858404,244,48,9019887,524775,101714,19.34,2
Dec-2024,Minecraft,Oceania,4244079,1794913,238,50,6511009,420972,117850,21.61,2
Dec-2024,Minecraft,Oceania,4059760,1899190,262,51,6123830,299368,132907,18.02,0
Dec-2024,Minecraft,Oceania,4109379,1781737,253,50,8262116,322236,227698,15.03,1
Dec-2024,Minecraft,Oceania,4285940,1780597,260,48,10199758,495812,131078,10.12,3
Jan-2024,Call of Duty,NA,4355343,1854576,241,58,9497383,480755,195593,23.18,5
Jan-2024,Call of Duty,NA,4218363,1938939,297,55,8665363,348961,179004,21.35,2
Jan-2024,Call of Duty,NA,4162523,1894253,250,53,9204762,401325,220258,22.51,0
Jan-2024,Call of Duty,NA,4059569,1824404,247,54,6396592,471813,257572,6.92,1
Jan-2024,Call of Duty,NA,4303933,1979322,251,49,8170317,497734,264612,8.22,4
Jan-2024,Call of Duty,NA,3920790,1931089,243,53,9134240,410052,188668,13.08,1
Jan-2024,Call of Duty,NA,4182855,2096077,262,52,10030527,506463,167919,7.88,0
Jan-2024,Call of Duty,NA,4397285,1940314,226,52,7585431,425332,275211,13.48,5
Jan-2024,Call of Duty,NA,4171764,1985313,271,47,9262474,589123,157476,7.73,0
Jan-2024,Call of Duty,NA,4230085,1993172,231,52,9109465,515862,193182,7.61,4
Jan-2024,Call of Duty,NA,3962124,1980995,251,57,8450124,362958,120115,12.18,2
Jan-2024,Call of Duty,NA,4080471,1706410,277,55,6429767,342287,239323,8.51,1
Jan-2024,Call of Duty,NA,4239665,1757562,268,49,6485871,345570,180826,23.17,5
Jan-2024,Call of Duty,NA,4197012,2038813,260,52,8904094,321889,162664,19.41,1
Jan-2024,Call of Duty,NA,4372524,2125025,273,47,8444921,405152,251985,5.01,2
Jan-2024,Call of Duty,NA,4092984,1931159,280,50,6846143,455690,226565,17.52,2
Jan-2024,Call of Duty,NA,4151920,1928647,275,45,7012821,358629,171471,9.43,1
Jan-2024,Call of Duty,NA,4397373,2045015,258,52,9535871,324381,225366,8.63,2
Jan-2024,Call of Duty,NA,4182779,1883875,269,50,7048678,268700,222455,24.7,1
Jan-2024,Call of Duty,NA,4177415,1823198,274,56,7050241,450405,233594,5.34,2
Jan-2024,Call of Duty,EU,3906304,2119978,264,57,5966388,452015,133386,6.27,2
Jan-2024,Call of Duty,EU,3973184,2121792,251,47,8714623,400594,187387,22.92,3
Jan-2024,Call of Duty,EU,4606781,2023855,266,50,7736502,513881,233023,15.47,5
Jan-2024,Call of Duty,EU,4446916,1963252,238,52,9075993,516285,227986,18.11,4
Jan-2024,Call of Duty,EU,3926477,2028321,236,50,7605512,328014,181789,18.04,5
Jan-2024,Call of Duty,EU,4323451,1927530,242,48,6772395,354381,192404,10.64,0
Jan-2024,Call of Duty,EU,4059009,2069576,248,52,7982771,298491,240734,24.07,3
Jan-2024,Call of Duty,EU,4292011,2113104,245,53,8829895,224208,138040,10.32,0
Jan-2024,Call of Duty,EU,4029486,1898682,239,57,9882094,405968,201800,5.97,0
Jan-2024,Call of Duty,EU,4512167,2053603,282,50,8372274,355710,169910,22.21,2
Jan-2024,Call of Duty,EU,3986412,1865839,256,53,8440237,455721,168933,15.37,0
Jan-2024,Call of Duty,EU,4253223,1850085,231,53,7065272,499607,248346,8.22,5
Jan-2024,Call of Duty,EU,4526557,1898224,234,54,10175944,473146,203852,12.33,3
Jan-2024,Call of Duty,EU,4442812,1999129,274,54,7812804,284649,259685,23.28,2
Jan-2024,Call of Duty,EU,4352352,1772169,292,58,10005261,405652,225634,9.97,0
Jan-2024,Call of Duty,EU,3888502,1999615,256,51,8292013,293057,180408,24.83,2
Jan-2024,Call of Duty,EU,4303208,1850555,265,50,7050447,342682,272407,12.34,1
Jan-2024,Call of Duty,EU,4130668,1970700,296,51,8456652,523219,177362,15.44,3
Jan-2024,Call of Duty,EU,3977653,1994799,238,49,6070760,363797,202076,11.86,0
Jan-2024,Call of Duty,EU,4362376,1766717,245,53,10175431,531189,185580,16.3,2
Jan-2024,Call of Duty,Asia,4513738,2043341,227,51,9360779,518970,244936,5.53,5
Jan-2024,Call of Duty,Asia,4322998,1864425,264,47,10361610,500822,269042,7.94,3
Jan-2024,Call of Duty,Asia,4439417,2159624,244,51,10576297,460923,227746,16.99,0
Jan-2024,Call of Duty,Asia,4082823,2005861,252,52,9165080,383883,212348,23.91,0
Jan-2024,Call of Duty,Asia,4452241,2039704,247,50,9172809,558033,233118,19.01,4
Jan-2024,Call of Duty,Asia,4081182,2016830,228,49,9266978,429944,155065,19.69,0
Jan-2024,Call of Duty,Asia,4507639,2048522,272,50,10418884,413007,158181,15.82,2
Jan-2024,Call of Duty,Asia,3719667,2115809,261,52,6597487,511325,188267,13.79,0
Jan-2024,Call of Duty,Asia,4468692,1980283,254,53,6999966,448812,233429,6.87,0
Jan-2024,Call of Duty,Asia,4480500,2190590,264,52,7985317,323854,126577,12.99,5
Jan-2024,Call of Duty,Asia,4032008,1950348,240,53,7358904,499169,176058,16.77,2
Jan-2024,Call of Duty,Asia,3732497,1892020,259,49,6925560,434622,173336,21.67,5
Jan-2024,Call of Duty,Asia,4316138,1990944,253,55,8111574,481085,239090,11.44,0
Jan-2024,Call of Duty,Asia,4374458,1999930,229,58,7042899,262503,249511,12.57,4
Jan-2024,Call of Duty,Asia,4171696,1923256,278,55,6778221,374261,165485,7.31,4
Jan-2024,Call of Duty,Asia,4137414,1791154,267,44,7356037,369857,154037,18.96,2
Jan-2024,Call of Duty,Asia,4059584,1794258,252,48,10098537,365725,177557,15.65,2
Jan-2024,Call of Duty,Asia,4475890,1868927,252,46,9492299,462531,295783,13.73,5
Jan-2024,Call of Duty,Asia,4290174,1930800,263,52,10304860,442908,132815,16.14,4
Jan-2024,Call of Duty,Asia,4235326,1926618,274,55,6957031,256184,125815,24.46,0
Jan-2024,Call of Duty,South America,4259456,1983902,248,51,8970109,537976,277281,18.06,0
Jan-2024,Call of Duty,South America,4355454,1936687,254,46,9961474,509331,198822,16.54,4
Jan-2024,Call of Duty,South America,4112148,1942375,272,48,7246423,405432,148901,19.84,1
Jan-2024,Call of Duty,South America,4088084,1930887,241,51,9131505,478919,128351,18.99,0
Jan-2024,Call of Duty,South America,3787735,2087391,253,49,6272772,530068,231296,19.74,0
Jan-2024,Call of Duty,South America,4397584,1636802,242,46,6707661,566912,218998,24.16,2
Jan-2024,Call of Duty,South America,4113635,1871008,240,54,8170702,437965,131559,24.26,1
Jan-2024,Call of Duty,South America,4261105,1797058,242,53,8382023,644356,261592,11.3,2
Jan-2024,Call of Duty,South America,4154242,1825406,257,54,7787867,437169,218367,10.18,1
Jan-2024,Call of Duty,South America,4156858,1985357,246,51,8724956,393210,271004,17.89,4
Jan-2024,Call of Duty,South America,3943864,1994375,271,50,8382094,311843,253639,11.03,4
Jan-2024,Call of Duty,South America,3910118,2018314,255,52,9507946,293530,206196,14.55,3
Jan-2024,Call of Duty,South America,4336625,1923546,247,54,7242538,459328,239719,7.53,3
Jan-2024,Call of Duty,South America,4160133,1984947,215,50,6656471,503011,213288,8.64,5
Jan-2024,Call of Duty,South America,4103385,1971599,276,50,6565146,370148,148372,15.12,5
Jan-2024,Call of Duty,South America,4119744,2062063,231,59,7622084,454661,194630,7.53,2
Jan-2024,Call of Duty,South America,4560232,1896686,269,57,8472501,343625,316976,15.27,2
Jan-2024,Call of Duty,South America,4410981,1892540,272,50,10734409,398763,173367,12.26,4
Jan-2024,Call of Duty,South America,4252803,1737263,253,52,8213555,459962,197427,7.66,5
Jan-2024,Call of Duty,South America,3931985,2055905,250,52,7358204,357521,222312,18.54,2
Jan-2024,Call of Duty,Africa,3899805,2006818,245,53,8403260,373038,141653,22.45,5
Jan-2024,Call of Duty,Africa,4499280,1900695,247,51,8100757,563962,162136,19.45,4
Jan-2024,Call of Duty,Africa,3950648,1926180,238,57,7049620,368004,154477,19.86,0
Jan-2024,Call of Duty,Africa,4308405,1916193,253,53,9893462,400706,281487,7.65,5
Jan-2024,Call of Duty,Africa,3740264,2130023,259,53,9235946,502917,190775,5.83,3
Jan-2024,Call of Duty,Africa,4424853,1939548,238,47,8274795,397276,205211,21.99,1
Jan-2024,Call of Duty,Africa,4311011,1933351,242,49,10742372,490461,288182,16.01,0
Jan-2024,Call of Duty,Africa,4221223,2097295,241,45,6668270,389717,147055,15.44,2
Jan-2024,Call of Duty,Africa,4197930,1997843,252,56,10093370,382916,281605,14.0,0
Jan-2024,Call of Duty,Africa,3927029,1986882,250,52,9800821,346781,265797,14.66,2
Jan-2024,Call of Duty,Africa,4278794,2084997,237,51,6528730,484876,126894,18.06,1
Jan-2024,Call of Duty,Africa,4385969,1976201,265,53,9195598,409774,305138,21.34,1
Jan-2024,Call of Duty,Africa,4138446,2013307,238,50,9362052,324046,246285,19.27,4
Jan-2024,Call of Duty,Africa,4424679,1901351,239,51,7066476,498462,246531,15.49,0
Jan-2024,Call of Duty,Africa,4166684,1913214,241,47,6994852,285256,222262,17.4,5
Jan-2024,Call of Duty,Africa,4260984,1914490,267,49,8278207,411501,295670,13.05,4
Jan-2024,Call of Duty,Africa,4328962,2023695,232,52,10428384,508906,200384,11.44,0
Jan-2024,Call of Duty,Africa,4427095,2094782,213,50,8014826,392257,193777,11.21,4
Jan-2024,Call of Duty,Africa,4545730,1971875,271,54,11358246,466691,178952,20.75,0
Jan-2024,Call of Duty,Africa,4269351,1898905,232,52,8382138,448132,194140,23.75,2
Jan-2024,Call of Duty,Oceania,4088398,1949275,231,49,10205202,453588,230207,15.51,0
Jan-2024,Call of Duty,Oceania,4428197,1840224,290,49,9134462,357002,243481,22.31,1
Jan-2024,Call of Duty,Oceania,4621266,1978045,248,55,9404476,473658,226301,14.26,5
Jan-2024,Call of Duty,Oceania,4379267,1947713,265,55,6976289,454899,197559,12.83,5
Jan-2024,Call of Duty,Oceania,4347521,1923554,260,52,8048894,459833,156174,13.65,5
Jan-2024,Call of Duty,Oceania,4437793,1797339,253,57,8943750,374625,284835,16.67,3
Jan-2024,Call of Duty,Oceania,4096345,2010823,260,53,9910181,382189,234504,19.66,3
Jan-2024,Call of Duty,Oceania,4348768,2031347,234,51,8343587,481461,253561,24.98,1
Jan-2024,Call of Duty,Oceania,4308419,1945662,251,57,6936681,660314,159696,7.44,2
Jan-2024,Call of Duty,Oceania,4178671,1938336,264,45,7171281,392893,179859,22.37,3
Jan-2024,Call of Duty,Oceania,4867450,1777757,262,53,9566385,407618,239682,8.28,1
Jan-2024,Call of Duty,Oceania,4201962,1820932,261,51,9350534,426900,182632,19.96,4
Jan-2024,Call of Duty,Oceania,4414326,1872158,238,50,8869547,574459,122998,12.68,3
Jan-2024,Call of Duty,Oceania,4227154,2027025,241,52,7111035,349385,168504,16.81,4
Jan-2024,Call of Duty,Oceania,4272529,1742188,262,52,8287624,323208,172413,24.45,3
Jan-2024,Call of Duty,Oceania,3850476,1944007,248,59,6727725,510073,198018,13.53,2
Jan-2024,Call of Duty,Oceania,4166133,2148459,247,47,9555846,345297,253847,7.86,5
Jan-2024,Call of Duty,Oceania,4306041,2096041,270,51,8308819,338971,232212,15.45,2
Jan-2024,Call of Duty,Oceania,4377717,1998435,223,55,8413556,184951,234118,17.64,0
Jan-2024,Call of Duty,Oceania,4307253,1893427,293,56,6966726,424735,108279,24.29,1
Feb-2024,Call of Duty,NA,3860014,1918463,257,55,7059670,501971,194974,8.7,0
Feb-2024,Call of Duty,NA,4239000,1906560,240,56,8898463,432689,176641,8.11,5
Feb-2024,Call of Duty,NA,4154876,1988077,250,51,6962344,424835,226876,5.3,3
Feb-2024,Call of Duty,NA,4315633,1833985,259,48,8169665,432296,222075,24.66,5
Feb-2024,Call of Duty,NA,4092374,1942183,267,49,8755015,418751,188061,6.33,3
Feb-2024,Call of Duty,NA,4102919,2026810,282,53,8021705,337247,191026,21.64,5
Feb-2024,Call of Duty,NA,4586408,1872769,259,50,10834061,452151,204762,21.64,1
Feb-2024,Call of Duty,NA,4316795,2097539,256,54,8820402,454640,260508,11.59,1
Feb-2024,Call of Duty,NA,4187128,1799961,266,51,6367233,426523,196620,9.47,2
Feb-2024,Call of Duty,NA,4509514,1881578,254,47,10823323,358196,175962,20.9,5
Feb-2024,Call of Duty,NA,4070702,1897682,263,50,6690908,539131,110386,17.19,2
Feb-2024,Call of Duty,NA,4147659,2106187,232,43,7376799,521245,151691,24.0,0
Feb-2024,Call of Duty,NA,4239798,1855728,243,54,10037067,429505,168923,14.58,5
Feb-2024,Call of Duty,NA,4031482,1881423,255,58,8496692,397406,196368,5.21,2
Feb-2024,Call of Duty,NA,4395829,1844171,257,46,7518002,686018,238051,21.08,4
Feb-2024,Call of Duty,NA,3727773,1974351,252,55,8738568,343641,232459,9.38,1
Feb-2024,Call of Duty,NA,4518038,1800479,267,50,8593890,388908,209923,12.69,0
Feb-2024,Call of Duty,NA,4677623,1941266,271,49,7331491,496641,245018,12.61,1
Feb-2024,Call of Duty,NA,4241853,2057092,259,54,9730710,357537,188496,23.16,3
Feb-2024,Call of Duty,NA,4280250,2141259,259,51,10382197,305867,184038,20.08,0
Feb-2024,Call of Duty,EU,4266621,2072157,231,53,9063308,430128,189534,7.67,3
Feb-2024,Call of Duty,EU,3921853,1983152,275,55,7717688,190541,152451,6.94,0
Feb-2024,Call of Duty,EU,4470070,2105480,271,55,9843523,471030,202690,9.42,3
Feb-2024,Call of Duty,EU,4379819,1886829,256,49,6891385,439404,249190,14.46,5
Feb-2024,Call of Duty,EU,4482808,1871519,260,54,8987361,436560,234069,14.31,5
Feb-2024,Call of Duty,EU,4227381,1915349,276,50,8742933,541659,208599,17.22,0
Feb-2024,Call of Duty,EU,4192223,1997570,259,54,7072818,399392,194995,21.79,1
Feb-2024,Call of Duty,EU,4356352,1798799,259,54,7577982,316663,163115,10.0,0
Feb-2024,Call of Duty,EU,4224758,1964638,257,48,9698201,491775,272052,24.0,2
Feb-2024,Call of Duty,EU,4309591,1856518,232,53,7045455,376830,184827,14.45,2
Feb-2024,Call of Duty,EU,4219287,2003073,259,51,6485778,379053,189050,21.85,1
Feb-2024,Call of Duty,EU,4444057,1923397,268,49,10292051,487694,228667,16.7,4
Feb-2024,Call of Duty,EU,4412983,1895896,261,47,9176162,534268,217539,24.94,5
Feb-2024,Call of Duty,EU,4289209,1762669,248,51,8286932,492338,167388,17.79,4
Feb-2024,Call of Duty,EU,4125333,1896574,267,51,8793801,419634,204904,21.65,3
Feb-2024,Call of Duty,EU,4142635,1961278,246,51,8606535,383197,275010,6.97,3
Feb-2024,Call of Duty,EU,4218312,2152205,222,50,9184996,332228,219094,15.45,4
Feb-2024,Call of Duty,EU,4361793,2039427,259,51,10702601,396543,239248,24.08,5
Feb-2024,Call of Duty,EU,4375602,1874416,243,53,7319563,501556,228768,15.24,0
Feb-2024,Call of Duty,EU,4160824,1850574,258,49,7265234,382882,137504,17.53,3
Feb-2024,Call of Duty,Asia,4404740,2049217,259,48,8668545,450190,268257,21.03,5
Feb-2024,Call of Duty,Asia,4449288,1851376,243,49,10779500,442410,272913,8.19,0
Feb-2024,Call of Duty,Asia,3957872,1996468,241,49,6041346,385718,209808,12.03,0
Feb-2024,Call of Duty,Asia,4065863,1976870,254,51,9601784,294686,234739,6.16,5
Feb-2024,Call of Duty,Asia,3919776,2186751,259,54,9382614,416591,186711,12.59,2
Feb-2024,Call of Duty,Asia,4086111,1896414,261,49,9736658,479240,173512,21.42,4
Feb-2024,Call of Duty,Asia,4540164,1947679,254,53,8515719,367860,220018,17.64,1
Feb-2024,Call of Duty,Asia,4363229,2101795,249,59,8091670,524757,203785,19.78,3
Feb-2024,Call of Duty,Asia,4008269,1847438,266,51,6623244,391972,158314,16.82,4
Feb-2024,Call of Duty,Asia,3939078,1857019,215,52,8007236,516819,159625,17.94,3
Feb-2024,Call of Duty,Asia,4167700,2047026,269,53,8030075,344074,244008,12.95,3
Feb-2024,Call of Duty,Asia,4542976,1951777,246,51,9941621,401832,220736,23.86,2
Feb-2024,Call of Duty,Asia,4383829,1806303,257,46,10153753,400895,201539,22.76,5
Feb-2024,Call of Duty,Asia,4665426,2008561,245,50,9910961,573388,254797,17.91,0
Feb-2024,Call of Duty,Asia,3977298,1953198,230,48,8908852,465421,182273,14.01,4
Feb-2024,Call of Duty,Asia,4389683,1966806,264,53,7097167,512988,250030,9.32,5
Feb-2024,Call of Duty,Asia,3858871,2028167,252,49,9285729,297251,244753,13.99,4
Feb-2024,Call of Duty,Asia,4443027,1979051,219,46,7437575,484299,197382,9.4,2
Feb-2024,Call of Duty,Asia,4045110,1901646,245,47,7681737,410265,270315,22.89,2
Feb-2024,Call of Duty,Asia,4097933,1891686,236,50,7267836,270389,229007,8.45,5
Feb-2024,Call of Duty,South America,4269163,1838013,252,54,9675388,412052,244728,7.49,3
Feb-2024,Call of Duty,South America,4034505,1926343,252,58,9541107,318016,260159,20.22,5
Feb-2024,Call of Duty,South America,3954959,1925482,237,51,8105147,343402,227599,18.68,0
Feb-2024,Call of Duty,South America,3854274,2002469,294,52,8047037,468309,181954,6.85,4
Feb-2024,Call of Duty,South America,4204167,2064287,262,49,9289801,383371,170140,22.96,4
Feb-2024,Call of Duty,South America,4364043,1852377,233,50,8787868,382376,199281,11.29,3
Feb-2024,Call of Duty,South America,3929781,2069924,235,49,6045207,245647,253308,16.8,0
Feb-2024,Call of Duty,South America,4548875,1883657,269,54,8802399,404394,278858,24.21,3
Feb-2024,Call of Duty,South America,4404593,1905752,246,51,6984872,418722,205187,20.88,4
Feb-2024,Call of Duty,South America,4445996,2065430,257,54,7370705,492045,335715,21.33,3
Feb-2024,Call of Duty,South America,3826063,2027503,248,52,8254043,408965,244061,18.83,2
Feb-2024,Call of Duty,South America,4520385,1898656,226,51,11194162,516074,226300,11.04,5
Feb-2024,Call of Duty,South America,4614377,2061647,241,50,7192436,552758,201879,24.4,2
Feb-2024,Call of Duty,South America,4195249,2149878,250,51,7970882,398766,182629,14.52,2
Feb-2024,Call of Duty,South America,4174662,1938140,266,53,10321343,461399,160182,16.86,4
Feb-2024,Call of Duty,South America,4380827,1815292,257,52,9317790,436102,209226,12.11,3
Feb-2024,Call of Duty,South America,4000373,2105235,251,54,9209465,397990,216563,21.98,0
Feb-2024,Call of Duty,South America,4172763,1997832,268,54,7807697,248687,205015,14.71,1
Feb-2024,Call of Duty,South America,3996989,1982177,223,50,9353497,357838,170697,10.34,5
Feb-2024,Call of Duty,South America,4248896,1909612,247,49,8870181,357590,202461,21.22,4
Feb-2024,Call of Duty,Africa,4156636,2003603,270,55,8932384,436875,165025,11.6,3
Feb-2024,Call of Duty,Africa,4285299,1754063,243,50,10693817,433412,249591,8.44,1
Feb-2024,Call of Duty,Africa,4035742,1969696,243,56,9139188,391144,196973,8.57,3
Feb-2024,Call of Duty,Africa,4256824,2032296,247,52,8768455,473090,200201,8.94,1
Feb-2024,Call of Duty,Africa,3966668,2020593,263,52,7484211,412739,187911,18.12,1
Feb-2024,Call of Duty,Africa,4228014,1810955,238,54,7211993,315499,146893,7.13,4
Feb-2024,Call of Duty,Africa,4129026,1935966,241,52,7993943,415571,198815,6.76,5
Feb-2024,Call of Duty,Africa,3959433,1873816,247,54,9359797,232817,158134,21.99,1
Feb-2024,Call of Duty,Africa,4223478,1830626,255,49,7320974,353128,307442,23.46,1
Feb-2024,Call of Duty,Africa,4509729,1884796,264,56,8174869,344222,291775,21.73,5
Feb-2024,Call of Duty,Africa,4187485,2053955,248,48,10307415,459042,121529,14.93,4
Feb-2024,Call of Duty,Africa,3898293,1821800,254,51,8776172,369974,267548,14.02,3
Feb-2024,Call of Duty,Africa,4224588,1803821,274,47,9712371,466992,260623,21.56,4
Feb-2024,Call of Duty,Africa,4528602,1847904,248,52,10154997,305411,197068,16.63,4
Feb-2024,Call of Duty,Africa,4284334,1896593,233,56,7812170,326152,255536,15.73,0
Feb-2024,Call of Duty,Africa,4151728,1916336,248,53,8683023,391047,241104,17.99,1
Feb-2024,Call of Duty,Africa,4279411,2046657,254,47,6489109,428799,197112,8.22,1
Feb-2024,Call of Duty,Africa,3969166,1941920,249,53,6826965,282751,243960,18.44,3
Feb-2024,Call of Duty,Africa,3902319,1848304,249,52,7203303,569716,178727,24.0,0
Feb-2024,Call of Duty,Africa,4279376,2076404,265,51,9224582,463343,253743,23.37,4
Feb-2024,Call of Duty,Oceania,4072678,1881936,222,50,8298669,251625,182409,23.48,3
Feb-2024,Call of Duty,Oceania,4209517,1906632,256,49,7419480,374318,225237,24.06,3
Feb-2024,Call of Duty,Oceania,4418667,2045867,239,49,10585624,574389,214956,6.27,3
Feb-2024,Call of Duty,Oceania,4336890,1964430,268,51,8617396,586064,228109,7.58,5
Feb-2024,Call of Duty,Oceania,4530809,1820457,276,54,9686582,327145,218393,17.14,2
Feb-2024,Call of Duty,Oceania,4139510,2147728,265,60,8806226,430230,184132,5.64,0
Feb-2024,Call of Duty,Oceania,4127097,1903908,240,57,6248990,574824,219346,11.81,2
Feb-2024,Call of Duty,Oceania,4514350,1790766,237,52,7801095,591846,238117,19.08,1
Feb-2024,Call of Duty,Oceania,3846953,2020599,254,50,8189544,350052,324143,20.28,5
Feb-2024,Call of Duty,Oceania,4431279,2039974,277,53,6659593,250308,238267,14.81,2
Feb-2024,Call of Duty,Oceania,4285789,2037765,234,53,7670416,372330,261036,5.7,0
Feb-2024,Call of Duty,Oceania,4600383,2057715,244,55,6978937,344185,239820,21.21,2
Feb-2024,Call of Duty,Oceania,4221091,1767501,259,55,7378074,531951,207303,12.11,1
Feb-2024,Call of Duty,Oceania,4087067,1790354,243,48,9818709,406127,180122,20.56,4
Feb-2024,Call of Duty,Oceania,3952375,2014080,244,52,9207444,421640,238714,13.57,0
Feb-2024,Call of Duty,Oceania,4473737,1998980,259,53,8897207,408867,174231,15.97,3
Feb-2024,Call of Duty,Oceania,4037129,1851672,252,56,8456142,529195,208915,7.93,3
Feb-2024,Call of Duty,Oceania,4380922,1929491,268,54,7169876,237522,294309,14.88,5
Feb-2024,Call of Duty,Oceania,4129655,2039305,244,49,7512995,502943,180712,15.15,2
Feb-2024,Call of Duty,Oceania,4327524,1957517,263,50,7116760,437877,203736,23.22,2
Mar-2024,Call of Duty,NA,4561127,2150056,235,52,9502589,412481,231594,16.73,0
Mar-2024,Call of Duty,NA,4174713,1828502,250,46,9503128,353534,142407,9.68,2
Mar-2024,Call of Duty,NA,3990244,1862845,250,53,9016907,253022,228799,8.79,4
Mar-2024,Call of Duty,NA,4174525,1767939,259,51,6964315,514647,164557,5.51,1
Mar-2024,Call of Duty,NA,4110248,2216059,279,55,9157058,482592,206527,19.08,3
Mar-2024,Call of Duty,NA,4335038,1901049,256,50,8734404,417152,255413,11.4,0
Mar-2024,Call of Duty,NA,4164917,1966498,263,50,7696023,473498,222736,7.1,1
Mar-2024,Call of Duty,NA,4223295,1841937,278,52,8199994,370730,151375,17.99,1
Mar-2024,Call of Duty,NA,4230532,2028593,253,53,7224173,484426,234455,14.93,5
Mar-2024,Call of Duty,NA,4392522,1998021,250,52,8059156,531297,168084,5.12,3
Mar-2024,Call of Duty,NA,4092630,1719778,266,47,6440084,279518,263441,21.88,3
Mar-2024,Call of Duty,NA,4111207,1974829,261,55,6240785,482038,202314,9.7,5
Mar-2024,Call of Duty,NA,4542527,2072517,245,52,10374057,425397,241167,6.39,5
Mar-2024,Call of Duty,NA,4215147,2156792,242,52,8851259,514053,219477,20.02,5
Mar-2024,Call of Duty,NA,4164461,1894508,256,48,6609411,483179,154913,5.3,3
Mar-2024,Call of Duty,NA,4327664,1975591,231,47,9974162,421937,243411,17.82,5
Mar-2024,Call of Duty,NA,4199910,1799428,235,50,9988378,555221,248227,22.7,2
Mar-2024,Call of Duty,NA,3996177,2008098,267,57,8175167,329753,124542,11.94,4
Mar-2024,Call of Duty,NA,4142793,1948930,269,54,6580494,434031,141798,15.86,5
Mar-2024,Call of Duty,NA,4251842,1838021,258,50,8547620,318206,272171,5.02,2
Mar-2024,Call of Duty,EU,4290920,1949576,263,48,10402492,380745,183064,22.01,4
Mar-2024,Call of Duty,EU,4076593,1860345,269,50,9237718,360110,230715,15.95,5
Mar-2024,Call of Duty,EU,4313182,1944577,247,56,9751673,289399,257501,22.91,2
Mar-2024,Call of Duty,EU,4494677,2070014,250,55,11217998,557794,206697,23.74,2
Mar-2024,Call of Duty,EU,4242790,1947382,276,48,8680378,486732,329595,7.9,3
Mar-2024,Call of Duty,EU,4335104,2100694,245,57,10648945,514234,229463,16.55,5
Mar-2024,Call of Duty,EU,3947922,1835076,233,57,7852932,325989,150756,15.55,2
Mar-2024,Call of Duty,EU,4191846,1814073,242,54,7293198,350157,257182,22.95,2
Mar-2024,Call of Duty,EU,3937397,1910591,268,51,9698017,385797,176031,17.1,5
Mar-2024,Call of Duty,EU,4104235,1928199,244,50,7200760,376206,218797,6.85,5
Mar-2024,Call of Duty,EU,4080931,1823427,254,55,7245201,342591,204965,9.51,5
Mar-2024,Call of Duty,EU,4225672,1954111,249,55,6679733,432037,242677,13.69,2
Mar-2024,Call of Duty,EU,3820375,1907396,265,48,7933552,491242,170130,11.86,0
Mar-2024,Call of Duty,EU,3958644,1927408,261,45,6605819,441061,243262,7.54,3
Mar-2024,Call of Duty,EU,3971583,2159953,267,49,8753406,543958,114936,16.51,1
Mar-2024,Call of Duty,EU,4203149,1997298,290,49,6847826,344139,198486,5.34,5
Mar-2024,Call of Duty,EU,4665630,1949322,236,49,7731618,548523,319503,17.28,5
Mar-2024,Call of Duty,EU,4503975,1929476,250,49,10876413,386579,253677,7.4,1
Mar-2024,Call of Duty,EU,4517357,1925120,259,51,10993593,370441,291049,11.67,3
Mar-2024,Call of Duty,EU,4461739,2140126,256,51,9802726,414183,273881,19.65,3
Mar-2024,Call of Duty,Asia,3875691,1896890,237,53,6001939,437646,167356,16.7,1
Mar-2024,Call of Duty,Asia,4220771,1991955,248,47,7527103,573826,299443,15.46,5
Mar-2024,Call of Duty,Asia,4608734,1805011,282,54,10519487,434782,358006,9.05,0
Mar-2024,Call of Duty,Asia,4350764,1888798,256,54,10589227,401539,223447,12.87,5
Mar-2024,Call of Duty,Asia,4433155,2003801,252,54,10375482,406611,227051,8.26,3
Mar-2024,Call of Duty,Asia,4330501,2016068,241,51,10033356,442543,273633,20.86,2
Mar-2024,Call of Duty,Asia,4212537,1966728,227,54,8060344,460912,225728,18.75,5
Mar-2024,Call of Duty,Asia,4605928,1791327,255,53,9736468,542311,247528,9.63,4
Mar-2024,Call of Duty,Asia,4421858,1807008,259,52,8042661,474638,195634,24.55,0
Mar-2024,Call of Duty,Asia,3891935,1922703,269,44,9505590,357250,224408,19.25,2
Mar-2024,Call of Duty,Asia,4267407,1924972,251,45,8521258,240629,172068,13.02,0
Mar-2024,Call of Duty,Asia,4356140,1817907,240,54,10862724,479589,205438,15.89,0
Mar-2024,Call of Duty,Asia,4462433,2060661,265,50,9063949,519317,266913,15.18,1
Mar-2024,Call of Duty,Asia,4453614,1957651,245,53,8333505,544226,204845,19.86,1
Mar-2024,Call of Duty,Asia,4240906,1950856,248,50,8904558,454412,240149,14.6,4
Mar-2024,Call of Duty,Asia,4379008,2103343,277,50,10531674,478960,291145,23.67,1
Mar-2024,Call of Duty,Asia,4066125,1830952,221,50,6513650,364853,207476,10.48,5
Mar-2024,Call of Duty,Asia,4303696,2084077,270,51,10618226,568285,279302,10.53,5
Mar-2024,Call of Duty,Asia,4265818,1906652,241,55,8347036,299851,252352,11.37,5
Mar-2024,Call of Duty,Asia,4423842,1990772,265,48,8928832,425015,182112,23.33,1
Mar-2024,Call of Duty,South America,4363428,1977985,262,57,7277135,346269,247319,14.57,2
Mar-2024,Call of Duty,South America,3696582,1908486,260,49,6567325,358945,169121,17.29,2
Mar-2024,Call of Duty,South America,4251852,2017369,271,47,10315084,238672,189785,17.12,1
Mar-2024,Call of Duty,South America,4258627,2126135,253,54,7547144,465630,178848,15.09,4
Mar-2024,Call of Duty,South America,3978367,2153214,251,52,7892489,457136,204103,12.89,1
Mar-2024,Call of Duty,South America,4219615,1849509,251,53,7483974,478115,162095,14.57,4
Mar-2024,Call of Duty,South America,4263206,2014133,266,51,10385785,209296,253331,20.5,1
Mar-2024,Call of Duty,South America,4178777,1995015,233,54,7904328,476442,268096,7.41,1
Mar-2024,Call of Duty,South America,4315545,1782851,283,49,9519417,471435,295382,20.89,2
Mar-2024,Call of Duty,South America,4181998,1966015,265,52,9909679,317807,192814,20.67,3
Mar-2024,Call of Duty,South America,4244775,1934615,261,53,10585528,404210,250593,17.01,1
Mar-2024,Call of Duty,South America,4138804,2016676,248,54,8863447,469191,182374,14.68,3
Mar-2024,Call of Duty,South America,4198503,1866876,257,47,8599164,422044,178352,24.12,2
Mar-2024,Call of Duty,South America,4074255,1948329,247,55,7768870,435624,273700,20.09,4
Mar-2024,Call of Duty,South America,4385853,1829243,245,47,9800238,273953,306144,23.34,0
Mar-2024,Call of Duty,South America,4491784,1984105,269,54,8374314,435893,272606,8.04,1
Mar-2024,Call of Duty,South America,3992606,2025980,246,54,6774240,385627,224981,12.96,2
Mar-2024,Call of Duty,South America,4327542,1988007,261,49,7745317,593339,159419,15.63,2
Mar-2024,Call of Duty,South America,4264198,1836768,244,56,9049536,450018,244125,15.71,4
Mar-2024,Call of Duty,South America,4183846,1949198,242,52,9747449,358098,222995,20.85,2
Mar-2024,Call of Duty,Africa,4337697,1840194,266,51,9798048,414588,216191,5.31,5
Mar-2024,Call of Duty,Africa,4222750,2119883,278,52,10492314,479659,192529,19.23,3
Mar-2024,Call of Duty,Africa,4208915,1913336,255,54,7191913,625872,180372,14.3,1
Mar-2024,Call of Duty,Africa,4498220,1954503,264,53,8198423,505675,234163,16.0,1
Mar-2024,Call of Duty,Africa,4399091,1760720,276,56,10091234,340003,263876,11.7,4
Mar-2024,Call of Duty,Africa,4140728,2000136,248,49,9034052,542222,187248,19.57,2
Mar-2024,Call of Duty,Africa,4698529,1853939,248,50,10312976,533118,180615,9.26,1
Mar-2024,Call of Duty,Africa,4506732,2026150,246,49,11255032,287342,214496,10.92,4
Mar-2024,Call of Duty,Africa,4022341,1951294,282,44,9611925,399359,161299,23.96,4
Mar-2024,Call of Duty,Africa,3974879,1851263,248,51,7297797,317238,220681,22.69,3
Mar-2024,Call of Duty,Africa,4352250,1917108,266,56,8196622,484795,179726,10.83,2
Mar-2024,Call of Duty,Africa,4455627,1860078,253,51,8199628,372629,261519,12.35,2
Mar-2024,Call of Duty,Africa,4260652,1783377,264,56,7609395,421680,234108,21.88,3
Mar-2024,Call of Duty,Africa,4503154,1880890,255,53,10072643,293860,196020,24.25,1
Mar-2024,Call of Duty,Africa,3872018,1830888,265,50,6467524,523959,189125,12.94,4
Mar-2024,Call of Duty,Africa,3966159,1874023,245,51,8142341,338369,196232,19.17,5
Mar-2024,Call of Duty,Africa,4115587,1832379,257,49,8726106,343819,211734,18.45,2
Mar-2024,Call of Duty,Africa,4211787,1903087,262,52,8852137,506384,288236,21.95,3
Mar-2024,Call of Duty,Africa,4077268,1865481,248,51,8913182,493465,211492,7.84,2
Mar-2024,Call of Duty,Africa,3793136,1799361,243,48,7958947,445852,132802,20.76,1
Mar-2024,Call of Duty,Oceania,4558558,1869050,243,59,8095161,533261,259496,10.05,5
Mar-2024,Call of Duty,Oceania,4500788,1875300,264,50,10609869,456577,274634,12.45,5
Mar-2024,Call of Duty,Oceania,4309271,1987493,232,48,9121271,332381,191320,9.53,0
Mar-2024,Call of Duty,Oceania,4206779,2024642,242,51,9911627,316643,204783,10.07,3
Mar-2024,Call of Duty,Oceania,3796402,1999699,262,48,8554676,337010,139581,10.04,2
Mar-2024,Call of Duty,Oceania,4412689,2151271,244,50,10907586,457834,216525,23.99,1
Mar-2024,Call of Duty,Oceania,4300997,1863840,274,52,9314361,379028,225699,14.35,0
Mar-2024,Call of Duty,Oceania,4255945,2013919,246,54,7960786,430025,233923,22.34,1
Mar-2024,Call of Duty,Oceania,4470096,2018050,232,49,8235973,281437,134099,19.83,3
Mar-2024,Call of Duty,Oceania,4225137,1993521,258,51,9890743,476630,124543,23.33,4
Mar-2024,Call of Duty,Oceania,3865579,1941116,258,51,9607852,325582,121046,10.77,0
Mar-2024,Call of Duty,Oceania,4162617,1802158,259,54,9963442,545290,210650,17.98,5
Mar-2024,Call of Duty,Oceania,4528678,1726387,250,51,10850329,431479,273271,18.47,4
Mar-2024,Call of Duty,Oceania,4253978,2035606,231,51,7254574,527226,187460,15.1,1
Mar-2024,Call of Duty,Oceania,4345554,1961048,278,53,7022271,347628,192215,12.85,0
Mar-2024,Call of Duty,Oceania,4483121,2116982,275,57,7786454,359435,263176,20.23,4
Mar-2024,Call of Duty,Oceania,4026792,1943262,258,61,6161757,349092,227838,20.57,1
Mar-2024,Call of Duty,Oceania,4010232,2017557,235,53,8867234,467878,195902,11.73,5
Mar-2024,Call of Duty,Oceania,4056809,2021387,252,53,10022943,300562,182771,20.11,4
Mar-2024,Call of Duty,Oceania,4344544,2015429,269,51,8983387,342720,255037,21.45,4
Apr-2024,Call of Duty,NA,4370276,2100524,280,55,8639067,397350,240712,16.62,5
Apr-2024,Call of Duty,NA,3815838,1949886,266,55,7860976,323819,227445,20.07,2
Apr-2024,Call of Duty,NA,3919193,1990160,240,52,8902249,460618,144509,6.09,2
Apr-2024,Call of Duty,NA,4486431,1849581,234,54,9977855,604156,249623,13.34,4
Apr-2024,Call of Duty,NA,4537432,1871757,261,53,9136465,448494,215226,19.28,5
Apr-2024,Call of Duty,NA,4279179,2066614,258,47,6629692,368909,253868,19.46,1
Apr-2024,Call of Duty,NA,4484744,2012979,268,51,7052179,552718,233461,22.95,1
Apr-2024,Call of Duty,NA,4113233,2004558,251,51,8324693,316274,206288,8.14,4
Apr-2024,Call of Duty,NA,4054548,2008770,209,49,7110840,447019,178686,16.85,0
Apr-2024,Call of Duty,NA,4144234,2002698,241,52,10145722,386090,209155,23.59,0
Apr-2024,Call of Duty,NA,4532114,1984041,259,53,10359332,414047,213058,21.11,0
Apr-2024,Call of Duty,NA,4153120,2039232,256,53,6647231,485218,274497,24.42,3
Apr-2024,Call of Duty,NA,4252048,2025905,247,53,8202383,327436,201929,16.64,0
Apr-2024,Call of Duty,NA,3884463,1979175,238,48,9464398,418253,183894,23.27,4
Apr-2024,Call of Duty,NA,4603499,2024615,250,48,7357540,359875,209184,20.07,5
Apr-2024,Call of Duty,NA,4203620,1932674,250,50,7044994,350938,210611,22.0,0
Apr-2024,Call of Duty,NA,4275485,1925476,256,52,9910979,478064,232312,8.45,5
Apr-2024,Call of Duty,NA,4088513,2013525,281,54,7758962,426294,250450,21.03,2
Apr-2024,Call of Duty,NA,4365202,2001259,237,54,8156560,603437,204886,12.38,2
Apr-2024,Call of Duty,NA,4142517,1980194,234,55,8553824,511511,231517,24.85,0
Apr-2024,Call of Duty,EU,3948446,1796925,253,49,8168961,292061,230663,12.89,2
Apr-2024,Call of Duty,EU,4224450,1706412,218,50,6586790,376948,200061,22.99,1
Apr-2024,Call of Duty,EU,4570858,1989894,245,56,10194710,482539,276175,21.45,5
Apr-2024,Call of Duty,EU,4037982,1866065,231,52,7374629,321843,229605,20.79,5
Apr-2024,Call of Duty,EU,3720768,1687928,226,53,7082110,289980,162338,8.77,4
Apr-2024,Call of Duty,EU,4373525,1994768,263,56,6872925,408681,225788,16.71,0
Apr-2024,Call of Duty,EU,4408073,1882789,253,50,10842948,340226,147738,20.81,4
Apr-2024,Call of Duty,EU,4395472,2051641,256,50,9432048,417192,210831,14.1,3
Apr-2024,Call of Duty,EU,4113635,1859812,261,49,9165432,440429,202513,11.56,0
Apr-2024,Call of Duty,EU,4271319,1825029,249,50,10574473,440764,266302,13.7,1
Apr-2024,Call of Duty,EU,4160783,1952985,237,57,7167092,415167,227027,17.66,4
Apr-2024,Call of Duty,EU,4342414,2034027,255,50,8904492,465601,307531,22.29,4
Apr-2024,Call of Duty,EU,3873761,2144545,267,51,5922078,470859,230475,8.56,1
Apr-2024,Call of Duty,EU,3893483,1889158,236,50,7362947,406476,235539,20.83,4
Apr-2024,Call of Duty,EU,4083396,1923367,240,54,7081563,414632,249736,8.62,5
Apr-2024,Call of Duty,EU,4253236,1864015,259,50,7194618,359625,171596,11.51,4
Apr-2024,Call of Duty,EU,4366852,1832441,255,53,8151720,606547,152365,5.98,4
Apr-2024,Call of Duty,EU,4300892,1783473,250,53,9183614,513835,265593,13.01,3
Apr-2024,Call of Duty,EU,4572141,1930019,209,50,7206916,461946,221007,10.1,5
Apr-2024,Call of Duty,EU,4479023,1926486,251,50,6983662,395641,260017,14.06,3
Apr-2024,Call of Duty,Asia,4294940,2045827,286,52,9743817,453734,270582,13.83,2
Apr-2024,Call of Duty,Asia,3651862,1917296,250,47,7608834,346068,187522,18.09,5
Apr-2024,Call of Duty,Asia,4404019,2033849,251,51,10427297,620449,288016,15.3,0
Apr-2024,Call of Duty,Asia,4164777,2056316,250,54,8513710,478231,202892,23.01,4
Apr-2024,Call of Duty,Asia,3769504,1905187,264,49,6341751,315120,206668,19.45,2
Apr-2024,Call of Duty,Asia,4174636,1946401,279,55,8123203,457024,192367,12.08,4
Apr-2024,Call of Duty,Asia,3667015,1915977,233,47,6058620,252560,217273,11.83,5
Apr-2024,Call of Duty,Asia,4369851,2030229,235,48,7190026,456021,199632,14.56,1
Apr-2024,Call of Duty,Asia,4018053,1960173,272,52,6915000,400055,248856,11.73,5
Apr-2024,Call of Duty,Asia,3997153,2012285,277,54,8941297,364179,276254,23.6,4
Apr-2024,Call of Duty,Asia,4218564,1927209,257,55,7034855,422391,151501,6.3,3
Apr-2024,Call of Duty,Asia,4224324,2080910,259,53,7013584,320174,192051,20.05,2
Apr-2024,Call of Duty,Asia,4408476,2192091,272,53,10649783,512893,246857,24.22,4
Apr-2024,Call of Duty,Asia,4244655,1903510,262,56,6573846,429712,221289,12.41,1
Apr-2024,Call of Duty,Asia,4118452,1864859,238,51,6618918,432487,208587,18.23,2
Apr-2024,Call of Duty,Asia,3939791,1874767,254,55,9539585,432249,256903,20.18,0
Apr-2024,Call of Duty,Asia,4090595,1922953,275,50,7963364,524592,234147,12.9,1
Apr-2024,Call of Duty,Asia,4523545,1992360,239,57,9205077,249207,241710,21.73,4
Apr-2024,Call of Duty,Asia,4417038,1961239,271,54,9362313,298430,166347,24.18,2
Apr-2024,Call of Duty,Asia,4280642,1906004,252,57,7567267,346672,192147,22.15,0
Apr-2024,Call of Duty,South America,4279945,1801024,232,54,9130620,391593,179674,13.37,3
Apr-2024,Call of Duty,South America,4807916,2001422,243,44,11985849,342338,175024,5.58,4
Apr-2024,Call of Duty,South America,3936143,1973968,248,44,7972478,351883,196091,21.34,4
Apr-2024,Call of Duty,South America,4324136,1931116,269,52,8256222,621668,194368,19.29,4
Apr-2024,Call of Duty,South America,4114189,1954752,249,50,7878605,301512,227276,17.75,0
Apr-2024,Call of Duty,South America,4202948,1907839,255,52,9985773,446197,226284,22.39,1
Apr-2024,Call of Duty,South America,4035034,2035626,252,48,8730756,435930,210344,11.27,2
Apr-2024,Call of Duty,South America,4038064,1945812,263,56,8676908,348035,146671,9.54,1
Apr-2024,Call of Duty,South America,4468736,1891224,236,54,8550271,377291,203563,19.48,2
Apr-2024,Call of Duty,South America,4112232,1904193,249,52,7105754,472704,282965,6.1,2
Apr-2024,Call of Duty,South America,4078128,1809453,260,56,9326531,354219,192329,19.25,3
Apr-2024,Call of Duty,South America,4425082,1937983,244,50,9227205,342756,197984,5.03,4
Apr-2024,Call of Duty,South America,4388484,2208828,251,58,6819876,451108,248386,11.07,2
Apr-2024,Call of Duty,South America,4125571,1934289,271,55,10124532,402672,196161,11.81,2
Apr-2024,Call of Duty,South America,4092089,2065394,252,54,6374460,345820,200231,13.52,1
Apr-2024,Call of Duty,South America,4254874,1865004,254,55,6678075,452055,232963,15.32,4
Apr-2024,Call of Duty,South America,3772243,1980248,249,48,6962639,229988,196705,17.3,5
Apr-2024,Call of Duty,South America,4045832,2037414,278,53,9371729,363647,221150,8.69,1
Apr-2024,Call of Duty,South America,4707815,1945526,247,51,8652532,545189,243129,19.19,4
Apr-2024,Call of Duty,South America,4356730,1817367,251,54,7952341,419592,267825,20.71,0
Apr-2024,Call of Duty,Africa,3857560,2200543,265,54,7850476,544960,263027,13.89,0
Apr-2024,Call of Duty,Africa,4038832,1823902,243,55,9245135,369847,179852,12.88,1
Apr-2024,Call of Duty,Africa,4048201,2031151,229,52,7275391,466304,149910,15.27,5
Apr-2024,Call of Duty,Africa,4365894,1821505,292,51,8405584,470258,179591,9.93,0
Apr-2024,Call of Duty,Africa,4473258,1851671,265,57,8027054,389725,211778,7.79,2
Apr-2024,Call of Duty,Africa,4632706,1922630,242,55,9827808,495925,235875,5.47,2
Apr-2024,Call of Duty,Africa,4151784,2109377,260,47,9158830,444907,220459,20.47,5
Apr-2024,Call of Duty,Africa,4486696,1849224,239,51,11012576,614697,238726,11.82,4
Apr-2024,Call of Duty,Africa,4178112,1921831,260,50,7216229,328211,174346,13.83,0
Apr-2024,Call of Duty,Africa,4129063,2078601,293,50,8346811,526488,141055,14.76,1
Apr-2024,Call of Duty,Africa,4466077,2121546,229,56,7873481,441824,202809,9.72,3
Apr-2024,Call of Duty,Africa,4372310,1899773,264,55,9524457,400665,206554,5.53,5
Apr-2024,Call of Duty,Africa,4346909,2034332,258,53,7938619,421015,236778,20.71,5
Apr-2024,Call of Duty,Africa,4308931,1915973,247,52,10249667,331872,236004,15.27,2
Apr-2024,Call of Duty,Africa,4400404,1948071,269,56,8010959,364812,335105,20.02,3
Apr-2024,Call of Duty,Africa,4242596,2112465,248,53,10416029,286997,307617,13.18,5
Apr-2024,Call of Duty,Africa,4127183,2089365,273,52,7192145,550391,258906,19.57,3
Apr-2024,Call of Duty,Africa,4627552,2061089,241,48,10305805,475729,240303,12.6,5
Apr-2024,Call of Duty,Africa,4325138,1937909,251,53,7056743,472076,219628,7.27,2
Apr-2024,Call of Duty,Africa,4200802,1815041,247,53,6942121,311168,188472,5.35,2
Apr-2024,Call of Duty,Oceania,4461404,2189510,244,50,10662130,356088,206415,21.26,1
Apr-2024,Call of Duty,Oceania,4400825,2025424,247,53,7913554,482898,254207,19.2,1
Apr-2024,Call of Duty,Oceania,3852292,1927005,249,50,8259707,400043,191278,16.76,0
Apr-2024,Call of Duty,Oceania,4057652,1910629,263,53,9536101,511543,177068,16.22,0
Apr-2024,Call of Duty,Oceania,3890097,1840570,244,52,7984014,393170,241756,14.56,4
Apr-2024,Call of Duty,Oceania,4609864,2004129,227,50,8886372,268174,177445,11.86,0
Apr-2024,Call of Duty,Oceania,4122131,1947232,266,50,8371157,230010,294766,17.69,1
Apr-2024,Call of Duty,Oceania,4311255,1891190,260,52,8868311,334821,238734,19.85,5
Apr-2024,Call of Duty,Oceania,4065915,1873035,249,52,7100276,516374,245365,11.54,1
Apr-2024,Call of Duty,Oceania,4422485,1914288,260,45,9738711,629140,250989,18.08,5
Apr-2024,Call of Duty,Oceania,4396015,1947307,229,56,8604687,444925,254278,5.14,4
Apr-2024,Call of Duty,Oceania,4118142,1688577,254,45,10254244,465732,215421,20.9,2
Apr-2024,Call of Duty,Oceania,4207680,2180737,249,51,9559737,560561,222318,20.72,3
Apr-2024,Call of Duty,Oceania,3900195,2029555,235,54,8260442,439097,153407,8.22,1
Apr-2024,Call of Duty,Oceania,4248753,1937165,271,53,6661167,362228,256410,19.59,2
Apr-2024,Call of Duty,Oceania,4538534,2034376,273,48,9566177,400954,233320,18.22,4
Apr-2024,Call of Duty,Oceania,4244485,1897130,239,55,10299186,467827,223293,7.82,1
Apr-2024,Call of Duty,Oceania,3854173,1961290,238,52,6093566,341227,99123,17.29,2
Apr-2024,Call of Duty,Oceania,4106771,2073650,245,51,7793873,523159,168155,6.46,3
Apr-2024,Call of Duty,Oceania,4265413,1870565,237,52,9220042,435428,182664,18.71,4
May-2024,Call of Duty,NA,4092108,1900640,261,47,9212522,435343,229558,19.91,2
May-2024,Call of Duty,NA,4221721,1923990,262,48,7497196,413075,108258,18.95,0
May-2024,Call of Duty,NA,4068549,1721696,250,48,7074617,361550,220067,18.46,2
May-2024,Call of Duty,NA,4025673,1933195,236,49,8544107,306673,114575,8.98,5
May-2024,Call of Duty,NA,3715406,1830900,261,56,6368338,353416,238091,17.17,4
May-2024,Call of Duty,NA,4135861,2019393,244,56,7159832,437616,227773,18.56,5
May-2024,Call of Duty,NA,4016180,1945732,240,51,6700674,405608,232313,8.77,0
May-2024,Call of Duty,NA,4453597,1967108,232,49,10732704,534104,194485,10.0,3
May-2024,Call of Duty,NA,4315849,1949449,259,48,10688603,401107,159466,19.82,0
May-2024,Call of Duty,NA,4313175,1972576,232,47,9769816,484335,252897,18.43,1
May-2024,Call of Duty,NA,4160076,1907712,280,61,9833118,442161,148038,21.03,0
May-2024,Call of Duty,NA,4311119,1927228,253,55,6519764,481735,252564,13.04,5
May-2024,Call of Duty,NA,4177594,1929370,256,48,10101683,342597,227737,14.51,2
May-2024,Call of Duty,NA,4204951,2025014,239,54,7732331,483135,216111,17.29,4
May-2024,Call of Duty,NA,4546316,1956682,221,48,8186614,464655,195874,23.32,0
May-2024,Call of Duty,NA,4231146,2061806,280,52,7836367,513224,170129,5.48,1
May-2024,Call of Duty,NA,4542397,1788128,271,49,9420209,383902,242287,17.87,3
May-2024,Call of Duty,NA,4019050,1961032,241,53,7420352,469607,188223,12.32,5
May-2024,Call of Duty,NA,4281258,2043465,259,47,10238319,514624,269824,8.0,3
May-2024,Call of Duty,NA,4454110,2205406,277,50,8429407,463299,168985,12.15,4
May-2024,Call of Duty,EU,3994142,1971385,247,51,6361744,315070,247333,23.84,1
May-2024,Call of Duty,EU,4285738,1962759,237,49,7216559,395103,183705,22.66,3
May-2024,Call of Duty,EU,3887287,1934326,243,49,8694311,493763,223502,21.88,1
May-2024,Call of Duty,EU,4191768,1882262,253,54,10384174,379377,204300,23.75,5
May-2024,Call of Duty,EU,4149700,1964070,247,54,6708516,501709,200721,5.02,3
May-2024,Call of Duty,EU,4277106,1989420,271,54,9525850,376185,182564,18.76,3
May-2024,Call of Duty,EU,4559842,2032645,265,47,6871514,460470,276684,19.03,1
May-2024,Call of Duty,EU,4343903,1924812,243,51,9357278,362208,218287,9.5,2
May-2024,Call of Duty,EU,4381434,1915941,238,54,7271050,554857,224543,7.84,2
May-2024,Call of Duty,EU,4309060,2003464,222,50,7819776,458312,230596,9.59,5
May-2024,Call of Duty,EU,3924083,2001532,270,53,8460494,364259,179371,11.03,1
May-2024,Call of Duty,EU,4389264,1717290,260,57,8024165,406160,175357,9.65,3
May-2024,Call of Duty,EU,4339318,1992707,227,46,7308186,529126,237747,10.48,1
May-2024,Call of Duty,EU,4254790,1977641,251,52,8697724,488126,229775,16.92,5
May-2024,Call of Duty,EU,4220011,1924255,237,49,10398781,222718,211392,14.77,1
May-2024,Call of Duty,EU,4326521,1961194,267,51,8832936,228401,278962,22.32,3
May-2024,Call of Duty,EU,4459569,1955485,231,48,9544588,485155,215389,9.08,4
May-2024,Call of Duty,EU,3966007,2017918,255,54,6092058,309661,208381,20.4,0
May-2024,Call of Duty,EU,4528266,1853123,302,52,8996257,617604,201924,7.57,4
May-2024,Call of Duty,EU,4191609,1930596,229,53,9360358,386556,266704,18.39,3
May-2024,Call of Duty,Asia,4234527,1985551,256,53,9762715,341042,217772,16.56,3
May-2024,Call of Duty,Asia,4211473,1816023,249,49,10100925,425632,219257,13.13,5
May-2024,Call of Duty,Asia,4427653,2024884,240,52,6734782,427528,217706,15.46,2
May-2024,Call of Duty,Asia,4172953,1986783,227,50,7913969,459148,258072,7.53,3
May-2024,Call of Duty,Asia,4263350,1962517,255,48,9020643,428226,192241,7.41,0
May-2024,Call of Duty,Asia,4293335,2046302,225,47,10063729,367866,211189,8.45,2
May-2024,Call of Duty,Asia,4067855,1720559,274,52,7353275,330049,187674,16.64,1
May-2024,Call of Duty,Asia,4195859,2062592,258,54,6337923,371103,168512,21.2,2
May-2024,Call of Duty,Asia,4051673,1919864,267,55,6770133,410980,207267,8.18,1
May-2024,Call of Duty,Asia,4500005,1970401,270,53,7079629,558677,213123,7.48,0
May-2024,Call of Duty,Asia,3742122,2006921,260,48,8713311,360950,187827,23.37,1
May-2024,Call of Duty,Asia,4376210,1942768,221,55,6863656,381824,238061,12.22,1
May-2024,Call of Duty,Asia,4162923,1927499,240,56,9747264,516544,277631,14.86,0
May-2024,Call of Duty,Asia,4449381,1974787,268,49,8391839,342314,215466,18.3,1
May-2024,Call of Duty,Asia,4217953,1980677,256,50,8129392,475251,253639,23.13,1
May-2024,Call of Duty,Asia,4144993,1909110,252,53,8698900,289990,215563,12.09,3
May-2024,Call of Duty,Asia,4131508,2151843,266,50,9846705,560314,339753,14.58,1
May-2024,Call of Duty,Asia,4413312,1797836,264,45,9893570,332085,169067,12.85,1
May-2024,Call of Duty,Asia,4025591,1919184,244,52,8636575,434653,157439,22.05,1
May-2024,Call of Duty,Asia,3991345,1939382,210,50,8321389,502162,170742,8.55,2
May-2024,Call of Duty,South America,4385864,2049040,250,49,10901455,452460,173990,10.29,1
May-2024,Call of Duty,South America,4214183,1993751,247,50,10027901,436429,195400,18.65,4
May-2024,Call of Duty,South America,3971831,2016114,273,54,7885812,319631,188714,11.24,0
May-2024,Call of Duty,South America,3938573,1935559,251,51,9822012,414193,188164,20.42,0
May-2024,Call of Duty,South America,4221120,2084711,265,53,8682210,461147,161471,13.24,4
May-2024,Call of Duty,South America,4143666,2098878,263,52,9411930,403300,142527,15.2,1
May-2024,Call of Duty,South America,3931918,1895936,253,51,9386353,255121,164767,20.22,0
May-2024,Call of Duty,South America,4257009,1863508,244,53,9108765,419183,236008,16.74,2
May-2024,Call of Duty,South America,4477001,2136805,243,56,10329259,472601,188227,9.51,0
May-2024,Call of Duty,South America,4222379,1892242,273,49,9394212,407172,161705,5.55,3
May-2024,Call of Duty,South America,4122691,1972128,242,55,7333073,386157,253863,5.64,4
May-2024,Call of Duty,South America,3971334,1880883,277,58,8433892,531383,194387,12.89,2
May-2024,Call of Duty,South America,3946845,1960523,260,52,8585771,323673,231136,15.83,5
May-2024,Call of Duty,South America,4149152,2067608,251,55,8505068,274404,129744,15.54,5
May-2024,Call of Duty,South America,3904178,1993530,252,58,7248713,355786,209108,9.68,3
May-2024,Call of Duty,South America,4205020,1954313,248,56,7851349,482404,127716,8.78,3
May-2024,Call of Duty,South America,4267749,1963824,241,52,6406270,523071,265304,16.18,2
May-2024,Call of Duty,South America,4275381,1797154,270,55,8533179,334007,180256,21.52,5
May-2024,Call of Duty,South America,3962495,1958241,258,55,8975560,255285,174145,17.11,0
May-2024,Call of Duty,South America,4563964,2001283,233,48,10475932,338863,237228,10.35,0
May-2024,Call of Duty,Africa,4201634,1931785,245,52,8431822,386407,239960,18.72,2
May-2024,Call of Duty,Africa,4429881,1890381,265,51,9602867,380818,199679,18.24,5
May-2024,Call of Duty,Africa,4018458,2031775,240,56,7882483,333939,261472,11.79,4
May-2024,Call of Duty,Africa,3890945,2120101,244,50,6795732,359974,201712,24.35,5
May-2024,Call of Duty,Africa,4530970,1989413,241,55,11238257,492792,247221,20.63,3
May-2024,Call of Duty,Africa,4009308,1969472,292,57,9925850,319531,272312,8.84,4
May-2024,Call of Duty,Africa,4243537,1907698,262,52,10149309,340021,277408,7.93,1
May-2024,Call of Duty,Africa,4292368,1842717,216,52,9323713,474450,193286,12.55,1
May-2024,Call of Duty,Africa,4697464,2070155,250,52,11262469,546684,254419,14.97,0
May-2024,Call of Duty,Africa,4221181,1778739,242,54,8746164,440686,254095,12.64,0
May-2024,Call of Duty,Africa,4471878,2012210,245,50,8373427,472143,221350,7.25,0
May-2024,Call of Duty,Africa,4239638,1733328,254,54,9638091,444938,171722,14.5,2
May-2024,Call of Duty,Africa,4233712,1894084,257,50,9932795,438234,145421,11.14,5
May-2024,Call of Duty,Africa,4389416,1956149,242,55,10496608,383685,206675,18.37,5
May-2024,Call of Duty,Africa,4089619,1946868,252,50,9959813,467369,204171,22.0,5
May-2024,Call of Duty,Africa,4479657,2092871,247,48,10582972,411615,164628,15.74,4
May-2024,Call of Duty,Africa,3779669,1814548,259,49,6538646,346969,238562,20.78,5
May-2024,Call of Duty,Africa,4093531,1975590,242,59,7749633,375821,265231,7.31,2
May-2024,Call of Duty,Africa,3831538,2006182,253,53,6453770,423923,178838,14.83,4
May-2024,Call of Duty,Africa,4143089,1906484,260,52,8346598,552385,251497,8.41,4
May-2024,Call of Duty,Oceania,4462734,1894341,243,57,9139356,515179,277824,13.61,0
May-2024,Call of Duty,Oceania,4307909,1923483,262,49,10420208,342772,211032,22.4,5
May-2024,Call of Duty,Oceania,4388744,1826034,248,47,10612238,487450,246496,15.2,5
May-2024,Call of Duty,Oceania,4505439,1923405,266,50,8823570,391484,212902,10.17,3
May-2024,Call of Duty,Oceania,4201835,1902474,288,54,8613934,504576,244369,22.61,3
May-2024,Call of Duty,Oceania,4012684,1838117,229,55,6244796,445978,246716,17.32,2
May-2024,Call of Duty,Oceania,3951035,1974378,284,55,7110107,427471,199832,5.23,3
May-2024,Call of Duty,Oceania,4198743,2039575,264,49,9071868,512577,166972,5.42,5
May-2024,Call of Duty,Oceania,4244246,2103285,274,54,7866375,373458,220341,23.89,0
May-2024,Call of Duty,Oceania,3873343,1908201,237,52,7422561,489002,188928,20.83,0
May-2024,Call of Duty,Oceania,4183946,1903905,269,58,7854593,410265,207885,11.21,5
May-2024,Call of Duty,Oceania,4382823,2071585,251,46,8486068,371223,204688,10.2,0
May-2024,Call of Duty,Oceania,4127033,1735577,265,53,7582868,539024,236234,15.76,0
May-2024,Call of Duty,Oceania,4364954,1903394,238,54,8634780,457386,176740,11.01,0
May-2024,Call of Duty,Oceania,3874769,1954233,268,52,5859124,340847,229376,23.95,5
May-2024,Call of Duty,Oceania,4108655,1965683,267,57,8202416,375860,192137,23.58,4
May-2024,Call of Duty,Oceania,4170338,2082754,234,52,7918567,358109,145643,15.77,2
May-2024,Call of Duty,Oceania,4018556,1883938,263,52,8451137,311727,129952,23.87,0
May-2024,Call of Duty,Oceania,4333345,2072380,257,51,10447524,495031,212964,23.57,5
May-2024,Call of Duty,Oceania,4485942,1938778,243,51,7117855,532187,256921,5.39,1
Jun-2024,Call of Duty,NA,3891912,1829748,250,54,8597067,428193,128725,15.24,1
Jun-2024,Call of Duty,NA,3983770,1982478,263,49,8741631,396629,142815,9.73,5
Jun-2024,Call of Duty,NA,4353258,1931402,275,56,8409227,588217,131404,11.01,4
Jun-2024,Call of Duty,NA,4289783,1880824,261,52,6511339,560214,227273,14.28,1
Jun-2024,Call of Duty,NA,4240219,2084504,238,53,8987010,466170,263728,5.01,4
Jun-2024,Call of Duty,NA,4547308,2117213,255,50,10103293,553538,305217,5.98,5
Jun-2024,Call of Duty,NA,4044546,1874203,255,45,8902331,357191,245591,15.13,3
Jun-2024,Call of Duty,NA,3770263,2041688,289,55,8431352,318776,120369,19.19,5
Jun-2024,Call of Duty,NA,4603260,1886556,260,47,8234099,547276,205282,22.96,5
Jun-2024,Call of Duty,NA,3590444,1783926,253,53,7316107,454718,220499,5.84,4
Jun-2024,Call of Duty,NA,4414259,2174180,252,54,9473319,405984,206814,22.49,3
Jun-2024,Call of Duty,NA,4363438,1865283,244,52,8025490,391134,172776,12.71,1
Jun-2024,Call of Duty,NA,4092108,1967307,247,48,7968946,438895,211936,8.32,3
Jun-2024,Call of Duty,NA,4511454,2042251,243,47,7962454,445953,183251,13.95,5
Jun-2024,Call of Duty,NA,3966393,2082558,233,52,8518022,392019,185024,19.97,5
Jun-2024,Call of Duty,NA,4289926,1933804,215,47,6570913,484315,184769,22.93,1
Jun-2024,Call of Duty,NA,4089604,2006122,254,51,6160961,337306,220551,18.98,2
Jun-2024,Call of Duty,NA,4347618,2053475,275,56,7516971,526416,168778,23.8,0
Jun-2024,Call of Duty,NA,3893082,1878744,239,50,7208440,323165,174622,22.15,0
Jun-2024,Call of Duty,NA,4246068,1769925,255,49,7139402,385997,225780,13.75,1
Jun-2024,Call of Duty,EU,4137274,1892835,248,55,9459308,347082,182946,18.36,0
Jun-2024,Call of Duty,EU,4163765,1839594,268,47,8841003,372198,208425,22.59,1
Jun-2024,Call of Duty,EU,4370149,1974474,252,51,8662644,542893,218334,22.48,2
Jun-2024,Call of Duty,EU,4036424,2035438,223,52,7028961,197685,217161,5.7,2
Jun-2024,Call of Duty,EU,4494935,1812289,256,52,8433633,393566,185611,15.53,1
Jun-2024,Call of Duty,EU,4200893,2051033,253,52,6438142,259816,203307,23.27,1
Jun-2024,Call of Duty,EU,4285131,1991323,251,52,6500437,549451,249564,6.93,5
Jun-2024,Call of Duty,EU,4193254,1942166,255,54,9671245,388333,186837,18.66,0
Jun-2024,Call of Duty,EU,4262839,1865358,241,56,9210925,354674,165376,19.89,2
Jun-2024,Call of Duty,EU,4005143,1977635,285,53,8888231,351844,223837,11.34,2
Jun-2024,Call of Duty,EU,3899300,2042546,235,52,8329470,300261,174773,9.25,0
Jun-2024,Call of Duty,EU,4126786,1732473,261,51,10091138,479001,186938,17.44,2
Jun-2024,Call of Duty,EU,4303025,1966668,264,48,7735068,382669,288038,21.18,1
Jun-2024,Call of Duty,EU,4756819,1977289,257,51,8911829,518500,209608,20.04,1
Jun-2024,Call of Duty,EU,4149509,1921729,245,44,8238150,478862,222766,23.54,3
Jun-2024,Call of Duty,EU,3895537,1943017,259,54,7532440,585699,197230,21.09,4
Jun-2024,Call of Duty,EU,4790655,2075885,253,55,8005797,439077,283306,9.37,2
Jun-2024,Call of Duty,EU,4198786,1992515,238,53,7002325,410789,216607,17.13,3
Jun-2024,Call of Duty,EU,4277266,1840057,261,56,8247304,325556,256010,20.33,4
Jun-2024,Call of Duty,EU,4179618,1919284,246,48,7227507,491871,224205,18.0,4
Jun-2024,Call of Duty,Asia,3764215,1954338,246,52,6883652,388897,211045,6.64,5
Jun-2024,Call of Duty,Asia,4242868,1845065,258,54,10439500,306934,198393,20.44,5
Jun-2024,Call of Duty,Asia,4011821,2034095,261,48,8706079,338841,197844,24.23,0
Jun-2024,Call of Duty,Asia,4157552,2102441,270,48,7094110,478222,211201,17.91,1
Jun-2024,Call of Duty,Asia,3919905,2228191,257,56,9514516,505725,148714,13.53,0
Jun-2024,Call of Duty,Asia,4287261,1965284,235,59,7451005,298575,224391,5.65,0
Jun-2024,Call of Duty,Asia,3991384,1799623,236,55,7068591,411419,183086,22.31,5
Jun-2024,Call of Duty,Asia,4153165,1943988,247,56,10168097,476562,195900,14.39,1
Jun-2024,Call of Duty,Asia,4170749,1889746,250,51,6430756,349664,233025,10.48,4
Jun-2024,Call of Duty,Asia,3940084,1806174,251,47,6439338,388710,225923,5.98,2
Jun-2024,Call of Duty,Asia,4558403,1987798,266,54,8232836,362005,119564,12.55,2
Jun-2024,Call of Duty,Asia,4312472,1830945,264,51,9364310,519177,237380,13.42,4
Jun-2024,Call of Duty,Asia,3961215,1928287,224,47,9782327,466348,211992,8.07,0
Jun-2024,Call of Duty,Asia,4128829,2047985,252,48,9799145,564804,229221,12.36,0
Jun-2024,Call of Duty,Asia,4342419,1824613,229,48,8742097,389294,305394,18.58,3
Jun-2024,Call of Duty,Asia,4160809,1899066,261,50,9520862,520513,266789,5.53,2
Jun-2024,Call of Duty,Asia,4441089,1989807,273,50,9615165,476667,318622,5.36,2
Jun-2024,Call of Duty,Asia,4423210,2064820,252,56,7265501,544183,200889,12.98,0
Jun-2024,Call of Duty,Asia,4090046,1697753,251,54,8662947,362723,213047,11.6,5
Jun-2024,Call of Duty,Asia,4325822,2000659,221,52,8527245,366024,256854,15.06,5
Jun-2024,Call of Duty,South America,4435181,1984818,240,49,7587206,423842,153410,6.13,4
Jun-2024,Call of Duty,South America,4242820,2023393,246,51,10268922,395025,145785,16.63,5
Jun-2024,Call of Duty,South America,4308204,1958274,231,53,8139061,382057,150208,6.67,5
Jun-2024,Call of Duty,South America,4071608,1936119,268,50,7553336,438417,191031,24.19,4
Jun-2024,Call of Duty,South America,4279031,1871634,240,47,10208278,493667,198848,22.07,0
Jun-2024,Call of Duty,South America,4131072,2066059,250,52,7962013,395488,211446,13.09,4
Jun-2024,Call of Duty,South America,4007205,1968728,239,50,9009419,436389,185578,20.16,2
Jun-2024,Call of Duty,South America,4470231,1849147,284,53,10162811,296029,282034,13.76,5
Jun-2024,Call of Duty,South America,3948535,1977949,276,55,9181559,466415,217441,9.67,3
Jun-2024,Call of Duty,South America,4594421,1948673,247,50,8088587,507411,263924,15.74,0
Jun-2024,Call of Duty,South America,4132970,1849290,271,54,8378716,283200,170359,17.25,0
Jun-2024,Call of Duty,South America,4367083,1901797,258,55,9057740,394610,104421,10.61,1
Jun-2024,Call of Duty,South America,4083493,1925763,263,51,7109016,319827,217102,18.83,4
Jun-2024,Call of Duty,South America,4186951,1997254,238,49,8295340,225514,228730,13.25,1
Jun-2024,Call of Duty,South America,4719291,2099276,249,49,9488495,539881,246457,7.05,3
Jun-2024,Call of Duty,South America,4388020,1966392,249,49,9717346,470641,281633,14.28,0
Jun-2024,Call of Duty,South America,4257508,1820735,237,49,6399816,308354,281581,5.32,0
Jun-2024,Call of Duty,South America,4265344,1846018,234,49,10465937,545638,232380,24.46,5
Jun-2024,Call of Duty,South America,4110380,1937236,246,50,8298041,470350,195669,17.4,1
Jun-2024,Call of Duty,South America,4156826,1961614,262,51,8528184,480395,166077,9.5,3
Jun-2024,Call of Duty,Africa,4381051,1961361,263,54,10637240,570335,210785,24.5,4
Jun-2024,Call of Duty,Africa,4389807,1773937,249,51,6958817,414499,210418,9.42,5
Jun-2024,Call of Duty,Africa,4334391,1946041,248,48,8437413,447044,232363,9.72,3
Jun-2024,Call of Duty,Africa,4458512,2050422,268,49,8450869,489925,226320,21.67,0
Jun-2024,Call of Duty,Africa,4091610,1919584,264,56,8468809,443630,188376,10.66,2
Jun-2024,Call of Duty,Africa,4211170,1981573,255,53,9585992,302039,210003,6.72,0
Jun-2024,Call of Duty,Africa,4568752,1921315,241,51,10836624,435611,269085,24.7,0
Jun-2024,Call of Duty,Africa,4235374,2031173,255,48,8161840,446042,162929,15.09,3
Jun-2024,Call of Duty,Africa,4155978,2058836,265,54,8610832,429956,262265,23.42,0
Jun-2024,Call of Duty,Africa,4494091,1966649,232,52,8969997,382247,221673,16.31,2
Jun-2024,Call of Duty,Africa,4338812,2046132,252,54,8332367,460715,320333,8.14,4
Jun-2024,Call of Duty,Africa,4348142,1922390,247,54,7407545,331892,172298,24.76,4
Jun-2024,Call of Duty,Africa,4073026,1943039,242,57,7739472,578428,218805,16.82,3
Jun-2024,Call of Duty,Africa,4128450,1869871,233,51,10201682,403242,184625,12.32,2
Jun-2024,Call of Duty,Africa,4095363,1916713,250,50,9687778,458015,194118,17.06,0
Jun-2024,Call of Duty,Africa,4075504,1836794,263,52,6582938,565726,146679,14.59,1
Jun-2024,Call of Duty,Africa,4164724,2010073,254,48,7553852,431988,175595,6.86,3
Jun-2024,Call of Duty,Africa,3768509,2097141,254,52,7084295,481658,180665,14.73,4
Jun-2024,Call of Duty,Africa,4028861,1832148,249,57,9208842,418291,168652,21.64,4
Jun-2024,Call of Duty,Africa,4090048,1934261,279,51,7550978,314216,264201,22.14,3
Jun-2024,Call of Duty,Oceania,4509122,1975174,247,51,8018152,621889,301856,15.57,0
Jun-2024,Call of Duty,Oceania,3960530,2158748,255,53,8895777,324074,230960,16.9,0
Jun-2024,Call of Duty,Oceania,4116632,2047610,264,46,9970455,438109,262539,14.36,3
Jun-2024,Call of Duty,Oceania,4291599,1823422,248,52,9282441,419986,263787,8.56,2
Jun-2024,Call of Duty,Oceania,4168562,1869485,271,58,8461814,415540,201527,11.98,4
Jun-2024,Call of Duty,Oceania,4448942,2016296,259,48,10606115,481946,172503,18.19,2
Jun-2024,Call of Duty,Oceania,4173451,1832398,237,47,7316594,405256,261131,5.69,4
Jun-2024,Call of Duty,Oceania,4306956,2097163,252,48,10125526,575161,189872,17.86,5
Jun-2024,Call of Duty,Oceania,4223153,1807221,236,54,6407077,543547,180548,21.34,1
Jun-2024,Call of Duty,Oceania,4284854,1875763,251,53,6990984,459896,185327,15.04,0
Jun-2024,Call of Duty,Oceania,3711160,1950373,269,52,5890579,434161,182508,17.91,1
Jun-2024,Call of Duty,Oceania,3974799,2095736,271,48,6150625,389776,182545,13.77,0
Jun-2024,Call of Duty,Oceania,4094379,2019308,249,52,7503325,324458,215607,16.27,0
Jun-2024,Call of Duty,Oceania,4634890,1953808,241,53,11350323,438291,226510,17.86,5
Jun-2024,Call of Duty,Oceania,4383002,1817950,252,51,10835652,516179,198060,6.92,1
Jun-2024,Call of Duty,Oceania,4265742,2097936,240,56,8107020,395330,192662,25.0,5
Jun-2024,Call of Duty,Oceania,4070902,1983987,252,55,10022371,330383,185777,19.66,2
Jun-2024,Call of Duty,Oceania,4293343,1826369,244,52,7189127,578183,190585,19.74,2
Jun-2024,Call of Duty,Oceania,4148358,1967116,252,51,8990689,425728,233350,14.85,2
Jun-2024,Call of Duty,Oceania,3998582,1999244,245,50,8565441,356984,263048,13.73,5
Jul-2024,Call of Duty,NA,4261478,1767669,258,54,7089457,356761,184082,17.64,5
Jul-2024,Call of Duty,NA,4143922,1929534,244,49,9819129,429537,232594,11.33,3
Jul-2024,Call of Duty,NA,4117448,1936967,244,46,9078529,454371,161258,13.92,4
Jul-2024,Call of Duty,NA,4295890,1947508,248,53,9339787,465927,237084,12.11,4
Jul-2024,Call of Duty,NA,4068232,1888901,212,47,6460437,375814,241885,21.77,1
Jul-2024,Call of Duty,NA,4230961,1899717,247,53,8734456,350247,218564,13.72,3
Jul-2024,Call of Duty,NA,4283068,1906447,242,50,10666067,335826,125072,6.61,2
Jul-2024,Call of Duty,NA,4034799,1967985,220,53,9768488,342338,225591,11.78,2
Jul-2024,Call of Duty,NA,4054717,1837513,254,54,6170975,422550,131584,7.31,2
Jul-2024,Call of Duty,NA,3932601,1847043,287,51,6689002,245472,180321,8.09,3
Jul-2024,Call of Duty,NA,4437018,1953684,261,51,10513745,329175,154262,21.49,3
Jul-2024,Call of Duty,NA,4065120,1914206,258,47,9052899,421962,185396,6.44,1
Jul-2024,Call of Duty,NA,4343300,2005268,259,52,7822629,497249,174027,5.16,4
Jul-2024,Call of Duty,NA,4191771,1998438,261,45,9451938,449832,195028,16.49,1
Jul-2024,Call of Duty,NA,4012774,2022731,241,53,8754148,528059,245562,24.49,4
Jul-2024,Call of Duty,NA,4318693,2024574,247,53,6785931,393901,83398,18.43,3
Jul-2024,Call of Duty,NA,4134633,2061559,264,50,9771883,497860,260159,5.05,0
Jul-2024,Call of Duty,NA,3830614,1949467,240,56,8380711,271220,185524,22.02,3
Jul-2024,Call of Duty,NA,4280456,1772805,241,54,8247090,383975,149730,17.97,3
Jul-2024,Call of Duty,NA,3892226,2076920,255,57,6930279,307720,160408,22.64,0
Jul-2024,Call of Duty,EU,4443725,2123981,243,50,9438733,565690,216072,24.45,4
Jul-2024,Call of Duty,EU,4028715,2043091,260,52,7337004,396126,148896,20.36,3
Jul-2024,Call of Duty,EU,4136827,1919247,278,51,8663778,464027,102876,10.79,1
Jul-2024,Call of Duty,EU,4003764,1929733,263,48,7056227,367049,200139,13.01,2
Jul-2024,Call of Duty,EU,4300447,1876725,257,55,7277987,274644,202987,14.36,3
Jul-2024,Call of Duty,EU,3693862,1986886,245,49,6308769,430340,183942,5.88,4
Jul-2024,Call of Duty,EU,4089180,2020878,261,49,8759409,433194,173750,7.71,0
Jul-2024,Call of Duty,EU,4223854,1894353,262,53,10193753,353281,238918,18.01,0
Jul-2024,Call of Duty,EU,4255824,1982334,266,53,9986236,472674,267408,23.32,3
Jul-2024,Call of Duty,EU,4026340,2008833,208,45,7919082,604144,227916,22.95,2
Jul-2024,Call of Duty,EU,4435813,1917157,244,53,6945342,384316,252132,21.13,4
Jul-2024,Call of Duty,EU,4179981,1919873,249,51,8848822,486698,227035,17.03,1
Jul-2024,Call of Duty,EU,3997201,1862219,253,51,8057852,384341,181714,18.38,3
Jul-2024,Call of Duty,EU,4328605,1927984,286,50,7492567,493294,169396,12.03,1
Jul-2024,Call of Duty,EU,4291984,2045317,268,49,7039493,558820,210353,14.82,4
Jul-2024,Call of Duty,EU,4029432,1985322,260,53,6659988,331376,205701,21.57,4
Jul-2024,Call of Duty,EU,4261806,1847547,246,52,8261769,408617,221394,20.04,5
Jul-2024,Call of Duty,EU,3760157,1929879,257,57,6914383,257027,200995,5.38,0
Jul-2024,Call of Duty,EU,4320935,2013687,251,52,9094342,435914,264570,24.28,4
Jul-2024,Call of Duty,EU,4039506,1935847,258,51,9466118,469477,270572,9.74,2
Jul-2024,Call of Duty,Asia,4131482,1940503,243,58,7602912,608474,279655,15.96,2
Jul-2024,Call of Duty,Asia,4398542,1753933,266,50,9691617,300323,127586,19.11,4
Jul-2024,Call of Duty,Asia,3892570,1880543,262,50,8832640,438287,219753,12.78,2
Jul-2024,Call of Duty,Asia,4053273,1867662,252,52,9270972,271524,201355,6.48,2
Jul-2024,Call of Duty,Asia,4423108,1918938,231,53,7357221,287262,138795,19.69,4
Jul-2024,Call of Duty,Asia,4032384,1908787,272,55,6722002,462375,246460,7.8,1
Jul-2024,Call of Duty,Asia,4283815,1920538,255,54,8958583,443259,287044,13.44,2
Jul-2024,Call of Duty,Asia,4366110,1981950,257,55,9380942,499307,289225,20.56,4
Jul-2024,Call of Duty,Asia,4067905,1796206,222,48,6785831,535215,251456,6.48,2
Jul-2024,Call of Duty,Asia,4442897,1967359,244,49,7931054,400223,254503,9.78,4
Jul-2024,Call of Duty,Asia,4103682,1973869,259,55,7696814,463854,157389,10.72,2
Jul-2024,Call of Duty,Asia,4206230,2159940,272,53,9688294,355572,182050,24.61,3
Jul-2024,Call of Duty,Asia,4103075,1922903,261,51,9571925,393419,209490,19.06,0
Jul-2024,Call of Duty,Asia,4524805,1842094,270,53,7483570,486716,240126,8.58,3
Jul-2024,Call of Duty,Asia,4003223,1904129,262,49,6846879,481838,225954,17.68,2
Jul-2024,Call of Duty,Asia,4123315,1884145,243,57,8516903,431024,214379,7.76,1
Jul-2024,Call of Duty,Asia,3903790,1891123,266,53,6332235,391575,166321,17.03,0
Jul-2024,Call of Duty,Asia,4545956,1855171,248,52,8520675,488825,201793,5.25,4
Jul-2024,Call of Duty,Asia,4168341,1946882,264,49,8886640,532613,118712,14.82,0
Jul-2024,Call of Duty,Asia,4159284,2057457,286,51,10006830,402259,130668,20.34,2
Jul-2024,Call of Duty,South America,4035656,1971124,255,50,6705545,278073,229536,11.2,3
Jul-2024,Call of Duty,South America,4441225,1996695,267,51,9752124,410160,151598,11.04,3
Jul-2024,Call of Duty,South America,4275497,2116107,254,54,7128297,347413,243203,24.79,1
Jul-2024,Call of Duty,South America,4533357,1961232,238,50,10538913,563382,236919,20.17,3
Jul-2024,Call of Duty,South America,4111633,1789697,260,51,8761904,486990,175887,13.14,4
Jul-2024,Call of Duty,South America,4339677,1931869,280,53,8578134,365520,223922,11.26,0
Jul-2024,Call of Duty,South America,4449964,1917566,271,52,9551282,350157,212726,22.3,1
Jul-2024,Call of Duty,South America,4292927,2072485,233,55,8660070,378389,183047,20.69,1
Jul-2024,Call of Duty,South America,4597723,1872730,250,51,9104642,408447,311970,6.06,4
Jul-2024,Call of Duty,South America,4213883,2006860,255,48,8345112,313031,167144,18.12,4
Jul-2024,Call of Duty,South America,3996101,1957675,282,51,7360280,315404,245500,14.55,2
Jul-2024,Call of Duty,South America,4163650,2061151,267,48,7130518,324813,236833,11.09,4
Jul-2024,Call of Duty,South America,4416132,2004745,260,52,9114989,481168,206379,11.76,3
Jul-2024,Call of Duty,South America,4290711,1938727,230,53,7069860,410530,121589,19.44,1
Jul-2024,Call of Duty,South America,4249341,2006848,255,52,9022757,398442,184707,16.22,2
Jul-2024,Call of Duty,South America,4117909,1824851,242,55,7211235,251226,252275,6.07,4
Jul-2024,Call of Duty,South America,4546485,1985312,250,54,10420392,497499,225064,20.5,3
Jul-2024,Call of Duty,South America,4317645,2100811,231,46,9631845,469549,174001,17.85,0
Jul-2024,Call of Duty,South America,4249453,1922331,253,54,6555631,360446,244154,7.88,4
Jul-2024,Call of Duty,South America,4120447,1926552,242,49,6183491,459028,157834,23.37,2
Jul-2024,Call of Duty,Africa,4408077,1814523,285,58,6862928,339544,260802,17.86,5
Jul-2024,Call of Duty,Africa,4180376,1896336,255,54,7872717,459098,205306,20.55,5
Jul-2024,Call of Duty,Africa,4538420,1899397,226,49,10021007,414095,271557,13.61,1
Jul-2024,Call of Duty,Africa,4081773,1891341,279,50,8040612,423499,218707,18.35,5
Jul-2024,Call of Duty,Africa,4444905,2018884,248,54,10142707,391648,232249,14.49,5
Jul-2024,Call of Duty,Africa,4393261,1984337,271,50,8926191,312155,225018,10.27,5
Jul-2024,Call of Duty,Africa,3867309,1984228,231,52,6566134,410884,177769,19.82,5
Jul-2024,Call of Duty,Africa,4184084,2007346,276,54,6388847,389444,241913,22.31,3
Jul-2024,Call of Duty,Africa,4336383,2041846,264,52,8685204,491509,175747,22.08,5
Jul-2024,Call of Duty,Africa,4443341,1988168,255,58,9719496,364923,189535,11.53,5
Jul-2024,Call of Duty,Africa,4194798,1952770,266,51,6295753,488655,224843,18.62,3
Jul-2024,Call of Duty,Africa,4210302,1813416,275,51,7294631,465616,226616,19.58,3
Jul-2024,Call of Duty,Africa,4562067,1849756,266,52,7299166,479445,238242,12.66,2
Jul-2024,Call of Duty,Africa,4554227,1872354,267,52,9567543,303310,285285,16.27,1
Jul-2024,Call of Duty,Africa,4149475,1952797,245,54,8489338,458402,221074,5.54,1
Jul-2024,Call of Duty,Africa,4166207,1851903,257,55,6480493,373253,201101,16.85,5
Jul-2024,Call of Duty,Africa,4321222,1943688,245,47,9365800,363593,206011,17.23,1
Jul-2024,Call of Duty,Africa,4309518,1775554,244,54,8025291,353874,178379,6.9,3
Jul-2024,Call of Duty,Africa,4261524,1947652,231,48,7365783,395576,241141,13.33,4
Jul-2024,Call of Duty,Africa,4227582,1957827,268,50,10061942,345973,211377,23.8,4
Jul-2024,Call of Duty,Oceania,4357782,1923630,266,49,7748350,444378,157756,8.38,1
Jul-2024,Call of Duty,Oceania,3923892,2106137,246,51,7234817,375861,146471,23.26,1
Jul-2024,Call of Duty,Oceania,3987404,2037429,256,53,7939024,438066,149586,15.02,2
Jul-2024,Call of Duty,Oceania,4217854,1965472,262,57,7486088,437082,240754,14.18,4
Jul-2024,Call of Duty,Oceania,4049037,1983461,264,47,7234328,306430,235290,24.28,1
Jul-2024,Call of Duty,Oceania,4234684,1760376,243,53,9314858,372466,193375,14.28,3
Jul-2024,Call of Duty,Oceania,4641097,2029578,254,54,8611835,481681,274293,21.72,3
Jul-2024,Call of Duty,Oceania,4401366,1999310,266,49,8810897,472028,291977,20.33,5
Jul-2024,Call of Duty,Oceania,4184379,1892766,251,52,9498110,397904,250104,13.38,4
Jul-2024,Call of Duty,Oceania,4257276,2105157,238,57,9995891,439630,176702,8.53,5
Jul-2024,Call of Duty,Oceania,4374066,1922822,263,53,10923259,369494,144304,20.87,5
Jul-2024,Call of Duty,Oceania,3704625,1807880,230,59,8283234,443344,198533,5.58,0
Jul-2024,Call of Duty,Oceania,3837066,1922213,271,49,6810904,475562,182643,5.33,3
Jul-2024,Call of Duty,Oceania,4327709,1955128,234,49,9009114,512367,235187,12.77,4
Jul-2024,Call of Duty,Oceania,3841626,1920769,262,45,8215395,423729,219715,7.24,2
Jul-2024,Call of Duty,Oceania,4122918,1826024,261,51,9619092,341509,182841,13.0,3
Jul-2024,Call of Duty,Oceania,4029316,2062357,252,46,8907740,502701,122165,16.59,3
Jul-2024,Call of Duty,Oceania,4076222,2094719,263,50,8319319,465871,63952,16.56,2
Jul-2024,Call of Duty,Oceania,4205101,2096528,237,47,10109212,544369,249371,5.93,1
Jul-2024,Call of Duty,Oceania,4136570,2031283,241,50,9008794,381624,226324,14.91,2
Aug-2024,Call of Duty,NA,4319476,1879689,256,52,10569411,535156,251853,24.21,1
Aug-2024,Call of Duty,NA,4627800,1934868,249,54,9296945,398563,267017,8.99,2
Aug-2024,Call of Duty,NA,4433881,1787832,243,56,7869904,491628,247355,9.69,2
Aug-2024,Call of Duty,NA,3818957,1874619,240,52,8537836,477923,212200,22.06,0
Aug-2024,Call of Duty,NA,4403350,1964940,280,54,6790162,635412,184755,10.15,2
Aug-2024,Call of Duty,NA,4327233,2020738,254,50,8428762,358188,194658,12.97,0
Aug-2024,Call of Duty,NA,4281772,1949802,244,50,9654149,472573,228369,7.12,2
Aug-2024,Call of Duty,NA,4514086,1818592,226,51,9472750,364660,145914,15.4,2
Aug-2024,Call of Duty,NA,4509454,1974965,271,57,8940140,484619,179616,21.07,4
Aug-2024,Call of Duty,NA,4322451,1994270,250,46,10088899,335034,242776,19.17,5
Aug-2024,Call of Duty,NA,3995134,1926991,255,56,7023184,388359,190813,23.04,1
Aug-2024,Call of Duty,NA,4345277,1906635,242,51,6593450,502453,226914,11.54,4
Aug-2024,Call of Duty,NA,4083577,2061104,261,53,7989265,532067,212750,19.15,1
Aug-2024,Call of Duty,NA,4715966,2085046,225,50,9546632,525971,233798,14.66,0
Aug-2024,Call of Duty,NA,4492790,1968753,251,50,9238932,456473,201043,5.88,0
Aug-2024,Call of Duty,NA,4340078,1965414,214,47,9023664,378894,249383,16.3,3
Aug-2024,Call of Duty,NA,4350882,1992504,266,49,10518840,590855,227469,11.34,5
Aug-2024,Call of Duty,NA,4454015,1995401,228,51,8075751,393619,299965,6.85,0
Aug-2024,Call of Duty,NA,4201500,1997940,231,48,6310495,370881,208243,6.83,5
Aug-2024,Call of Duty,NA,4539463,1910609,276,56,8536666,577529,286823,18.84,3
Aug-2024,Call of Duty,EU,4554247,1804071,254,53,9050229,463741,206545,13.74,5
Aug-2024,Call of Duty,EU,4381784,2035983,241,47,7111232,438175,195848,24.08,2
Aug-2024,Call of Duty,EU,3995090,1718460,250,54,8818558,312254,249986,6.35,1
Aug-2024,Call of Duty,EU,4463675,1963637,259,50,10766497,317311,202330,14.55,1
Aug-2024,Call of Duty,EU,4297069,1842041,267,49,9698247,386369,244978,10.41,1
Aug-2024,Call of Duty,EU,3937416,2017855,246,54,8199424,451226,207516,8.87,2
Aug-2024,Call of Duty,EU,4542613,2034964,258,54,10286328,441210,112478,20.55,0
Aug-2024,Call of Duty,EU,4334959,1969407,262,50,10317955,448809,128850,12.33,5
Aug-2024,Call of Duty,EU,4460028,2120285,245,56,10025461,444154,179051,18.89,1
Aug-2024,Call of Duty,EU,4224889,1808447,255,52,8051508,442716,241415,24.86,3
Aug-2024,Call of Duty,EU,4381157,2004465,269,52,8202891,362264,203723,7.87,3
Aug-2024,Call of Duty,EU,3882551,1684305,253,55,8708471,381559,175028,7.5,3
Aug-2024,Call of Duty,EU,4268540,1932945,254,56,9692610,478616,345814,10.01,3
Aug-2024,Call of Duty,EU,4204339,2004113,232,55,7437948,439547,186599,5.63,4
Aug-2024,Call of Duty,EU,4484470,1848229,229,50,10116784,435715,220566,5.92,3
Aug-2024,Call of Duty,EU,4159446,1925550,251,54,6565452,386167,225356,14.64,3
Aug-2024,Call of Duty,EU,4266869,1874250,253,53,9503700,307222,267861,10.46,2
Aug-2024,Call of Duty,EU,4457398,1994609,251,47,9168343,563559,154439,21.97,5
Aug-2024,Call of Duty,EU,4458462,1960640,243,52,7420386,488972,278835,18.52,1
Aug-2024,Call of Duty,EU,4178864,1916930,255,49,6627876,429855,164340,22.71,0
Aug-2024,Call of Duty,Asia,4540801,2061332,260,53,7685608,660556,235371,17.11,0
Aug-2024,Call of Duty,Asia,4161137,1908166,273,54,6720168,387168,191049,18.66,5
Aug-2024,Call of Duty,Asia,4188328,1927177,262,52,7850588,573842,163950,23.45,2
Aug-2024,Call of Duty,Asia,4480702,1836648,250,53,7390672,447892,204613,15.61,2
Aug-2024,Call of Duty,Asia,4402033,1995833,237,53,8448638,315427,199774,7.36,0
Aug-2024,Call of Duty,Asia,4236753,2093818,270,51,9222546,359846,165768,20.75,4
Aug-2024,Call of Duty,Asia,4495048,1942518,284,52,9865867,530705,249291,24.34,3
Aug-2024,Call of Duty,Asia,3897431,1955249,236,51,8929150,474930,193531,11.17,0
Aug-2024,Call of Duty,Asia,4120351,1988257,261,52,7106544,306402,303659,14.66,3
Aug-2024,Call of Duty,Asia,4239013,1955576,232,46,7358342,462488,185840,23.31,0
Aug-2024,Call of Duty,Asia,3938265,1917033,232,59,7791533,297204,225288,22.58,5
Aug-2024,Call of Duty,Asia,4363722,2079860,276,50,9487834,444726,228341,11.31,3
Aug-2024,Call of Duty,Asia,4043828,1957480,286,55,8635794,490768,180147,19.76,5
Aug-2024,Call of Duty,Asia,4424831,2098917,245,48,6868569,399566,225527,10.8,4
Aug-2024,Call of Duty,Asia,4288981,1779550,240,54,8378007,575162,197462,15.08,3
Aug-2024,Call of Duty,Asia,4226544,1871510,283,55,6477107,479965,262465,10.58,2
Aug-2024,Call of Duty,Asia,4480410,2002003,255,63,9960696,633734,264025,17.25,1
Aug-2024,Call of Duty,Asia,4484053,2034579,257,47,10717502,504142,253590,22.39,5
Aug-2024,Call of Duty,Asia,4329401,1749786,221,51,10079235,354730,229752,10.48,3
Aug-2024,Call of Duty,Asia,4345601,1946464,252,49,7465072,220948,179044,11.35,2
Aug-2024,Call of Duty,South America,4322898,1907211,245,51,10805168,382617,106986,5.55,0
Aug-2024,Call of Duty,South America,4181911,1863957,261,51,10264428,293393,153085,7.1,1
Aug-2024,Call of Duty,South America,4261888,2014103,253,51,6752239,350417,205659,24.22,2
Aug-2024,Call of Duty,South America,4363679,1802634,265,49,6612276,339919,262708,20.89,3
Aug-2024,Call of Duty,South America,4097310,1844950,288,49,7685513,571626,196432,17.18,2
Aug-2024,Call of Duty,South America,4062838,1825565,263,50,9062398,407387,171500,24.96,4
Aug-2024,Call of Duty,South America,4126039,1996469,224,58,8335907,334787,210640,24.34,1
Aug-2024,Call of Duty,South America,4047187,1775503,263,56,9223527,385499,194604,15.42,0
Aug-2024,Call of Duty,South America,4233153,2016713,269,56,6354295,323154,229301,9.42,5
Aug-2024,Call of Duty,South America,4132470,1963958,279,46,6697704,226156,158002,19.68,3
Aug-2024,Call of Duty,South America,4054426,2022078,244,49,6440379,439747,157137,16.02,3
Aug-2024,Call of Duty,South America,4174427,2004583,259,54,8834111,456873,272940,19.4,0
Aug-2024,Call of Duty,South America,4246261,2009574,280,51,6722790,498977,315650,19.01,2
Aug-2024,Call of Duty,South America,4060355,1968738,245,51,7811457,463978,166039,17.89,0
Aug-2024,Call of Duty,South America,4312382,1842747,261,54,6926124,482808,254438,8.0,4
Aug-2024,Call of Duty,South America,4387946,1946420,262,51,8645553,503759,145644,5.95,3
Aug-2024,Call of Duty,South America,4319405,2197266,257,49,8746753,468374,159868,7.94,2
Aug-2024,Call of Duty,South America,4020303,2024184,251,48,8748621,223054,287373,13.46,1
Aug-2024,Call of Duty,South America,3940786,2028986,248,56,7028833,328808,191860,13.99,1
Aug-2024,Call of Duty,South America,3868743,1963267,276,49,8968485,376948,209510,17.47,3
Aug-2024,Call of Duty,Africa,3927759,1948616,238,52,7085482,357934,206701,21.99,5
Aug-2024,Call of Duty,Africa,4160208,2033528,259,54,8961568,413403,194387,18.6,0
Aug-2024,Call of Duty,Africa,4364579,1909412,258,51,8857923,339539,193144,23.91,5
Aug-2024,Call of Duty,Africa,4224753,1953075,244,51,6475903,517341,239671,5.02,4
Aug-2024,Call of Duty,Africa,4233077,1810858,258,55,7578147,528901,274377,16.64,4
Aug-2024,Call of Duty,Africa,4294710,1995149,245,53,9798089,384211,139210,5.45,2
Aug-2024,Call of Duty,Africa,4389447,1842945,271,55,10740360,477130,273387,7.3,1
Aug-2024,Call of Duty,Africa,4419832,1938078,259,50,7625037,386475,199494,10.69,1
Aug-2024,Call of Duty,Africa,4130564,1966701,265,51,6523745,446150,193917,19.67,3
Aug-2024,Call of Duty,Africa,4502334,1894810,224,47,6889766,509004,179808,7.93,1
Aug-2024,Call of Duty,Africa,4354172,1797603,245,52,7042949,422324,117985,21.14,0
Aug-2024,Call of Duty,Africa,3745130,1908898,233,51,9142696,341796,161133,9.82,1
Aug-2024,Call of Duty,Africa,4061890,1817830,231,48,7220448,420114,208910,5.22,4
Aug-2024,Call of Duty,Africa,4334751,1966418,215,49,8406913,360285,265520,13.21,0
Aug-2024,Call of Duty,Africa,3967174,1647555,241,50,8883055,390797,187026,21.33,0
Aug-2024,Call of Duty,Africa,4259107,1875172,225,53,7006264,333537,164593,10.32,5
Aug-2024,Call of Duty,Africa,4387892,2061516,233,48,8059430,520613,168540,13.79,4
Aug-2024,Call of Duty,Africa,4242234,1915197,269,53,6829047,411992,178061,21.44,3
Aug-2024,Call of Duty,Africa,4404539,1840792,263,53,8582994,314740,264248,13.5,4
Aug-2024,Call of Duty,Africa,4376849,1874394,244,55,7965170,259176,266190,11.09,0
Aug-2024,Call of Duty,Oceania,4044411,2181852,268,51,6919226,342969,194308,12.24,3
Aug-2024,Call of Duty,Oceania,3888449,2069719,256,51,9382635,404155,194933,12.53,4
Aug-2024,Call of Duty,Oceania,4204564,2014279,238,56,9933049,509477,207462,17.11,5
Aug-2024,Call of Duty,Oceania,4347004,2005998,265,54,8925206,390702,223980,22.57,5
Aug-2024,Call of Duty,Oceania,4264105,2162637,254,50,6588662,393023,91828,9.77,5
Aug-2024,Call of Duty,Oceania,4311256,2009899,256,50,8066396,413588,232564,6.23,2
Aug-2024,Call of Duty,Oceania,4290315,2051809,256,53,9911980,495630,242400,18.79,4
Aug-2024,Call of Duty,Oceania,4133552,2001030,235,49,9854677,385164,233520,20.96,1
Aug-2024,Call of Duty,Oceania,4379209,1947410,262,52,10128751,440747,159303,23.03,2
Aug-2024,Call of Duty,Oceania,4546168,1886256,252,47,7171741,484285,200802,19.81,4
Aug-2024,Call of Duty,Oceania,4105099,2086326,256,53,8894436,279605,202834,6.24,0
Aug-2024,Call of Duty,Oceania,4280630,1873050,250,48,7211621,481412,194763,18.73,3
Aug-2024,Call of Duty,Oceania,4704010,2006168,270,53,7436120,472654,313365,7.16,2
Aug-2024,Call of Duty,Oceania,4157394,2051196,260,53,7150408,389317,213548,18.57,4
Aug-2024,Call of Duty,Oceania,4391675,1883418,251,52,7586401,400512,249628,9.42,5
Aug-2024,Call of Duty,Oceania,4206699,1777722,251,57,7834623,332426,171269,15.54,5
Aug-2024,Call of Duty,Oceania,4221872,1941401,240,52,10184253,299588,207700,7.07,1
Aug-2024,Call of Duty,Oceania,4470411,1733303,253,53,9871132,427042,234563,10.91,0
Aug-2024,Call of Duty,Oceania,4581805,2050708,261,53,6999587,561115,260795,7.02,3
Aug-2024,Call of Duty,Oceania,4263368,2007505,235,60,9123253,477661,230792,11.07,0
Sep-2024,Call of Duty,NA,3876786,1882594,254,48,9391243,390246,223977,20.87,5
Sep-2024,Call of Duty,NA,4139474,1891097,253,52,9548082,535835,224713,7.72,2
Sep-2024,Call of Duty,NA,4537733,2041985,249,52,10590815,581804,186421,19.1,5
Sep-2024,Call of Duty,NA,4315367,1971331,257,47,9074956,328568,227305,21.59,4
Sep-2024,Call of Duty,NA,4371265,1901055,263,50,10019039,430730,201988,13.93,5
Sep-2024,Call of Duty,NA,4551318,2069362,266,52,11289101,481984,197572,21.56,0
Sep-2024,Call of Duty,NA,4253485,1990708,249,55,7357354,543094,234102,9.97,1
Sep-2024,Call of Duty,NA,4000686,2063040,250,48,7206193,504009,181256,5.01,1
Sep-2024,Call of Duty,NA,4466145,1947308,272,57,7877149,555756,254717,18.25,2
Sep-2024,Call of Duty,NA,4137224,2023887,248,50,9440812,356344,222334,10.3,4
Sep-2024,Call of Duty,NA,4160364,1847120,250,51,7161435,387710,182543,23.76,0
Sep-2024,Call of Duty,NA,4299613,1732719,255,53,9020354,500264,190633,7.9,5
Sep-2024,Call of Duty,NA,4292419,2028711,294,52,6661093,537926,199498,21.25,3
Sep-2024,Call of Duty,NA,3917660,2159976,253,55,8484778,333988,129416,13.3,0
Sep-2024,Call of Duty,NA,3969568,1957571,222,51,7503652,310864,185877,12.73,4
Sep-2024,Call of Duty,NA,4323046,2117184,232,50,10392358,393993,176146,24.49,2
Sep-2024,Call of Duty,NA,4513171,1975221,235,59,7143628,556116,197497,9.48,4
Sep-2024,Call of Duty,NA,4239215,1854228,270,46,9359850,431238,224871,11.94,4
Sep-2024,Call of Duty,NA,4355566,1815456,268,49,7167298,453788,184370,18.22,3
Sep-2024,Call of Duty,NA,4268374,2037384,250,50,8952475,462275,200829,21.68,3
Sep-2024,Call of Duty,EU,4244769,2116384,218,51,7976748,439096,145276,17.1,5
Sep-2024,Call of Duty,EU,4420602,2042069,235,53,9712737,428797,147846,12.03,5
Sep-2024,Call of Duty,EU,4113357,2082289,241,52,9971483,438624,223797,12.26,4
Sep-2024,Call of Duty,EU,4269758,1749684,246,50,7224150,390398,232703,18.4,1
Sep-2024,Call of Duty,EU,4277885,1870466,261,52,10577231,497089,181332,23.27,4
Sep-2024,Call of Duty,EU,4323082,1965265,271,56,6940842,433677,247193,23.21,2
Sep-2024,Call of Duty,EU,4160245,1866779,257,54,10303336,375224,215220,7.45,3
Sep-2024,Call of Duty,EU,4592029,1801665,237,54,9980817,572471,189731,12.75,0
Sep-2024,Call of Duty,EU,4176436,1870711,271,53,10337711,370177,232294,14.76,5
Sep-2024,Call of Duty,EU,4472890,1828218,240,48,8752407,276462,251853,13.15,5
Sep-2024,Call of Duty,EU,4495825,1899989,276,57,6842336,474964,233279,13.33,3
Sep-2024,Call of Duty,EU,4398714,2060794,256,53,8842202,504851,205290,11.54,2
Sep-2024,Call of Duty,EU,3901578,1965360,255,53,9691895,465811,139239,7.73,0
Sep-2024,Call of Duty,EU,4588151,1936160,275,52,7576396,410134,235598,22.01,0
Sep-2024,Call of Duty,EU,4033504,2025149,255,54,8603788,511955,214914,23.07,2
Sep-2024,Call of Duty,EU,4285214,1835152,236,53,7665328,399806,269443,21.28,2
Sep-2024,Call of Duty,EU,4053791,1964916,270,53,6576566,558034,234247,18.35,2
Sep-2024,Call of Duty,EU,4245751,1786136,254,50,10595887,374814,267312,10.63,0
Sep-2024,Call of Duty,EU,4299965,1929337,238,52,8780976,411614,279074,21.66,4
Sep-2024,Call of Duty,EU,4199605,1734971,252,52,7510966,370849,205525,12.45,1
Sep-2024,Call of Duty,Asia,4179200,1952741,238,52,7886056,460193,199316,23.9,0
Sep-2024,Call of Duty,Asia,4143463,1951637,258,49,8951460,369407,220663,23.82,5
Sep-2024,Call of Duty,Asia,4528169,2077000,275,47,9911043,428359,237581,24.68,3
Sep-2024,Call of Duty,Asia,4022740,1946886,248,50,8244971,445430,186425,16.12,0
Sep-2024,Call of Duty,Asia,4193676,1838276,260,53,8958297,406623,220225,22.82,2
Sep-2024,Call of Duty,Asia,3703231,1968884,269,55,7435859,326675,145292,21.14,4
Sep-2024,Call of Duty,Asia,4172081,1983050,262,46,8821757,482431,222838,9.75,1
Sep-2024,Call of Duty,Asia,4044671,1947938,261,55,6113385,347855,147873,10.76,4
Sep-2024,Call of Duty,Asia,4221621,2090975,282,57,10163247,478676,289921,16.81,3
Sep-2024,Call of Duty,Asia,4424975,1977350,249,49,7662174,309481,186810,23.99,3
Sep-2024,Call of Duty,Asia,4385289,1788498,245,50,10703806,479743,208081,17.95,4
Sep-2024,Call of Duty,Asia,4083542,1876796,285,49,10091335,394014,170364,15.86,4
Sep-2024,Call of Duty,Asia,4050829,1891577,231,54,7870668,339444,277350,19.19,3
Sep-2024,Call of Duty,Asia,3958640,1953378,254,55,6907771,500922,228420,16.27,1
Sep-2024,Call of Duty,Asia,4349536,1965419,232,47,8673439,342338,229415,17.44,3
Sep-2024,Call of Duty,Asia,4017396,1847431,233,57,9382464,337691,194292,18.78,0
Sep-2024,Call of Duty,Asia,4224416,1846546,239,51,7274117,521324,224749,22.54,2
Sep-2024,Call of Duty,Asia,4239607,2053935,261,48,8124117,387111,195425,22.43,5
Sep-2024,Call of Duty,Asia,3990210,1921308,233,54,9529179,365317,170959,13.63,0
Sep-2024,Call of Duty,Asia,4856691,1784897,239,50,8531565,543941,279514,13.45,0
Sep-2024,Call of Duty,South America,4145232,2005356,276,48,10235207,273883,149287,20.92,0
Sep-2024,Call of Duty,South America,4600180,1936374,253,51,10645629,483523,175836,9.36,4
Sep-2024,Call of Duty,South America,4016941,2012643,236,53,6988062,445759,191800,21.72,5
Sep-2024,Call of Duty,South America,3979753,1926146,254,52,8794281,306300,187911,15.97,3
Sep-2024,Call of Duty,South America,4520506,1967681,212,49,7557830,441137,185615,6.71,5
Sep-2024,Call of Duty,South America,4096335,1882639,239,50,9157998,358536,228740,13.96,5
Sep-2024,Call of Duty,South America,4299181,2148997,263,51,9762948,484537,220919,14.62,4
Sep-2024,Call of Duty,South America,4483948,1924185,254,49,6834034,430871,258721,19.52,2
Sep-2024,Call of Duty,South America,3826319,2076668,260,50,6565658,291831,123689,21.35,0
Sep-2024,Call of Duty,South America,4242381,1955489,265,53,8675511,457653,184429,9.59,5
Sep-2024,Call of Duty,South America,4181816,1973392,249,57,9268134,350199,240118,6.81,2
Sep-2024,Call of Duty,South America,4290195,1918230,278,52,7639567,370286,240513,16.99,2
Sep-2024,Call of Duty,South America,4415986,1903709,265,51,7065818,450767,233755,20.5,5
Sep-2024,Call of Duty,South America,4292073,1958976,244,49,7942581,434060,228267,20.13,5
Sep-2024,Call of Duty,South America,4118364,1789119,259,51,6569624,349237,223042,13.22,5
Sep-2024,Call of Duty,South America,4321195,2021417,257,51,8730971,336356,202559,11.93,1
Sep-2024,Call of Duty,South America,4360164,1938559,267,47,10249915,461842,230048,8.13,0
Sep-2024,Call of Duty,South America,4292827,1984003,251,58,10144634,455557,108202,9.53,3
Sep-2024,Call of Duty,South America,3945936,1918549,271,52,8097499,240134,199666,17.66,1
Sep-2024,Call of Duty,South America,4317636,1923071,232,45,10148475,459567,235731,6.3,0
Sep-2024,Call of Duty,Africa,4585471,1834526,241,54,9995386,377226,247222,10.43,3
Sep-2024,Call of Duty,Africa,3834255,1997910,253,53,7449045,344453,131754,18.25,3
Sep-2024,Call of Duty,Africa,4001976,1955174,269,49,9391406,292828,279552,8.82,4
Sep-2024,Call of Duty,Africa,4410273,1983434,257,47,8729054,307940,165069,7.31,5
Sep-2024,Call of Duty,Africa,4245429,1911367,243,50,8978766,464408,253077,16.27,1
Sep-2024,Call of Duty,Africa,4373285,1997584,241,49,8176136,469961,226511,24.37,4
Sep-2024,Call of Duty,Africa,4172250,1973963,222,51,10416116,627422,212580,11.52,2
Sep-2024,Call of Duty,Africa,4324520,1982972,258,56,9588883,353389,245897,11.13,5
Sep-2024,Call of Duty,Africa,4237002,1977999,240,56,8687332,413995,238593,6.44,4
Sep-2024,Call of Duty,Africa,3795398,1868089,240,55,8879692,436551,128888,23.83,2
Sep-2024,Call of Duty,Africa,4796819,1949064,236,56,8297423,457606,158099,20.3,0
Sep-2024,Call of Duty,Africa,4478086,2007559,283,50,9020090,457454,194239,18.09,1
Sep-2024,Call of Duty,Africa,4290868,1987085,253,53,7860355,326878,196273,11.72,3
Sep-2024,Call of Duty,Africa,4225829,1793613,255,52,7027896,564001,265929,7.19,4
Sep-2024,Call of Duty,Africa,4116517,2038507,270,51,7364699,456065,186010,9.48,1
Sep-2024,Call of Duty,Africa,4113064,1880137,246,50,7395739,372872,167480,18.82,3
Sep-2024,Call of Duty,Africa,4094537,2054409,255,50,9106894,394948,182852,12.3,2
Sep-2024,Call of Duty,Africa,4433311,1914105,235,49,7491919,433997,225101,19.08,0
Sep-2024,Call of Duty,Africa,4230326,1879915,265,49,10010299,583986,269241,18.72,1
Sep-2024,Call of Duty,Africa,4422499,1883699,262,55,11035146,465297,199712,6.09,2
Sep-2024,Call of Duty,Oceania,4183863,2114094,242,55,8726986,310932,206832,19.57,1
Sep-2024,Call of Duty,Oceania,4232536,1980167,228,61,9850314,595447,242089,20.49,3
Sep-2024,Call of Duty,Oceania,4427467,2097854,265,59,9699398,431987,189748,6.91,5
Sep-2024,Call of Duty,Oceania,4431250,1874775,235,53,7913823,288843,209967,15.78,4
Sep-2024,Call of Duty,Oceania,3970045,1748421,260,48,6816258,410130,200003,24.76,1
Sep-2024,Call of Duty,Oceania,4141171,1947699,263,50,8137422,461144,214046,23.09,0
Sep-2024,Call of Duty,Oceania,3853261,1940622,256,50,6523959,462422,194004,21.11,3
Sep-2024,Call of Duty,Oceania,3935780,1949065,256,55,6434224,409456,202112,10.66,5
Sep-2024,Call of Duty,Oceania,4081590,1877771,239,45,8865382,318600,272644,12.13,4
Sep-2024,Call of Duty,Oceania,4115073,1774201,269,54,7922206,538552,124963,11.55,5
Sep-2024,Call of Duty,Oceania,3915889,1838097,267,53,7183405,311215,168027,10.08,5
Sep-2024,Call of Duty,Oceania,4236828,1832754,252,52,6929274,178432,231951,11.56,2
Sep-2024,Call of Duty,Oceania,4166640,1961356,271,48,7735225,442165,198278,20.7,1
Sep-2024,Call of Duty,Oceania,4225414,1930285,267,45,9928585,456356,220020,8.42,3
Sep-2024,Call of Duty,Oceania,4321783,1964320,271,54,9663616,568069,148649,24.72,1
Sep-2024,Call of Duty,Oceania,4359159,1961388,273,51,8955853,232479,191382,15.44,5
Sep-2024,Call of Duty,Oceania,4406909,1969796,250,52,7362131,440127,241661,17.13,2
Sep-2024,Call of Duty,Oceania,3844981,2116305,271,51,7650613,503267,185988,18.0,5
Sep-2024,Call of Duty,Oceania,4414407,2174491,250,49,7617332,529912,177251,18.59,3
Sep-2024,Call of Duty,Oceania,4324018,2010401,260,51,8342950,385979,157865,16.03,3
Oct-2024,Call of Duty,NA,4430772,1930417,253,54,10106217,415496,255089,18.25,2
Oct-2024,Call of Duty,NA,4351147,1914034,244,49,6635342,246233,215357,23.76,4
Oct-2024,Call of Duty,NA,4209508,2013320,264,50,7118743,431234,176233,17.64,4
Oct-2024,Call of Duty,NA,3800447,2015618,260,48,7145021,310747,156569,21.7,0
Oct-2024,Call of Duty,NA,4353287,2073643,290,46,8406116,483632,159243,15.59,3
Oct-2024,Call of Duty,NA,4500099,1787465,254,52,10789664,344886,207580,14.03,2
Oct-2024,Call of Duty,NA,4377469,1896935,266,58,10264647,519948,195692,5.53,5
Oct-2024,Call of Duty,NA,4517357,2137572,249,48,10232378,308458,202526,14.15,2
Oct-2024,Call of Duty,NA,4540280,1994156,222,59,7938967,512788,195601,22.7,2
Oct-2024,Call of Duty,NA,4342830,1925165,251,53,8805710,473068,240671,13.9,4
Oct-2024,Call of Duty,NA,4210945,1965381,255,54,10043588,365073,210220,17.51,5
Oct-2024,Call of Duty,NA,4069235,1993373,228,52,7551921,563598,135226,7.45,3
Oct-2024,Call of Duty,NA,4475272,2007365,211,54,10966072,395326,263741,17.19,5
Oct-2024,Call of Duty,NA,4303690,2009710,248,50,10128034,376089,176605,18.89,5
Oct-2024,Call of Duty,NA,4218734,1967380,249,50,9796999,369929,186917,9.63,1
Oct-2024,Call of Duty,NA,4049226,1879949,244,54,9577963,591379,210914,14.53,4
Oct-2024,Call of Duty,NA,4310655,2091938,244,54,9158770,464508,212476,7.4,4
Oct-2024,Call of Duty,NA,4384095,2069888,244,54,8130885,503059,157660,17.08,4
Oct-2024,Call of Duty,NA,4126923,2081915,239,53,7434679,402915,186589,17.42,2
Oct-2024,Call of Duty,NA,4142380,1904327,256,54,9526869,478021,195171,22.95,1
Oct-2024,Call of Duty,EU,4289773,1842924,266,47,10341289,350103,235232,7.62,1
Oct-2024,Call of Duty,EU,4143732,2096990,243,54,8987541,220397,221516,9.99,5
Oct-2024,Call of Duty,EU,4152185,1970701,252,43,8728276,288626,142996,24.25,5
Oct-2024,Call of Duty,EU,4490574,1861309,252,55,8679919,470969,252767,11.93,3
Oct-2024,Call of Duty,EU,3847131,1905890,269,48,9522059,296931,148634,8.93,0
Oct-2024,Call of Duty,EU,4077146,1917113,273,47,7295966,418563,210310,6.27,4
Oct-2024,Call of Duty,EU,4430348,2040322,261,55,8120506,488717,226107,6.86,4
Oct-2024,Call of Duty,EU,4113015,1904227,242,48,9419722,312228,213524,22.38,0
Oct-2024,Call of Duty,EU,4230297,1986021,229,50,8525572,494668,206811,23.4,3
Oct-2024,Call of Duty,EU,4218350,2050322,226,47,6639119,369090,182630,13.83,5
Oct-2024,Call of Duty,EU,4142217,1962845,288,51,10070155,416645,185270,21.86,1
Oct-2024,Call of Duty,EU,4337376,1852038,263,50,10136321,545542,164298,23.03,5
Oct-2024,Call of Duty,EU,4106736,1946956,241,50,7027575,228779,236272,14.17,2
Oct-2024,Call of Duty,EU,4323616,2016391,236,52,8609506,427772,153538,23.9,5
Oct-2024,Call of Duty,EU,4291886,2147589,286,49,10036979,364608,204181,21.14,1
Oct-2024,Call of Duty,EU,3999958,2064417,285,57,6276289,372820,267060,17.94,5
Oct-2024,Call of Duty,EU,4208707,1976567,260,55,9520895,382678,230618,21.36,5
Oct-2024,Call of Duty,EU,4241951,1776159,238,52,6732887,517420,244202,12.56,3
Oct-2024,Call of Duty,EU,4565841,2005930,259,48,7619052,394283,328979,16.8,1
Oct-2024,Call of Duty,EU,3866274,2068003,256,53,7075583,410610,231429,19.26,4
Oct-2024,Call of Duty,Asia,4251809,1892130,259,52,6721514,547162,272152,11.34,2
Oct-2024,Call of Duty,Asia,4146809,1975990,257,54,7130446,409322,171057,23.73,4
Oct-2024,Call of Duty,Asia,4090839,2009083,260,50,9661694,428619,242648,23.6,5
Oct-2024,Call of Duty,Asia,4097779,1984522,274,51,7527606,466043,269587,9.14,3
Oct-2024,Call of Duty,Asia,3948799,1948056,254,52,8614615,412663,164201,8.42,5
Oct-2024,Call of Duty,Asia,4259946,1783834,240,49,6909945,464818,197518,5.54,1
Oct-2024,Call of Duty,Asia,4160721,1876185,256,52,7534436,447628,239355,10.61,5
Oct-2024,Call of Duty,Asia,4081850,1831336,247,56,9886169,417108,162458,6.41,2
Oct-2024,Call of Duty,Asia,3825896,1982440,235,51,6298255,425533,242795,10.49,1
Oct-2024,Call of Duty,Asia,3950056,1863610,266,49,8553648,445704,207150,15.32,5
Oct-2024,Call of Duty,Asia,4364964,1885739,266,54,9243832,397582,202242,19.0,5
Oct-2024,Call of Duty,Asia,4719393,1934291,246,50,11765450,252421,178225,10.86,5
Oct-2024,Call of Duty,Asia,4096437,1860828,266,54,7324154,291730,238255,20.36,2
Oct-2024,Call of Duty,Asia,4001646,2056363,249,49,6138966,282862,186380,19.22,2
Oct-2024,Call of Duty,Asia,4655953,2042464,270,51,7463563,431733,292835,14.62,5
Oct-2024,Call of Duty,Asia,4315792,1856972,253,52,7606203,291723,195054,14.89,2
Oct-2024,Call of Duty,Asia,4695995,1960180,233,57,10332415,406651,208809,19.8,4
Oct-2024,Call of Duty,Asia,4393407,1921121,259,52,10687536,348948,237934,16.06,5
Oct-2024,Call of Duty,Asia,3985016,2052092,252,51,9201840,452502,178171,6.1,3
Oct-2024,Call of Duty,Asia,4138655,2148639,255,47,6513396,375933,197467,7.06,3
Oct-2024,Call of Duty,South America,4153462,1777558,248,49,10381899,408917,285916,6.97,2
Oct-2024,Call of Duty,South America,4585010,1908817,266,49,11088411,377426,265115,15.01,5
Oct-2024,Call of Duty,South America,4437270,1826565,247,54,7768992,460522,158534,5.74,2
Oct-2024,Call of Duty,South America,3975410,1914874,261,50,6658612,395751,242360,8.83,3
Oct-2024,Call of Duty,South America,4328356,2182520,243,53,9262582,455057,266896,7.4,4
Oct-2024,Call of Duty,South America,4412995,1915566,277,54,7572571,495823,242965,11.53,3
Oct-2024,Call of Duty,South America,4507021,1851935,243,51,10856606,579146,233205,7.79,4
Oct-2024,Call of Duty,South America,3679660,1951217,249,47,6107189,261935,181710,6.45,5
Oct-2024,Call of Duty,South America,4278775,1979338,254,50,7000914,427273,246944,7.8,3
Oct-2024,Call of Duty,South America,4068418,1978098,270,53,7018564,473843,183005,15.85,0
Oct-2024,Call of Duty,South America,4283263,1952822,261,51,8878731,550350,190233,5.22,3
Oct-2024,Call of Duty,South America,4349297,1851915,285,54,10594724,388765,242275,22.78,4
Oct-2024,Call of Duty,South America,3973090,1722626,248,56,8898958,302838,193818,10.48,3
Oct-2024,Call of Duty,South America,4179761,1875184,273,53,7714425,516808,229286,22.82,5
Oct-2024,Call of Duty,South America,4169351,2069525,230,49,9977259,226680,271832,21.27,3
Oct-2024,Call of Duty,South America,4089117,1989052,258,45,8799551,408395,215249,12.82,2
Oct-2024,Call of Duty,South America,4413168,1904337,227,49,6710774,557116,263008,23.67,2
Oct-2024,Call of Duty,South America,4158322,1950307,267,52,7448265,465873,180986,10.04,1
Oct-2024,Call of Duty,South America,3990135,2043941,252,47,9617112,506793,234894,9.26,0
Oct-2024,Call of Duty,South America,4612911,2032994,273,49,8199583,406773,245625,12.99,1
Oct-2024,Call of Duty,Africa,4457092,1994637,230,51,7659033,542599,262391,17.83,3
Oct-2024,Call of Duty,Africa,4152291,1948803,228,55,6892759,545950,159898,11.08,4
Oct-2024,Call of Duty,Africa,4357543,1999184,225,46,9939890,394449,236298,14.7,2
Oct-2024,Call of Duty,Africa,4233649,1906855,222,48,8503343,315448,213177,11.03,4
Oct-2024,Call of Duty,Africa,4448998,1798667,246,52,7032265,462154,176311,11.26,4
Oct-2024,Call of Duty,Africa,4377637,1933192,249,50,9300429,486048,201775,10.57,5
Oct-2024,Call of Duty,Africa,3999744,1971259,258,43,9386614,278278,274804,23.36,5
Oct-2024,Call of Duty,Africa,4226410,1837687,265,51,8952547,338872,183325,8.98,5
Oct-2024,Call of Duty,Africa,4233400,1906127,265,49,7893935,464633,266783,13.49,2
Oct-2024,Call of Duty,Africa,4172915,2073441,234,51,8872760,525251,215565,10.48,5
Oct-2024,Call of Duty,Africa,4562604,1969804,258,47,9390151,510650,252195,5.41,5
Oct-2024,Call of Duty,Africa,4453711,2049606,232,52,8862946,459047,267435,22.82,4
Oct-2024,Call of Duty,Africa,3998878,1766201,266,51,7672165,527349,234483,7.27,4
Oct-2024,Call of Duty,Africa,4179432,1877919,235,52,10047924,409063,186219,12.91,1
Oct-2024,Call of Duty,Africa,4130887,2041617,262,49,8188767,325836,224333,14.45,0
Oct-2024,Call of Duty,Africa,3832351,1922843,239,49,6380932,435549,263917,18.22,5
Oct-2024,Call of Duty,Africa,4223422,2107122,256,56,7314578,502159,247936,16.9,5
Oct-2024,Call of Duty,Africa,4294160,1983305,246,47,10182187,452993,130623,23.51,3
Oct-2024,Call of Duty,Africa,4444196,1987794,281,47,10999228,631279,200591,5.66,3
Oct-2024,Call of Duty,Africa,4043583,1946630,265,52,8864078,546913,163005,14.51,1
Oct-2024,Call of Duty,Oceania,3930425,1972812,245,49,7665807,383091,87964,19.23,0
Oct-2024,Call of Duty,Oceania,4183796,1966039,261,50,10150206,434680,245195,8.5,0
Oct-2024,Call of Duty,Oceania,4332252,1818094,248,55,8474609,506764,157519,9.84,5
Oct-2024,Call of Duty,Oceania,4390438,1884152,232,47,10715296,334796,316715,11.43,0
Oct-2024,Call of Duty,Oceania,4183001,1914544,252,54,8621689,375849,206242,9.24,0
Oct-2024,Call of Duty,Oceania,4105105,2011819,260,49,8339105,421845,180392,12.43,1
Oct-2024,Call of Duty,Oceania,4075120,1871120,265,48,6713701,494476,271199,19.77,1
Oct-2024,Call of Duty,Oceania,4533083,2097099,283,55,11022364,549186,132755,16.38,5
Oct-2024,Call of Duty,Oceania,4522860,1932916,272,50,9340832,391644,214039,14.27,0
Oct-2024,Call of Duty,Oceania,4215892,1940864,266,49,9014529,390166,192370,23.0,1
Oct-2024,Call of Duty,Oceania,4129913,1850943,244,47,8871557,290652,193800,20.76,0
Oct-2024,Call of Duty,Oceania,4253602,1995341,278,49,7486001,314963,230562,10.09,5
Oct-2024,Call of Duty,Oceania,4162483,1807171,254,48,6972499,448685,146249,15.74,2
Oct-2024,Call of Duty,Oceania,4306275,1940674,266,49,8626462,486919,234177,14.78,0
Oct-2024,Call of Duty,Oceania,4134759,1988294,244,54,6331675,460430,223954,15.35,3
Oct-2024,Call of Duty,Oceania,4160688,1991289,252,52,7299756,464904,193392,20.27,4
Oct-2024,Call of Duty,Oceania,4486076,1939707,255,45,7400049,468650,161639,12.51,4
Oct-2024,Call of Duty,Oceania,4309473,1967974,266,55,8709201,509664,301743,18.66,4
Oct-2024,Call of Duty,Oceania,4140353,1862787,242,50,7547092,456132,214915,22.67,1
Oct-2024,Call of Duty,Oceania,4249291,1990144,263,51,10194132,418193,262167,21.42,3
Nov-2024,Call of Duty,NA,3939907,2045887,253,46,6745508,355978,162931,5.23,1
Nov-2024,Call of Duty,NA,4071381,2234614,258,55,7095313,539846,235125,19.33,2
Nov-2024,Call of Duty,NA,4396765,1978208,247,54,9006187,391251,247342,10.11,1
Nov-2024,Call of Duty,NA,4132778,2129946,268,52,8703693,395801,236284,24.27,2
Nov-2024,Call of Duty,NA,4324680,1950984,232,53,9456128,432209,187935,24.27,3
Nov-2024,Call of Duty,NA,3943201,2006709,263,53,6759776,380663,215206,22.34,2
Nov-2024,Call of Duty,NA,4805212,2181945,263,58,8288348,473302,239052,8.21,2
Nov-2024,Call of Duty,NA,4387265,1941626,239,48,7754464,390745,278082,22.63,1
Nov-2024,Call of Duty,NA,4247460,1874744,264,50,8191876,361371,182445,18.54,0
Nov-2024,Call of Duty,NA,4386979,1911545,253,55,9863017,300802,149281,14.31,0
Nov-2024,Call of Duty,NA,4162102,1880177,263,45,8841521,405854,198611,9.05,4
Nov-2024,Call of Duty,NA,4070047,1891247,250,57,6190830,407372,166290,11.73,2
Nov-2024,Call of Duty,NA,3948988,1973132,259,44,6217394,296617,150912,17.37,1
Nov-2024,Call of Duty,NA,4530145,1929859,267,47,10035743,446742,227692,18.77,5
Nov-2024,Call of Duty,NA,4251653,1822801,266,55,8674087,469878,247073,12.26,4
Nov-2024,Call of Duty,NA,4220715,2043151,234,52,7082503,347780,279831,21.25,1
Nov-2024,Call of Duty,NA,4001845,1916865,269,51,9120542,314927,225578,12.26,2
Nov-2024,Call of Duty,NA,4327845,2011854,263,56,6921458,336167,299715,9.31,0
Nov-2024,Call of Duty,NA,4538306,1960666,258,51,7035827,383014,233344,8.29,2
Nov-2024,Call of Duty,NA,4177332,1882754,231,50,8355070,579195,251279,22.57,4
Nov-2024,Call of Duty,EU,4443412,2057975,253,54,8438800,402554,179748,16.65,2
Nov-2024,Call of Duty,EU,4079780,2074205,260,54,6485364,318215,204917,11.86,5
Nov-2024,Call of Duty,EU,4011760,1942621,229,49,7520632,267815,226700,5.02,1
Nov-2024,Call of Duty,EU,4403021,1906013,239,54,7382735,481598,225145,13.09,4
Nov-2024,Call of Duty,EU,4311485,2047043,237,48,9609257,271281,172253,21.67,1
Nov-2024,Call of Duty,EU,4565895,1960538,232,57,10002599,355184,246758,14.73,3
Nov-2024,Call of Duty,EU,4564209,1894693,277,53,10416714,585912,235677,19.67,0
Nov-2024,Call of Duty,EU,3901672,1967270,260,45,6900989,561000,240818,11.23,4
Nov-2024,Call of Duty,EU,4107624,1983281,240,49,8545712,326498,235415,12.32,0
Nov-2024,Call of Duty,EU,4120159,1985045,258,49,6786911,486288,165277,20.34,2
Nov-2024,Call of Duty,EU,4500315,2023413,237,47,11244012,551238,175224,7.66,5
Nov-2024,Call of Duty,EU,4092538,2110542,268,54,7270689,475302,206691,13.03,5
Nov-2024,Call of Duty,EU,4451207,1975655,262,52,9544992,524689,144113,24.77,5
Nov-2024,Call of Duty,EU,4273482,1943551,274,53,8215222,317010,284119,16.8,1
Nov-2024,Call of Duty,EU,4110184,1938271,275,54,7045736,346931,198545,18.14,1
Nov-2024,Call of Duty,EU,4527040,1849088,243,51,7785519,430848,257246,23.68,0
Nov-2024,Call of Duty,EU,4221412,1944192,234,55,6787579,389663,237932,11.62,5
Nov-2024,Call of Duty,EU,4270167,1851911,272,54,6810900,442607,274501,23.89,1
Nov-2024,Call of Duty,EU,3843838,2052588,228,53,9492668,514385,184760,9.43,4
Nov-2024,Call of Duty,EU,4030677,1975817,263,50,6098899,510877,245866,10.52,1
Nov-2024,Call of Duty,Asia,4235532,2138662,253,46,6600154,482567,280735,9.0,3
Nov-2024,Call of Duty,Asia,4162396,1943579,249,51,7272774,394577,185396,11.84,4
Nov-2024,Call of Duty,Asia,4289551,1995806,253,53,9729204,327059,322214,16.96,0
Nov-2024,Call of Duty,Asia,4202700,1841841,258,50,7615349,381230,206035,22.91,1
Nov-2024,Call of Duty,Asia,4169687,1921473,260,53,8972389,352683,215506,13.27,3
Nov-2024,Call of Duty,Asia,3963130,1921421,251,50,6851917,392967,217066,6.78,5
Nov-2024,Call of Duty,Asia,4325454,2057369,250,52,10137071,482747,229810,7.5,3
Nov-2024,Call of Duty,Asia,4192646,2044414,228,57,10377397,430229,249715,11.54,5
Nov-2024,Call of Duty,Asia,4297821,1993033,258,51,9827817,380420,200813,17.11,0
Nov-2024,Call of Duty,Asia,4482360,2072878,260,51,10451879,573647,192612,24.27,1
Nov-2024,Call of Duty,Asia,4198251,1868746,258,56,7884100,453437,235450,19.73,1
Nov-2024,Call of Duty,Asia,3843839,2017412,281,55,6787937,438833,210632,10.6,2
Nov-2024,Call of Duty,Asia,4411974,2005225,261,51,9314126,431268,149654,21.1,0
Nov-2024,Call of Duty,Asia,4179374,1936208,259,56,7100707,455188,221054,22.12,0
Nov-2024,Call of Duty,Asia,3864068,1899377,268,49,8581720,384513,173755,9.6,4
Nov-2024,Call of Duty,Asia,4111916,2006925,270,50,9554109,530276,205998,6.87,5
Nov-2024,Call of Duty,Asia,4112972,1822146,264,55,9188965,384529,242027,24.09,4
Nov-2024,Call of Duty,Asia,4222235,1995809,270,57,7429340,329120,215426,20.12,1
Nov-2024,Call of Duty,Asia,4419835,1985940,262,52,7225455,474561,267711,14.26,3
Nov-2024,Call of Duty,Asia,4106292,2064730,254,53,7690447,392060,215047,21.19,2
Nov-2024,Call of Duty,South America,4510814,1891432,248,48,9998500,505639,262244,13.14,1
Nov-2024,Call of Duty,South America,4262054,1907922,253,55,9042711,265080,176946,21.02,2
Nov-2024,Call of Duty,South America,3856152,2062358,225,52,9009851,449183,159988,16.84,2
Nov-2024,Call of Duty,South America,4515578,2086139,248,50,8416315,474816,172535,21.48,0
Nov-2024,Call of Duty,South America,4209977,1876792,227,48,9395029,314844,218433,11.3,4
Nov-2024,Call of Duty,South America,3899338,1961813,287,45,6924136,359344,197544,9.0,0
Nov-2024,Call of Duty,South America,4356837,1956897,261,45,8111782,435340,324657,22.82,0
Nov-2024,Call of Duty,South America,4533722,1934577,246,52,9795371,358047,257650,20.01,5
Nov-2024,Call of Duty,South America,4231562,1725622,224,57,8795011,384474,238851,10.31,3
Nov-2024,Call of Duty,South America,4642919,1853330,265,56,10575985,418657,279732,7.34,1
Nov-2024,Call of Duty,South America,4404174,1993473,235,52,6796194,397134,178837,21.25,0
Nov-2024,Call of Duty,South America,4013596,2136552,242,50,6860012,441221,283916,6.53,1
Nov-2024,Call of Duty,South America,4270348,2070699,257,54,6957947,439440,166843,24.42,5
Nov-2024,Call of Duty,South America,4255788,2067547,283,50,9790575,488304,261197,14.57,5
Nov-2024,Call of Duty,South America,4232967,2009912,223,52,7191539,252989,212115,10.35,4
Nov-2024,Call of Duty,South America,4393599,2119163,241,51,8712273,452098,250313,13.4,4
Nov-2024,Call of Duty,South America,4151833,2135428,261,51,7150010,346856,228389,17.35,2
Nov-2024,Call of Duty,South America,4543586,1953910,286,49,7496927,355171,214975,7.27,4
Nov-2024,Call of Duty,South America,4134019,1946348,226,52,7049486,488958,271809,21.21,0
Nov-2024,Call of Duty,South America,4561775,1995339,249,51,8914793,559651,227168,7.74,1
Nov-2024,Call of Duty,Africa,4352750,1954901,255,53,6920819,404205,214829,19.34,3
Nov-2024,Call of Duty,Africa,4211432,1888832,276,54,8393885,582663,211081,23.77,5
Nov-2024,Call of Duty,Africa,4032711,1959498,264,50,8939406,555848,178394,20.27,4
Nov-2024,Call of Duty,Africa,3911875,2045869,260,45,6033943,428992,173794,7.5,0
Nov-2024,Call of Duty,Africa,4344260,1888812,273,51,6612658,401477,186206,24.38,1
Nov-2024,Call of Duty,Africa,4276053,1999493,232,48,10491332,428650,209671,14.54,5
Nov-2024,Call of Duty,Africa,4371129,1967996,262,48,7320043,387969,201211,9.14,1
Nov-2024,Call of Duty,Africa,3986552,1913473,254,52,9519634,372052,209822,5.9,2
Nov-2024,Call of Duty,Africa,4193097,1864144,256,50,10407024,369997,205425,9.98,2
Nov-2024,Call of Duty,Africa,4139108,1871046,230,45,8623443,421483,292311,12.06,4
Nov-2024,Call of Duty,Africa,4120706,1976377,250,55,9249111,496267,163883,16.81,0
Nov-2024,Call of Duty,Africa,4586161,2073447,269,51,8842893,442988,233212,23.79,2
Nov-2024,Call of Duty,Africa,4250891,1878484,247,51,7608151,390185,218315,13.72,3
Nov-2024,Call of Duty,Africa,4397043,1856483,254,51,9122774,311248,209089,17.64,5
Nov-2024,Call of Duty,Africa,4398104,1939145,260,51,6797742,667931,174071,20.08,5
Nov-2024,Call of Duty,Africa,3799750,1918419,250,48,8746613,419026,211550,15.29,4
Nov-2024,Call of Duty,Africa,3911644,1779773,278,52,9167257,511178,258110,17.81,3
Nov-2024,Call of Duty,Africa,4067717,1971674,248,52,7063518,465544,186773,15.16,3
Nov-2024,Call of Duty,Africa,4277995,2036617,241,55,8954917,438374,251721,15.04,2
Nov-2024,Call of Duty,Africa,4396016,2001005,232,48,6951713,497913,226328,6.62,0
Nov-2024,Call of Duty,Oceania,4264130,2074400,259,49,7890995,407682,172604,18.61,4
Nov-2024,Call of Duty,Oceania,4388402,1891932,225,54,10107670,451207,244458,13.43,3
Nov-2024,Call of Duty,Oceania,4324126,2117894,285,47,7195396,579093,86211,5.91,3
Nov-2024,Call of Duty,Oceania,4456191,1980848,254,53,8498501,528216,157324,8.52,1
Nov-2024,Call of Duty,Oceania,4684122,1953385,244,55,8453146,419955,209335,20.98,2
Nov-2024,Call of Duty,Oceania,4187149,1849419,259,56,7462252,413192,256297,23.56,4
Nov-2024,Call of Duty,Oceania,4421099,1917480,234,54,9452723,408040,214706,18.18,4
Nov-2024,Call of Duty,Oceania,4312521,1984857,245,56,9058069,448299,240182,22.59,0
Nov-2024,Call of Duty,Oceania,4338982,1940890,243,45,10393502,364056,166302,13.52,4
Nov-2024,Call of Duty,Oceania,4005075,1891808,270,52,8962804,490322,208982,21.53,0
Nov-2024,Call of Duty,Oceania,4391015,2032905,252,50,9372431,489502,261992,12.18,0
Nov-2024,Call of Duty,Oceania,4469374,1973490,235,50,9622381,305373,170527,10.05,4
Nov-2024,Call of Duty,Oceania,3907603,1918019,260,55,6369479,374952,230111,19.19,1
Nov-2024,Call of Duty,Oceania,4051012,2007425,266,47,6486743,388486,214274,22.59,4
Nov-2024,Call of Duty,Oceania,3981577,1777659,249,53,9850752,402652,148086,19.84,3
Nov-2024,Call of Duty,Oceania,4531186,1847726,252,48,7748476,370689,295850,15.6,2
Nov-2024,Call of Duty,Oceania,4588163,1831522,281,53,8048981,604729,235296,24.28,0
Nov-2024,Call of Duty,Oceania,4052355,1808268,256,53,8779537,603381,184528,9.92,3
Nov-2024,Call of Duty,Oceania,4166961,1930599,253,51,7048423,277486,216981,17.74,2
Nov-2024,Call of Duty,Oceania,4083505,2034675,251,57,7394536,510093,247660,20.71,5
Dec-2024,Call of Duty,NA,4417689,1817642,238,49,9889627,417631,215108,20.48,0
Dec-2024,Call of Duty,NA,3994217,1794150,238,53,6892796,440340,182239,21.6,3
Dec-2024,Call of Duty,NA,4775652,1785758,264,48,10423120,446029,215390,20.35,2
Dec-2024,Call of Duty,NA,4479398,1943846,265,47,7386788,465712,189245,14.03,1
Dec-2024,Call of Duty,NA,4134246,2181075,270,48,10286791,446934,204898,24.9,3
Dec-2024,Call of Duty,NA,4235677,1972490,271,52,6505180,540524,182560,21.97,0
Dec-2024,Call of Duty,NA,3849363,1918734,260,50,6205767,386285,242294,22.24,1
Dec-2024,Call of Duty,NA,4105650,1891829,242,53,9364909,419168,138896,21.18,5
Dec-2024,Call of Duty,NA,4467549,1874539,245,52,9806223,380965,152465,18.58,2
Dec-2024,Call of Duty,NA,4263621,1821556,230,51,8203852,384686,192798,13.95,5
Dec-2024,Call of Duty,NA,3990281,1907894,227,46,7355995,483668,226835,18.34,5
Dec-2024,Call of Duty,NA,4272024,1925732,258,47,9135124,446748,222136,21.27,5
Dec-2024,Call of Duty,NA,4250817,2095750,245,51,9999413,395993,162690,21.49,5
Dec-2024,Call of Duty,NA,4075885,1894643,233,52,7406977,470879,269507,24.28,0
Dec-2024,Call of Duty,NA,4139251,1938892,256,51,9278285,406384,162111,20.39,0
Dec-2024,Call of Duty,NA,4708904,1872922,281,53,9490034,716401,243743,10.63,3
Dec-2024,Call of Duty,NA,4207692,1965383,227,57,9405454,389131,167244,9.24,5
Dec-2024,Call of Duty,NA,4226444,1869160,240,57,8011259,397289,269163,16.95,4
Dec-2024,Call of Duty,NA,4367741,1952625,253,48,8546341,525988,198572,19.08,3
Dec-2024,Call of Duty,NA,4255734,2077169,254,47,10161935,309841,156480,7.03,3
Dec-2024,Call of Duty,EU,3829909,1874290,277,57,6843718,314221,275112,22.41,5
Dec-2024,Call of Duty,EU,4067177,1951965,262,50,6294459,369945,206226,8.97,3
Dec-2024,Call of Duty,EU,4002460,1763640,260,45,9179081,358107,273419,10.69,3
Dec-2024,Call of Duty,EU,4078035,1936086,251,54,7480268,392415,192075,13.28,5
Dec-2024,Call of Duty,EU,4405797,2033447,255,52,7387501,257709,164953,23.66,2
Dec-2024,Call of Duty,EU,4647833,1995780,258,51,9172605,433759,226747,19.05,5
Dec-2024,Call of Duty,EU,4207565,1918191,252,51,10393060,297661,255978,12.79,3
Dec-2024,Call of Duty,EU,4266264,1908727,236,47,10563107,390263,202281,7.98,4
Dec-2024,Call of Duty,EU,3955734,1883623,290,54,9169161,412330,168983,8.6,3
Dec-2024,Call of Duty,EU,4336190,1943313,245,53,7308399,525735,207944,15.32,2
Dec-2024,Call of Duty,EU,4516112,1736288,251,54,8938672,561149,208638,11.47,2
Dec-2024,Call of Duty,EU,3821348,1935949,252,52,8080033,299068,194887,7.86,3
Dec-2024,Call of Duty,EU,4308726,1933034,272,52,9186266,407777,191034,10.59,1
Dec-2024,Call of Duty,EU,4580480,2003433,251,51,6872638,286925,253094,8.43,4
Dec-2024,Call of Duty,EU,4358882,2001704,253,52,8918945,332555,155668,18.17,3
Dec-2024,Call of Duty,EU,3919310,1954080,246,45,6809116,454847,205842,12.71,5
Dec-2024,Call of Duty,EU,4166895,1837093,281,51,8867931,437313,189835,10.3,0
Dec-2024,Call of Duty,EU,4117840,2033224,256,51,10120731,484613,191432,7.71,2
Dec-2024,Call of Duty,EU,4373114,2108544,249,54,7078451,413580,192604,16.1,4
Dec-2024,Call of Duty,EU,4365681,1836304,289,49,7678478,475893,223163,20.58,0
Dec-2024,Call of Duty,Asia,4268688,1911150,269,54,10035527,346790,179713,15.53,3
Dec-2024,Call of Duty,Asia,4378554,1828372,281,53,9377648,297341,186848,5.02,3
Dec-2024,Call of Duty,Asia,4084542,1823941,236,49,8939211,485419,253060,16.91,0
Dec-2024,Call of Duty,Asia,4116706,2036160,257,54,6261956,369988,148885,24.77,1
Dec-2024,Call of Duty,Asia,4237776,2059375,240,49,7695208,488152,252124,19.85,4
Dec-2024,Call of Duty,Asia,4234786,1747911,272,52,9253649,332406,284253,5.61,4
Dec-2024,Call of Duty,Asia,4176178,2078665,263,43,9348023,536942,162881,11.33,1
Dec-2024,Call of Duty,Asia,4237556,1707376,250,55,7648066,381512,227693,17.31,1
Dec-2024,Call of Duty,Asia,4357791,1933227,246,55,8441639,380822,154968,12.83,3
Dec-2024,Call of Duty,Asia,4412815,1882498,270,53,10178098,591975,271781,19.98,0
Dec-2024,Call of Duty,Asia,4470866,1863241,275,55,9799037,383401,189446,11.93,1
Dec-2024,Call of Duty,Asia,4209149,1957444,228,51,8645230,273879,194519,11.36,2
Dec-2024,Call of Duty,Asia,4169407,2000093,282,51,7318915,343273,208912,17.51,4
Dec-2024,Call of Duty,Asia,3830925,2006471,263,55,7614578,449272,168754,14.05,2
Dec-2024,Call of Duty,Asia,4710567,1979556,234,49,8496232,376884,244231,5.74,5
Dec-2024,Call of Duty,Asia,4365088,1745222,264,53,9819026,452247,211211,10.42,4
Dec-2024,Call of Duty,Asia,4122479,1986971,275,57,9943078,338341,118082,5.58,4
Dec-2024,Call of Duty,Asia,4131177,2016085,227,52,8148229,400714,240172,18.02,4
Dec-2024,Call of Duty,Asia,4404597,2072896,228,52,7292036,561146,280270,8.88,2
Dec-2024,Call of Duty,Asia,4128670,2086121,258,57,7919104,455218,179223,10.67,5
Dec-2024,Call of Duty,South America,4382222,1994818,246,53,8154921,324940,240364,16.39,4
Dec-2024,Call of Duty,South America,4085287,1920712,257,55,7680911,552032,245046,21.04,3
Dec-2024,Call of Duty,South America,4222062,1921324,240,54,7640342,331646,175527,22.93,2
Dec-2024,Call of Duty,South America,3675631,1803278,264,56,6561680,260407,189526,10.05,2
Dec-2024,Call of Duty,South America,3986202,1830622,269,48,9409081,474823,156827,13.69,3
Dec-2024,Call of Duty,South America,4012519,2019424,240,55,6414605,601239,260796,11.35,5
Dec-2024,Call of Duty,South America,4521648,1925712,290,52,7452132,507511,214046,19.39,5
Dec-2024,Call of Duty,South America,4130734,2022169,260,50,9213207,380403,177062,20.05,4
Dec-2024,Call of Duty,South America,4446436,1970361,286,57,6985648,312696,230894,23.66,1
Dec-2024,Call of Duty,South America,4247402,1971263,276,58,8732708,448582,196395,19.5,0
Dec-2024,Call of Duty,South America,4104227,1986943,239,52,7882364,320320,232986,11.41,0
Dec-2024,Call of Duty,South America,4490138,1832736,274,49,10012855,331466,244336,22.8,0
Dec-2024,Call of Duty,South America,4296856,1921307,268,54,8518872,526137,300190,22.73,0
Dec-2024,Call of Duty,South America,4081067,2139484,256,49,8446756,320603,192079,13.9,3
Dec-2024,Call of Duty,South America,4329212,1788228,290,45,9098811,550685,146534,10.16,0
Dec-2024,Call of Duty,South America,4625384,1779504,247,56,8025807,419531,261125,19.16,5
Dec-2024,Call of Duty,South America,4424822,1885598,260,49,10823112,497705,230358,7.68,0
Dec-2024,Call of Duty,South America,4169419,1991961,245,56,10404594,539562,164984,10.82,5
Dec-2024,Call of Duty,South America,4065174,2037745,232,51,9798271,451729,154593,15.05,2
Dec-2024,Call of Duty,South America,4182352,2147784,251,53,9596768,295528,201301,16.87,4
Dec-2024,Call of Duty,Africa,4080359,1902116,266,55,6161006,410715,179386,7.57,3
Dec-2024,Call of Duty,Africa,4356698,1972138,241,51,9426135,391819,159849,17.98,4
Dec-2024,Call of Duty,Africa,4233802,2001323,245,51,8955962,400725,216357,15.58,5
Dec-2024,Call of Duty,Africa,4198229,2011527,277,50,6925443,506263,191187,9.69,2
Dec-2024,Call of Duty,Africa,3899004,1940512,259,54,6657927,451758,212713,13.7,2
Dec-2024,Call of Duty,Africa,4166586,1725328,285,51,9045801,453228,305433,20.77,2
Dec-2024,Call of Duty,Africa,4270266,1896956,248,49,10351426,487434,178823,19.81,5
Dec-2024,Call of Duty,Africa,3991661,1991203,244,51,8700248,374986,166750,13.33,2
Dec-2024,Call of Duty,Africa,4328144,1942057,242,46,9087675,475013,299114,16.1,3
Dec-2024,Call of Duty,Africa,4223117,1992981,260,57,8371237,262467,157090,19.63,2
Dec-2024,Call of Duty,Africa,4283269,1916768,250,50,9650969,356217,214856,23.8,0
Dec-2024,Call of Duty,Africa,4315384,2056471,261,51,7044180,537473,303233,14.15,4
Dec-2024,Call of Duty,Africa,4142419,1999766,253,52,9764643,668065,217091,14.61,5
Dec-2024,Call of Duty,Africa,3998469,1951003,256,52,7005504,487437,150711,24.31,5
Dec-2024,Call of Duty,Africa,4236133,2057194,240,48,8481861,437334,255347,21.87,5
Dec-2024,Call of Duty,Africa,4010625,1926874,242,51,8817533,426420,157179,10.77,2
Dec-2024,Call of Duty,Africa,4402356,2091707,266,52,10021161,453747,180620,10.43,5
Dec-2024,Call of Duty,Africa,4143004,1985203,255,55,9150210,240790,119136,10.12,5
Dec-2024,Call of Duty,Africa,4079545,2030770,243,54,10133138,457512,182590,23.29,1
Dec-2024,Call of Duty,Africa,4287731,2023780,267,52,8020499,505201,193714,15.66,1
Dec-2024,Call of Duty,Oceania,4325165,1969265,225,53,7182891,411051,195330,6.97,0
Dec-2024,Call of Duty,Oceania,4161229,1959569,266,50,6328469,398119,201660,11.62,0
Dec-2024,Call of Duty,Oceania,4427633,2021913,249,53,10810468,457314,314469,13.32,4
Dec-2024,Call of Duty,Oceania,4043912,1948079,261,48,7560589,457541,257164,17.4,4
Dec-2024,Call of Duty,Oceania,3942497,1989768,242,51,9325308,507643,164972,12.61,5
Dec-2024,Call of Duty,Oceania,4152905,1895152,279,48,6861567,525123,195174,20.68,5
Dec-2024,Call of Duty,Oceania,4199360,1940190,264,49,9013691,463267,290400,17.42,4
Dec-2024,Call of Duty,Oceania,4116093,2019719,252,50,9157268,406268,231940,23.4,0
Dec-2024,Call of Duty,Oceania,4062296,1924728,261,49,8155267,431300,179405,10.98,1
Dec-2024,Call of Duty,Oceania,4263654,1848600,250,51,7909140,300726,258383,24.91,5
Dec-2024,Call of Duty,Oceania,4195060,2122054,265,47,9509565,418927,192093,15.19,5
Dec-2024,Call of Duty,Oceania,3785345,1883017,257,50,5906830,265225,189020,23.44,2
Dec-2024,Call of Duty,Oceania,4083355,1900017,248,54,10002656,427218,209317,14.66,3
Dec-2024,Call of Duty,Oceania,4206299,1884558,259,56,6940865,369111,189764,17.22,5
Dec-2024,Call of Duty,Oceania,4118520,1967322,232,45,8676855,308785,219273,21.42,4
Dec-2024,Call of Duty,Oceania,4463569,1959959,259,51,6868214,548035,279162,12.16,2
Dec-2024,Call of Duty,Oceania,4028043,1924288,266,46,9329851,479964,270999,6.15,2
Dec-2024,Call of Duty,Oceania,4305071,2004041,268,55,9650875,257000,218701,7.81,5
Dec-2024,Call of Duty,Oceania,4073648,1936174,262,52,7504939,478502,175429,5.58,1
Dec-2024,Call of Duty,Oceania,3970009,1971539,243,55,9531690,322353,263791,13.94,3
